case_id,category,lecture_scope,question,reference_answer,source_hint,required_terms,false_premise,expected_behavior,version,answer,retrieved_ids,retrieved_sources,provider,model,latency_s,llm_calls,input_tokens_est,output_tokens_est,notes,correctness_score,faithfulness_score,citation_hit,false_premise_detected,refusal_correct,human_comment
B001,retrieval_concept,L2,What assumption makes KNN predictions reasonable for nearby data points?,KNN assumes nearby points in feature space tend to have similar labels or outputs.,Lecture 2 KNN,nearby;feature space;similar labels,no,answer,V0_baseline_single_call,"The assumption that makes KNN (K-Nearest Neighbors) predictions reasonable for nearby data points is the principle of ""locality"" or ""proximity"". This assumption posits that instances with similar features are likely to have similar target values, and these similar instances will be found among the nearest neighbors in feature space. The choice of k also plays a role here, as it influences how many neighbors' labels are considered when making predictions for an instance.

[COMP5541-ConceptOfKNN]",,,ollama,qwen2.5:3b,6.192343624992645,1,97,124,,1.0,0.5,0,,,auto-score; manually sanity-check before final submission
B001,retrieval_concept,L2,What assumption makes KNN predictions reasonable for nearby data points?,KNN assumes nearby points in feature space tend to have similar labels or outputs.,Lecture 2 KNN,nearby;feature space;similar labels,no,answer,V1_retrieval_only,"Assumption: Data points that are closer in the feature space are likely to have similar labels or properties.

Key Terms: KNN (K-Nearest Neighbors)

Explanation: The key assumption for KNN predictions is that data points which are close together in the feature space tend to share similar characteristics. This proximity-based similarity forms the basis of how KNN makes its predictions, as it relies on the majority label among its nearest neighbors when classifying new instances.

Evidence:
[Evidence 1]
[Evidence 2]
[Evidence 3]",46399ba258fb;45e8b4a6829b;8d1244d95258;9c15f8ecc779;52d8e9f0b0bc,"Lecture2-2026-COMP5541(1).pdf, page 29, chunk 46399ba258fb;Lecture2-2026-COMP5541(1).pdf, page 30, chunk 45e8b4a6829b;Lecture2-2026-COMP5541(1).pdf, page 82, chunk 8d1244d95258;Lecture2-2026-COMP5541(1).pdf, page 81, chunk 9c15f8ecc779;Lecture 8(2).pdf, page 37, chunk 52d8e9f0b0bc",ollama,qwen2.5:3b,3.5280377909948584,1,1075,133,,0.5,1.0,1,,,auto-score; manually sanity-check before final submission
B001,retrieval_concept,L2,What assumption makes KNN predictions reasonable for nearby data points?,KNN assumes nearby points in feature space tend to have similar labels or outputs.,Lecture 2 KNN,nearby;feature space;similar labels,no,answer,V2_router_rewrite_retrieval,"Assumption: The main assumption behind KNN is that data points that are closer in the feature space are likely to have similar labels or properties.

Key Terms: Feature Space, Similar Labels or Properties

Explanation: According to Evidence [Evidence 1] on page 29 of Lecture2-2026-COMP5541(1).pdf, it states ""What is the assumption for KNN? Data points that are closer in the feature space are likely to have similar labels or properties."" This directly addresses the main assumption required for KNN predictions to be reasonable.",46399ba258fb;8d1244d95258;9c15f8ecc779;45e8b4a6829b;52d8e9f0b0bc,"Lecture2-2026-COMP5541(1).pdf, page 29, chunk 46399ba258fb;Lecture2-2026-COMP5541(1).pdf, page 82, chunk 8d1244d95258;Lecture2-2026-COMP5541(1).pdf, page 81, chunk 9c15f8ecc779;Lecture2-2026-COMP5541(1).pdf, page 30, chunk 45e8b4a6829b;Lecture 8(2).pdf, page 37, chunk 52d8e9f0b0bc",ollama,qwen2.5:3b,4.670762082998408,2,1236,181,"route={'in_scope': 'yes', 'question_type': 'concept', 'lecture_topic': 'K-Nearest Neighbors (KNN) algorithm and its assumptions', 'search_query': 'Lecture 2 KNN What assumption makes KNN predictions reasonable for nearby data points?'}",0.5,1.0,1,,,auto-score; manually sanity-check before final submission
B001,retrieval_concept,L2,What assumption makes KNN predictions reasonable for nearby data points?,KNN assumes nearby points in feature space tend to have similar labels or outputs.,Lecture 2 KNN,nearby;feature space;similar labels,no,answer,V3_retrieval_verifier,"Assumption: Data points that are closer in the feature space are likely to have similar labels or properties.

Key Terms: KNN (K-Nearest Neighbors)

Explanation: The key assumption for KNN predictions is that data points which are close together in the feature space tend to share similar characteristics. This proximity-based similarity forms the basis of how KNN makes its predictions, as it relies on the majority label among its nearest neighbors when classifying new instances.

Evidence:
[Evidence 1]
[Evidence 2]
[Evidence 3]",46399ba258fb;45e8b4a6829b;8d1244d95258;9c15f8ecc779;52d8e9f0b0bc,"Lecture2-2026-COMP5541(1).pdf, page 29, chunk 46399ba258fb;Lecture2-2026-COMP5541(1).pdf, page 30, chunk 45e8b4a6829b;Lecture2-2026-COMP5541(1).pdf, page 82, chunk 8d1244d95258;Lecture2-2026-COMP5541(1).pdf, page 81, chunk 9c15f8ecc779;Lecture 8(2).pdf, page 37, chunk 52d8e9f0b0bc",ollama,qwen2.5:3b,6.5349242909869645,2,2423,196,draft_then_verifier_rejected_overcorrection,0.5,1.0,1,,,auto-score; manually sanity-check before final submission
B001,retrieval_concept,L2,What assumption makes KNN predictions reasonable for nearby data points?,KNN assumes nearby points in feature space tend to have similar labels or outputs.,Lecture 2 KNN,nearby;feature space;similar labels,no,answer,V4_full_router_retrieval_verifier,"Assumption: The main assumption behind KNN is that data points that are closer in the feature space are likely to have similar labels or properties.

Key Terms: Feature Space, Similar Labels or Properties

Explanation: According to Evidence [Evidence 1] on page 29 of Lecture2-2026-COMP5541(1).pdf, it states ""What is the assumption for KNN? Data points that are closer in the feature space are likely to have similar labels or properties."" This directly addresses the main assumption required for KNN predictions to be reasonable.",46399ba258fb;8d1244d95258;9c15f8ecc779;45e8b4a6829b;52d8e9f0b0bc,"Lecture2-2026-COMP5541(1).pdf, page 29, chunk 46399ba258fb;Lecture2-2026-COMP5541(1).pdf, page 82, chunk 8d1244d95258;Lecture2-2026-COMP5541(1).pdf, page 81, chunk 9c15f8ecc779;Lecture2-2026-COMP5541(1).pdf, page 30, chunk 45e8b4a6829b;Lecture 8(2).pdf, page 37, chunk 52d8e9f0b0bc",ollama,qwen2.5:3b,7.422853708005277,3,2594,234,"draft_then_verifier_rejected_overcorrection;route={""in_scope"": ""yes"", ""question_type"": ""concept"", ""lecture_topic"": ""K-Nearest Neighbors (KNN) algorithm and its assumptions"", ""search_query"": ""Lecture 2 KNN What assumption makes KNN predictions reasonable for nearby data points?""}",0.5,1.0,1,,,auto-score; manually sanity-check before final submission
B001,retrieval_concept,L2,What assumption makes KNN predictions reasonable for nearby data points?,KNN assumes nearby points in feature space tend to have similar labels or outputs.,Lecture 2 KNN,nearby;feature space;similar labels,no,answer,A1_full_without_router,"Assumption: The main assumption behind KNN is that data points that are closer in the feature space are likely to have similar labels or properties.

Key Terms: Feature Space, Similar Labels or Properties

Explanation: According to Evidence [Evidence 1] on page 29 of Lecture2-2026-COMP5541(1).pdf, it states ""What is the assumption for KNN? Data points that are closer in the feature space are likely to have similar labels or properties."" This directly addresses the main assumption required for KNN predictions to be reasonable.",46399ba258fb;8d1244d95258;9c15f8ecc779;45e8b4a6829b;52d8e9f0b0bc,"Lecture2-2026-COMP5541(1).pdf, page 29, chunk 46399ba258fb;Lecture2-2026-COMP5541(1).pdf, page 82, chunk 8d1244d95258;Lecture2-2026-COMP5541(1).pdf, page 81, chunk 9c15f8ecc779;Lecture2-2026-COMP5541(1).pdf, page 30, chunk 45e8b4a6829b;Lecture 8(2).pdf, page 37, chunk 52d8e9f0b0bc",ollama,qwen2.5:3b,6.339469540995196,2,2423,185,"draft_then_verifier_rejected_overcorrection;route={""in_scope"": ""yes"", ""question_type"": ""concept"", ""lecture_topic"": ""Lecture 2 KNN"", ""search_query"": ""Lecture 2 KNN What assumption makes KNN predictions reasonable for nearby data points?""}",0.5,1.0,1,,,auto-score; manually sanity-check before final submission
B001,retrieval_concept,L2,What assumption makes KNN predictions reasonable for nearby data points?,KNN assumes nearby points in feature space tend to have similar labels or outputs.,Lecture 2 KNN,nearby;feature space;similar labels,no,answer,A2_full_without_verifier,"Assumption: The main assumption behind KNN is that data points that are closer in the feature space are likely to have similar labels or properties.

Key Terms: Feature Space, Similar Labels or Properties

Explanation: According to Evidence [Evidence 1] on page 29 of Lecture2-2026-COMP5541(1).pdf, it states ""What is the assumption for KNN? Data points that are closer in the feature space are likely to have similar labels or properties."" This directly addresses the main assumption required for KNN predictions to be reasonable.",46399ba258fb;8d1244d95258;9c15f8ecc779;45e8b4a6829b;52d8e9f0b0bc,"Lecture2-2026-COMP5541(1).pdf, page 29, chunk 46399ba258fb;Lecture2-2026-COMP5541(1).pdf, page 82, chunk 8d1244d95258;Lecture2-2026-COMP5541(1).pdf, page 81, chunk 9c15f8ecc779;Lecture2-2026-COMP5541(1).pdf, page 30, chunk 45e8b4a6829b;Lecture 8(2).pdf, page 37, chunk 52d8e9f0b0bc",ollama,qwen2.5:3b,4.670762082998408,2,1236,181,"route={""in_scope"": ""yes"", ""question_type"": ""concept"", ""lecture_topic"": ""K-Nearest Neighbors (KNN) algorithm and its assumptions"", ""search_query"": ""Lecture 2 KNN What assumption makes KNN predictions reasonable for nearby data points?""}",0.5,1.0,1,,,auto-score; manually sanity-check before final submission
B001,retrieval_concept,L2,What assumption makes KNN predictions reasonable for nearby data points?,KNN assumes nearby points in feature space tend to have similar labels or outputs.,Lecture 2 KNN,nearby;feature space;similar labels,no,answer,A3_full_topk2,"Assumption: The main assumption behind the KNN algorithm is that data points that are closer in the feature space are likely to have similar labels or properties.

Key Course Terms:
- Feature Space
- Similar Labels

Explanation:
The lecture notes and in-class exercise clearly state that the primary assumption for the K-Nearest Neighbors (KNN) algorithm is based on the principle that nearby data points in the feature space tend to share similar characteristics. This aligns with option A from Q1 of In-class exercise 2, which states ""A Data points that are closer in the feature space are likely to have similar labels or properties."" 

This assumption underpins KNN's reliance on proximity metrics such as Euclidean distance to determine how close two data points are relative to each other. As a result, when making predictions for new instances, KNN considers only the 'K' closest training examples in terms of this metric and assigns the prediction based on the majority class among these neighbors.

Evidence:
[Evidence 1]
[Evidence 2]",46399ba258fb;8d1244d95258,"Lecture2-2026-COMP5541(1).pdf, page 29, chunk 46399ba258fb;Lecture2-2026-COMP5541(1).pdf, page 82, chunk 8d1244d95258",ollama,qwen2.5:3b,9.86249775098986,3,1674,569,"draft_then_verifier_rejected_overcorrection;route={""in_scope"": ""yes"", ""question_type"": ""concept"", ""lecture_topic"": ""K-Nearest Neighbors (KNN) algorithm and its assumptions"", ""search_query"": ""Lecture 2 KNN What assumption makes KNN predictions reasonable for nearby data points?""}",1.0,1.0,1,,,auto-score; manually sanity-check before final submission
B001,retrieval_concept,L2,What assumption makes KNN predictions reasonable for nearby data points?,KNN assumes nearby points in feature space tend to have similar labels or outputs.,Lecture 2 KNN,nearby;feature space;similar labels,no,answer,A4_full_without_calculation_guard,"Assumption: The main assumption behind KNN is that data points that are closer in the feature space are likely to have similar labels or properties.

Key Terms: Feature Space, Similar Labels or Properties

Explanation: According to Evidence [Evidence 1] on page 29 of Lecture2-2026-COMP5541(1).pdf, it states ""What is the assumption for KNN? Data points that are closer in the feature space are likely to have similar labels or properties."" This directly addresses the main assumption required for KNN predictions to be reasonable.",46399ba258fb;8d1244d95258;9c15f8ecc779;45e8b4a6829b;52d8e9f0b0bc,"Lecture2-2026-COMP5541(1).pdf, page 29, chunk 46399ba258fb;Lecture2-2026-COMP5541(1).pdf, page 82, chunk 8d1244d95258;Lecture2-2026-COMP5541(1).pdf, page 81, chunk 9c15f8ecc779;Lecture2-2026-COMP5541(1).pdf, page 30, chunk 45e8b4a6829b;Lecture 8(2).pdf, page 37, chunk 52d8e9f0b0bc",ollama,qwen2.5:3b,7.422853708005277,3,2594,234,"draft_then_verifier_rejected_overcorrection;route={""in_scope"": ""yes"", ""question_type"": ""concept"", ""lecture_topic"": ""K-Nearest Neighbors (KNN) algorithm and its assumptions"", ""search_query"": ""Lecture 2 KNN What assumption makes KNN predictions reasonable for nearby data points?""}",0.5,1.0,1,,,auto-score; manually sanity-check before final submission
B002,retrieval_concept,L2,"In linear regression, what do the learned weights represent?",The weights define a linear mapping from input features to the predicted output.,Lecture 2 linear regression,weights;linear mapping;input features;predicted output,no,answer,V0_baseline_single_call,"In linear regression, the learned weights represent the coefficients that define the relationship between the input features and the output variable. These weights are determined during the training phase of the model through optimization algorithms such as gradient descent, which aim to minimize a cost function typically based on mean squared error (MSE). Each weight corresponds to an input feature, indicating its contribution or importance in predicting the output. For instance, if you have two features \(x_1\) and \(x_2\), the learned weights would be represented as \(\beta_0 + \beta_1 x_1 + \beta_2 x_2\), where \(\beta_0\) is the intercept term and \(\beta_1, \beta_2\) are the coefficients for \(x_1\) and \(x_2\) respectively.",,,ollama,qwen2.5:3b,2.739692124989233,1,94,185,,0.5,0.5,0,,,auto-score; manually sanity-check before final submission
B002,retrieval_concept,L2,"In linear regression, what do the learned weights represent?",The weights define a linear mapping from input features to the predicted output.,Lecture 2 linear regression,weights;linear mapping;input features;predicted output,no,answer,V1_retrieval_only,"The learned weights in linear regression represent the coefficients that define the slope of the line used to model the relationship between the input features and the output variable. These weights are learned through training on a dataset, allowing the model to fit the data by adjusting these values.

Key Course Terms:
- Linear Regression

Caveat:
Linear models have linear decision boundaries and cannot learn non-linear relationships in the data.

Evidence: [Evidence 1], [Evidence 4]",4a47c4a5634c;82530212ecdd;e93efcbeb01d;1a54fdf8bbe5;c0889fa36e40,"Lecture2-2026-COMP5541(1).pdf, page 60, chunk 4a47c4a5634c;Lecture 4.pdf, page 16, chunk 82530212ecdd;Lecture2-2026-COMP5541(1).pdf, page 67, chunk e93efcbeb01d;Lecture 4.pdf, page 8, chunk 1a54fdf8bbe5;Lecture3-2026.pdf, page 33, chunk c0889fa36e40",ollama,qwen2.5:3b,2.5551867920003133,1,559,122,,0.5,1.0,1,,,auto-score; manually sanity-check before final submission
B002,retrieval_concept,L2,"In linear regression, what do the learned weights represent?",The weights define a linear mapping from input features to the predicted output.,Lecture 2 linear regression,weights;linear mapping;input features;predicted output,no,answer,V2_router_rewrite_retrieval,"The learned weights in linear regression represent the coefficients that define the slope of the line used to model the relationship between the input features and the output variable. These weights are learned through training on a dataset, allowing the model to fit the data by adjusting these values.

Key Course Terms:
- Linear Regression

Caveat:
Linear models have linear decision boundaries and cannot learn non-linear relationships in the data.

Evidence: [Evidence 1], [Evidence 4]",4a47c4a5634c;82530212ecdd;e93efcbeb01d;1a54fdf8bbe5;c0889fa36e40,"Lecture2-2026-COMP5541(1).pdf, page 60, chunk 4a47c4a5634c;Lecture 4.pdf, page 16, chunk 82530212ecdd;Lecture2-2026-COMP5541(1).pdf, page 67, chunk e93efcbeb01d;Lecture 4.pdf, page 8, chunk 1a54fdf8bbe5;Lecture3-2026.pdf, page 33, chunk c0889fa36e40",ollama,qwen2.5:3b,3.5413017079990823,2,717,172,"route={'in_scope': 'yes', 'question_type': 'concept', 'lecture_topic': 'Linear Regression and its Interpretations', 'search_query': 'Lecture 2 linear regression In linear regression, what do the learned weights represent?'}",0.5,1.0,1,,,auto-score; manually sanity-check before final submission
B002,retrieval_concept,L2,"In linear regression, what do the learned weights represent?",The weights define a linear mapping from input features to the predicted output.,Lecture 2 linear regression,weights;linear mapping;input features;predicted output,no,answer,V3_retrieval_verifier,"The learned weights in linear regression represent the coefficients that define the slope of the line used to model the relationship between the input features and the output variable. These weights are learned through training on a dataset, allowing the model to fit the data by adjusting these values.

Key Course Terms:
- Linear Regression

Caveat:
Linear models have linear decision boundaries and cannot learn non-linear relationships in the data.

Evidence: [Evidence 1], [Evidence 4]",4a47c4a5634c;82530212ecdd;e93efcbeb01d;1a54fdf8bbe5;c0889fa36e40,"Lecture2-2026-COMP5541(1).pdf, page 60, chunk 4a47c4a5634c;Lecture 4.pdf, page 16, chunk 82530212ecdd;Lecture2-2026-COMP5541(1).pdf, page 67, chunk e93efcbeb01d;Lecture 4.pdf, page 8, chunk 1a54fdf8bbe5;Lecture3-2026.pdf, page 33, chunk c0889fa36e40",ollama,qwen2.5:3b,5.140644167011487,2,1384,214,draft_then_verifier_rejected_overcorrection,0.5,1.0,1,,,auto-score; manually sanity-check before final submission
B002,retrieval_concept,L2,"In linear regression, what do the learned weights represent?",The weights define a linear mapping from input features to the predicted output.,Lecture 2 linear regression,weights;linear mapping;input features;predicted output,no,answer,V4_full_router_retrieval_verifier,"The learned weights in linear regression represent the coefficients that define the slope of the line used to model the relationship between the input features and the output variable. These weights are learned through training on a dataset, allowing the model to fit the data by adjusting these values.

Key Course Terms:
- Linear Regression

Caveat:
Linear models have linear decision boundaries and cannot learn non-linear relationships in the data.

Evidence: [Evidence 1], [Evidence 4]",4a47c4a5634c;82530212ecdd;e93efcbeb01d;1a54fdf8bbe5;c0889fa36e40,"Lecture2-2026-COMP5541(1).pdf, page 60, chunk 4a47c4a5634c;Lecture 4.pdf, page 16, chunk 82530212ecdd;Lecture2-2026-COMP5541(1).pdf, page 67, chunk e93efcbeb01d;Lecture 4.pdf, page 8, chunk 1a54fdf8bbe5;Lecture3-2026.pdf, page 33, chunk c0889fa36e40",ollama,qwen2.5:3b,6.011121374001959,3,1545,264,"draft_then_verifier_rejected_overcorrection;route={""in_scope"": ""yes"", ""question_type"": ""concept"", ""lecture_topic"": ""Linear Regression and its Interpretations"", ""search_query"": ""Lecture 2 linear regression In linear regression, what do the learned weights represent?""}",0.5,1.0,1,,,auto-score; manually sanity-check before final submission
B002,retrieval_concept,L2,"In linear regression, what do the learned weights represent?",The weights define a linear mapping from input features to the predicted output.,Lecture 2 linear regression,weights;linear mapping;input features;predicted output,no,answer,A1_full_without_router,"The learned weights in linear regression represent the coefficients that define the slope of the line used to model the relationship between the input features and the output variable. These weights are learned through training on a dataset, allowing the model to fit the data by adjusting these values.

Key Course Terms:
- Linear Regression

Caveat:
Linear models have linear decision boundaries and cannot learn non-linear relationships in the data.

Evidence: [Evidence 1], [Evidence 4]",4a47c4a5634c;82530212ecdd;e93efcbeb01d;1a54fdf8bbe5;c0889fa36e40,"Lecture2-2026-COMP5541(1).pdf, page 60, chunk 4a47c4a5634c;Lecture 4.pdf, page 16, chunk 82530212ecdd;Lecture2-2026-COMP5541(1).pdf, page 67, chunk e93efcbeb01d;Lecture 4.pdf, page 8, chunk 1a54fdf8bbe5;Lecture3-2026.pdf, page 33, chunk c0889fa36e40",ollama,qwen2.5:3b,5.061855125008151,2,1384,214,"draft_then_verifier_rejected_overcorrection;route={""in_scope"": ""yes"", ""question_type"": ""concept"", ""lecture_topic"": ""Lecture 2 linear regression"", ""search_query"": ""Lecture 2 linear regression In linear regression, what do the learned weights represent?""}",0.5,1.0,1,,,auto-score; manually sanity-check before final submission
B002,retrieval_concept,L2,"In linear regression, what do the learned weights represent?",The weights define a linear mapping from input features to the predicted output.,Lecture 2 linear regression,weights;linear mapping;input features;predicted output,no,answer,A2_full_without_verifier,"The learned weights in linear regression represent the coefficients that define the slope of the line used to model the relationship between the input features and the output variable. These weights are learned through training on a dataset, allowing the model to fit the data by adjusting these values.

Key Course Terms:
- Linear Regression

Caveat:
Linear models have linear decision boundaries and cannot learn non-linear relationships in the data.

Evidence: [Evidence 1], [Evidence 4]",4a47c4a5634c;82530212ecdd;e93efcbeb01d;1a54fdf8bbe5;c0889fa36e40,"Lecture2-2026-COMP5541(1).pdf, page 60, chunk 4a47c4a5634c;Lecture 4.pdf, page 16, chunk 82530212ecdd;Lecture2-2026-COMP5541(1).pdf, page 67, chunk e93efcbeb01d;Lecture 4.pdf, page 8, chunk 1a54fdf8bbe5;Lecture3-2026.pdf, page 33, chunk c0889fa36e40",ollama,qwen2.5:3b,3.5413017079990823,2,717,172,"route={""in_scope"": ""yes"", ""question_type"": ""concept"", ""lecture_topic"": ""Linear Regression and its Interpretations"", ""search_query"": ""Lecture 2 linear regression In linear regression, what do the learned weights represent?""}",0.5,1.0,1,,,auto-score; manually sanity-check before final submission
B002,retrieval_concept,L2,"In linear regression, what do the learned weights represent?",The weights define a linear mapping from input features to the predicted output.,Lecture 2 linear regression,weights;linear mapping;input features;predicted output,no,answer,A3_full_topk2,"Direct Answer: In linear regression, the learned weights represent the coefficients that determine the slope of the line used for prediction.

Key Terms:
- Coefficients

Explanation: The learned weights in linear regression are the coefficients (𝑤# and 𝑤"") that define the relationship between the input features and the output. These coefficients are derived through a process where the model adjusts these values to minimize the difference between predicted and actual outputs, as per the least squares method.

Evidence:
[Evidence 1]
[Evidence 2]",4a47c4a5634c;82530212ecdd,"Lecture2-2026-COMP5541(1).pdf, page 60, chunk 4a47c4a5634c;Lecture 4.pdf, page 16, chunk 82530212ecdd",ollama,qwen2.5:3b,5.335701623989735,3,1164,279,"draft_then_verifier_rejected_overcorrection;route={""in_scope"": ""yes"", ""question_type"": ""concept"", ""lecture_topic"": ""Linear Regression and its Interpretations"", ""search_query"": ""Lecture 2 linear regression In linear regression, what do the learned weights represent?""}",1.0,1.0,1,,,auto-score; manually sanity-check before final submission
B002,retrieval_concept,L2,"In linear regression, what do the learned weights represent?",The weights define a linear mapping from input features to the predicted output.,Lecture 2 linear regression,weights;linear mapping;input features;predicted output,no,answer,A4_full_without_calculation_guard,"The learned weights in linear regression represent the coefficients that define the slope of the line used to model the relationship between the input features and the output variable. These weights are learned through training on a dataset, allowing the model to fit the data by adjusting these values.

Key Course Terms:
- Linear Regression

Caveat:
Linear models have linear decision boundaries and cannot learn non-linear relationships in the data.

Evidence: [Evidence 1], [Evidence 4]",4a47c4a5634c;82530212ecdd;e93efcbeb01d;1a54fdf8bbe5;c0889fa36e40,"Lecture2-2026-COMP5541(1).pdf, page 60, chunk 4a47c4a5634c;Lecture 4.pdf, page 16, chunk 82530212ecdd;Lecture2-2026-COMP5541(1).pdf, page 67, chunk e93efcbeb01d;Lecture 4.pdf, page 8, chunk 1a54fdf8bbe5;Lecture3-2026.pdf, page 33, chunk c0889fa36e40",ollama,qwen2.5:3b,6.011121374001959,3,1545,264,"draft_then_verifier_rejected_overcorrection;route={""in_scope"": ""yes"", ""question_type"": ""concept"", ""lecture_topic"": ""Linear Regression and its Interpretations"", ""search_query"": ""Lecture 2 linear regression In linear regression, what do the learned weights represent?""}",0.5,1.0,1,,,auto-score; manually sanity-check before final submission
B003,retrieval_concept,L2,What is the role of the validation set in model development?,The validation set is used to choose models or hyperparameters without using the final test set.,Lecture 2 validation set,validation set;hyperparameters;test set,no,answer,V0_baseline_single_call,"The validation set plays a crucial role in the process of model development within COMP5541 by serving as an independent dataset used to evaluate the performance of a machine learning model during the hyperparameter tuning and final selection stages. It helps in assessing how well the model generalizes to unseen data, thereby aiding in preventing overfitting - a scenario where the model performs excellently on the training set but poorly on new, unseen data. The validation set is distinct from both the training set, which the model learns from during its training phase, and the test set, which is used for final evaluation after all hyperparameters have been optimized.",,,ollama,qwen2.5:3b,2.394257874999312,1,94,169,,1.0,0.5,0,,,auto-score; manually sanity-check before final submission
B003,retrieval_concept,L2,What is the role of the validation set in model development?,The validation set is used to choose models or hyperparameters without using the final test set.,Lecture 2 validation set,validation set;hyperparameters;test set,no,answer,V1_retrieval_only,"The role of the validation set in model development is to choose and adjust hyperparameters.

Key terms: validation set, hyperparameters

Explanation:
The provided evidence indicates that the validation set is used for selecting and tuning hyperparameters during the model development process. This is evident from Evidence 1 on page 24 which states ""The validation set is used to choose and adjust the hyperparameters."" Additionally, Evidence 3 does not directly address the role of the validation set but provides context about other tools like PyCharm IDE for Python development.

It's important to note that while the validation set serves this purpose, it should be a subset of the training data. The evidence suggests using between 50%-90% of the training data for training and the remaining for validation. For models with many hyperparameters, larger validation sets are preferred (Evidence 1).

Not enough information in the provided course materials.",a37cb6ad8f7f;2d50f93df5e7;14f48afc888d;cbb2714bf078;8d1244d95258,"Lecture2-2026-COMP5541(1).pdf, page 24, chunk a37cb6ad8f7f;Lecture2-2026-COMP5541(1).pdf, page 36, chunk 2d50f93df5e7;T3-Machine Learning Development_Q.pdf, page 7, chunk 14f48afc888d;Lecture2-2026-COMP5541(1).pdf, page 25, chunk cbb2714bf078;Lecture2-2026-COMP5541(1).pdf, page 82, chunk 8d1244d95258",ollama,qwen2.5:3b,4.9994001669983845,1,1240,240,,0.5,1.0,1,,,auto-score; manually sanity-check before final submission
B003,retrieval_concept,L2,What is the role of the validation set in model development?,The validation set is used to choose models or hyperparameters without using the final test set.,Lecture 2 validation set,validation set;hyperparameters;test set,no,answer,V2_router_rewrite_retrieval,"The role of the validation set in model development is to choose and adjust hyperparameters.

Key terms: validation set, hyperparameters

Explanation:
The provided evidence indicates that the validation set is used for selecting and tuning hyperparameters during the model development process. This is evident from Evidence 1 on page 24 which states ""The validation set is used to choose and adjust the hyperparameters."" Additionally, Evidence 3 does not directly address the role of the validation set but provides context about other tools like PyCharm IDE for Python development.

It's important to note that while the validation set serves this purpose, it should be a subset of the training data. The evidence suggests using between 50%-90% of the training data for training and the remaining for validation. For models with many hyperparameters, larger validation sets are preferred (Evidence 1).

Not enough information in the provided course materials.",a37cb6ad8f7f;2d50f93df5e7;14f48afc888d;cbb2714bf078;8d1244d95258,"Lecture2-2026-COMP5541(1).pdf, page 24, chunk a37cb6ad8f7f;Lecture2-2026-COMP5541(1).pdf, page 36, chunk 2d50f93df5e7;T3-Machine Learning Development_Q.pdf, page 7, chunk 14f48afc888d;Lecture2-2026-COMP5541(1).pdf, page 25, chunk cbb2714bf078;Lecture2-2026-COMP5541(1).pdf, page 82, chunk 8d1244d95258",ollama,qwen2.5:3b,6.159063375002006,2,1398,285,"route={'in_scope': 'yes', 'question_type': 'concept', 'lecture_topic': 'model_evaluation_and_selection', 'search_query': 'COMP5541 Lectures 2-9 What is the role of the validation set in model development?'}",0.5,1.0,1,,,auto-score; manually sanity-check before final submission
B003,retrieval_concept,L2,What is the role of the validation set in model development?,The validation set is used to choose models or hyperparameters without using the final test set.,Lecture 2 validation set,validation set;hyperparameters;test set,no,answer,V3_retrieval_verifier,"The role of the validation set in model development is to choose and adjust hyperparameters.

Key terms: validation set, hyperparameters

Explanation:
The provided evidence indicates that the validation set is used for selecting and tuning hyperparameters during the model development process. This is evident from Evidence 1 on page 24 which states ""The validation set is used to choose and adjust the hyperparameters."" Additionally, Evidence 3 does not directly address the role of the validation set but provides context about other tools like PyCharm IDE for Python development.

It's important to note that while the validation set serves this purpose, it should be a subset of the training data. The evidence suggests using between 50%-90% of the training data for training and the remaining for validation. For models with many hyperparameters, larger validation sets are preferred (Evidence 1).

Not enough information in the provided course materials.",a37cb6ad8f7f;2d50f93df5e7;14f48afc888d;cbb2714bf078;8d1244d95258,"Lecture2-2026-COMP5541(1).pdf, page 24, chunk a37cb6ad8f7f;Lecture2-2026-COMP5541(1).pdf, page 36, chunk 2d50f93df5e7;T3-Machine Learning Development_Q.pdf, page 7, chunk 14f48afc888d;Lecture2-2026-COMP5541(1).pdf, page 25, chunk cbb2714bf078;Lecture2-2026-COMP5541(1).pdf, page 82, chunk 8d1244d95258",ollama,qwen2.5:3b,9.696322332994896,2,2861,401,draft_then_verifier_rejected_overcorrection,0.5,1.0,1,,,auto-score; manually sanity-check before final submission
B003,retrieval_concept,L2,What is the role of the validation set in model development?,The validation set is used to choose models or hyperparameters without using the final test set.,Lecture 2 validation set,validation set;hyperparameters;test set,no,answer,V4_full_router_retrieval_verifier,"The role of the validation set in model development is to choose and adjust hyperparameters.

Key terms: validation set, hyperparameters

Explanation:
The provided evidence indicates that the validation set is used for selecting and tuning hyperparameters during the model development process. This is evident from Evidence 1 on page 24 which states ""The validation set is used to choose and adjust the hyperparameters."" Additionally, Evidence 3 does not directly address the role of the validation set but provides context about other tools like PyCharm IDE for Python development.

It's important to note that while the validation set serves this purpose, it should be a subset of the training data. The evidence suggests using between 50%-90% of the training data for training and the remaining for validation. For models with many hyperparameters, larger validation sets are preferred (Evidence 1).

Not enough information in the provided course materials.",a37cb6ad8f7f;2d50f93df5e7;14f48afc888d;cbb2714bf078;8d1244d95258,"Lecture2-2026-COMP5541(1).pdf, page 24, chunk a37cb6ad8f7f;Lecture2-2026-COMP5541(1).pdf, page 36, chunk 2d50f93df5e7;T3-Machine Learning Development_Q.pdf, page 7, chunk 14f48afc888d;Lecture2-2026-COMP5541(1).pdf, page 25, chunk cbb2714bf078;Lecture2-2026-COMP5541(1).pdf, page 82, chunk 8d1244d95258",ollama,qwen2.5:3b,10.732835457994952,3,3021,446,"draft_then_verifier_rejected_overcorrection;route={""in_scope"": ""yes"", ""question_type"": ""concept"", ""lecture_topic"": ""model_evaluation_and_selection"", ""search_query"": ""COMP5541 Lectures 2-9 What is the role of the validation set in model development?""}",0.5,1.0,1,,,auto-score; manually sanity-check before final submission
B003,retrieval_concept,L2,What is the role of the validation set in model development?,The validation set is used to choose models or hyperparameters without using the final test set.,Lecture 2 validation set,validation set;hyperparameters;test set,no,answer,A1_full_without_router,"The role of the validation set in model development is to choose and adjust hyperparameters.

Key terms: validation set, hyperparameters

Explanation:
The provided evidence indicates that the validation set is used for selecting and tuning hyperparameters during the model development process. This is evident from Evidence 1 on page 24 which states ""The validation set is used to choose and adjust the hyperparameters."" Additionally, Evidence 3 does not directly address the role of the validation set but provides context about other tools like PyCharm IDE for Python development.

It's important to note that while the validation set serves this purpose, it should be a subset of the training data. The evidence suggests using between 50%-90% of the training data for training and the remaining for validation. For models with many hyperparameters, larger validation sets are preferred (Evidence 1).

Not enough information in the provided course materials.",a37cb6ad8f7f;2d50f93df5e7;14f48afc888d;cbb2714bf078;8d1244d95258,"Lecture2-2026-COMP5541(1).pdf, page 24, chunk a37cb6ad8f7f;Lecture2-2026-COMP5541(1).pdf, page 36, chunk 2d50f93df5e7;T3-Machine Learning Development_Q.pdf, page 7, chunk 14f48afc888d;Lecture2-2026-COMP5541(1).pdf, page 25, chunk cbb2714bf078;Lecture2-2026-COMP5541(1).pdf, page 82, chunk 8d1244d95258",ollama,qwen2.5:3b,9.593808750010794,2,2861,401,"draft_then_verifier_rejected_overcorrection;route={""in_scope"": ""yes"", ""question_type"": ""concept"", ""lecture_topic"": ""COMP5541 Lectures 2-9"", ""search_query"": ""COMP5541 Lectures 2-9 What is the role of the validation set in model development?""}",0.5,1.0,1,,,auto-score; manually sanity-check before final submission
B003,retrieval_concept,L2,What is the role of the validation set in model development?,The validation set is used to choose models or hyperparameters without using the final test set.,Lecture 2 validation set,validation set;hyperparameters;test set,no,answer,A2_full_without_verifier,"The role of the validation set in model development is to choose and adjust hyperparameters.

Key terms: validation set, hyperparameters

Explanation:
The provided evidence indicates that the validation set is used for selecting and tuning hyperparameters during the model development process. This is evident from Evidence 1 on page 24 which states ""The validation set is used to choose and adjust the hyperparameters."" Additionally, Evidence 3 does not directly address the role of the validation set but provides context about other tools like PyCharm IDE for Python development.

It's important to note that while the validation set serves this purpose, it should be a subset of the training data. The evidence suggests using between 50%-90% of the training data for training and the remaining for validation. For models with many hyperparameters, larger validation sets are preferred (Evidence 1).

Not enough information in the provided course materials.",a37cb6ad8f7f;2d50f93df5e7;14f48afc888d;cbb2714bf078;8d1244d95258,"Lecture2-2026-COMP5541(1).pdf, page 24, chunk a37cb6ad8f7f;Lecture2-2026-COMP5541(1).pdf, page 36, chunk 2d50f93df5e7;T3-Machine Learning Development_Q.pdf, page 7, chunk 14f48afc888d;Lecture2-2026-COMP5541(1).pdf, page 25, chunk cbb2714bf078;Lecture2-2026-COMP5541(1).pdf, page 82, chunk 8d1244d95258",ollama,qwen2.5:3b,6.159063375002006,2,1398,285,"route={""in_scope"": ""yes"", ""question_type"": ""concept"", ""lecture_topic"": ""model_evaluation_and_selection"", ""search_query"": ""COMP5541 Lectures 2-9 What is the role of the validation set in model development?""}",0.5,1.0,1,,,auto-score; manually sanity-check before final submission
B003,retrieval_concept,L2,What is the role of the validation set in model development?,The validation set is used to choose models or hyperparameters without using the final test set.,Lecture 2 validation set,validation set;hyperparameters;test set,no,answer,A3_full_topk2,"The role of the validation set in model development is to choose and adjust hyperparameters.

Key Course Terms:
- Hyperparameters

Mechanism:
- The training data builds the model.
- The validation data is used for selecting and tuning hyperparameters based on performance metrics such as accuracy, loss function values, etc. 

Caveat:
- The size of the validation set depends on the number of hyperparameters; larger splits are preferred when there are many hyperparameters to estimate.

Evidence: [Evidence 1], [Evidence 2]",a37cb6ad8f7f;2d50f93df5e7,"Lecture2-2026-COMP5541(1).pdf, page 24, chunk a37cb6ad8f7f;Lecture2-2026-COMP5541(1).pdf, page 36, chunk 2d50f93df5e7",ollama,qwen2.5:3b,6.810658333008178,3,1566,308,"draft_then_verifier_rejected_overcorrection;route={""in_scope"": ""yes"", ""question_type"": ""concept"", ""lecture_topic"": ""model_evaluation_and_selection"", ""search_query"": ""COMP5541 Lectures 2-9 What is the role of the validation set in model development?""}",0.5,1.0,1,,,auto-score; manually sanity-check before final submission
B003,retrieval_concept,L2,What is the role of the validation set in model development?,The validation set is used to choose models or hyperparameters without using the final test set.,Lecture 2 validation set,validation set;hyperparameters;test set,no,answer,A4_full_without_calculation_guard,"The role of the validation set in model development is to choose and adjust hyperparameters.

Key terms: validation set, hyperparameters

Explanation:
The provided evidence indicates that the validation set is used for selecting and tuning hyperparameters during the model development process. This is evident from Evidence 1 on page 24 which states ""The validation set is used to choose and adjust the hyperparameters."" Additionally, Evidence 3 does not directly address the role of the validation set but provides context about other tools like PyCharm IDE for Python development.

It's important to note that while the validation set serves this purpose, it should be a subset of the training data. The evidence suggests using between 50%-90% of the training data for training and the remaining for validation. For models with many hyperparameters, larger validation sets are preferred (Evidence 1).

Not enough information in the provided course materials.",a37cb6ad8f7f;2d50f93df5e7;14f48afc888d;cbb2714bf078;8d1244d95258,"Lecture2-2026-COMP5541(1).pdf, page 24, chunk a37cb6ad8f7f;Lecture2-2026-COMP5541(1).pdf, page 36, chunk 2d50f93df5e7;T3-Machine Learning Development_Q.pdf, page 7, chunk 14f48afc888d;Lecture2-2026-COMP5541(1).pdf, page 25, chunk cbb2714bf078;Lecture2-2026-COMP5541(1).pdf, page 82, chunk 8d1244d95258",ollama,qwen2.5:3b,10.732835457994952,3,3021,446,"draft_then_verifier_rejected_overcorrection;route={""in_scope"": ""yes"", ""question_type"": ""concept"", ""lecture_topic"": ""model_evaluation_and_selection"", ""search_query"": ""COMP5541 Lectures 2-9 What is the role of the validation set in model development?""}",0.5,1.0,1,,,auto-score; manually sanity-check before final submission
B004,retrieval_concept,L3,What does one-hot encoding avoid when labels are unordered categories?,One-hot encoding avoids imposing an artificial ordinal relationship between unordered classes.,Lecture 3 one-hot encoding,one-hot;unordered;ordinal,no,answer,V0_baseline_single_call,"One-hot encoding avoids the issue of category ordering for unordered categorical data by converting each unique category into a binary column (one-hot). This method ensures that no implicit order is inferred between different categories, thus avoiding any potential misinterpretation or errors due to assumed ordinal relationships. For example, in a dataset where 'color' is an unordered category with values like 'red', 'blue', and 'green', one-hot encoding would create three binary columns (one for each color) rather than ordering them as red < blue < green.",,,ollama,qwen2.5:3b,1.9229592089977812,1,96,140,,1.0,0.5,0,,,auto-score; manually sanity-check before final submission
B004,retrieval_concept,L3,What does one-hot encoding avoid when labels are unordered categories?,One-hot encoding avoids imposing an artificial ordinal relationship between unordered classes.,Lecture 3 one-hot encoding,one-hot;unordered;ordinal,no,answer,V1_retrieval_only,"One-hot encoding avoids the issue of unordered categories in classification tasks by converting each unique category into a binary vector where only one element is set to 1, and all others are 0.

Key Course Terms:
- One-hot encoding

Evidence:
[Evidence 1]
[Evidence 2]",32eeef62bdbb;3ab797738b0a;d5da07e269ef;0d769f23ce83;3d1f10d7f55a,"Lecture3-2026.pdf, page 21, chunk 32eeef62bdbb;Lecture 9 .pdf, page 51, chunk 3ab797738b0a;Lecture 6(2).pdf, page 27, chunk d5da07e269ef;RNN_LSTM_Name_Classification_Tutorial (1).ipynb, page 1, chunk 0d769f23ce83;RNN_LSTM_Name_Classification_Tutorial (1).ipynb, page 1, chunk 3d1f10d7f55a",ollama,qwen2.5:3b,3.0868698330014013,1,1172,67,,0.5,1.0,1,,,auto-score; manually sanity-check before final submission
B004,retrieval_concept,L3,What does one-hot encoding avoid when labels are unordered categories?,One-hot encoding avoids imposing an artificial ordinal relationship between unordered classes.,Lecture 3 one-hot encoding,one-hot;unordered;ordinal,no,answer,V2_router_rewrite_retrieval,"One-hot encoding avoids the issue of unordered categories in classification tasks by converting each unique category into a binary vector where only one element is set to 1, and all others are 0.

Key Course Terms:
- One-hot encoding

Evidence:
[Evidence 1]
[Evidence 2]",32eeef62bdbb;3ab797738b0a;d5da07e269ef;0d769f23ce83;3d1f10d7f55a,"Lecture3-2026.pdf, page 21, chunk 32eeef62bdbb;Lecture 9 .pdf, page 51, chunk 3ab797738b0a;Lecture 6(2).pdf, page 27, chunk d5da07e269ef;RNN_LSTM_Name_Classification_Tutorial (1).ipynb, page 1, chunk 0d769f23ce83;RNN_LSTM_Name_Classification_Tutorial (1).ipynb, page 1, chunk 3d1f10d7f55a",ollama,qwen2.5:3b,4.078626125003211,2,1332,113,"route={'in_scope': 'yes', 'question_type': 'concept', 'lecture_topic': 'feature engineering and preprocessing', 'search_query': 'COMP5541 Lectures 2-9 What does one-hot encoding avoid when labels are unordered categories?'}",0.5,1.0,1,,,auto-score; manually sanity-check before final submission
B004,retrieval_concept,L3,What does one-hot encoding avoid when labels are unordered categories?,One-hot encoding avoids imposing an artificial ordinal relationship between unordered classes.,Lecture 3 one-hot encoding,one-hot;unordered;ordinal,no,answer,V3_retrieval_verifier,"One-hot encoding avoids the issue of unordered categories in classification tasks by converting each unique category into a binary vector where only one element is set to 1, and all others are 0.

Key Course Terms:
- One-hot encoding

Evidence:
[Evidence 1]
[Evidence 2]",32eeef62bdbb;3ab797738b0a;d5da07e269ef;0d769f23ce83;3d1f10d7f55a,"Lecture3-2026.pdf, page 21, chunk 32eeef62bdbb;Lecture 9 .pdf, page 51, chunk 3ab797738b0a;Lecture 6(2).pdf, page 27, chunk d5da07e269ef;RNN_LSTM_Name_Classification_Tutorial (1).ipynb, page 1, chunk 0d769f23ce83;RNN_LSTM_Name_Classification_Tutorial (1).ipynb, page 1, chunk 3d1f10d7f55a",ollama,qwen2.5:3b,6.309449583000969,2,2554,118,draft_then_verifier_rejected_overcorrection,0.5,1.0,1,,,auto-score; manually sanity-check before final submission
B004,retrieval_concept,L3,What does one-hot encoding avoid when labels are unordered categories?,One-hot encoding avoids imposing an artificial ordinal relationship between unordered classes.,Lecture 3 one-hot encoding,one-hot;unordered;ordinal,no,answer,V4_full_router_retrieval_verifier,"One-hot encoding avoids the issue of unordered categories in classification tasks by converting each unique category into a binary vector where only one element is set to 1, and all others are 0.

Key Course Terms:
- One-hot encoding

Evidence:
[Evidence 1]
[Evidence 2]",32eeef62bdbb;3ab797738b0a;d5da07e269ef;0d769f23ce83;3d1f10d7f55a,"Lecture3-2026.pdf, page 21, chunk 32eeef62bdbb;Lecture 9 .pdf, page 51, chunk 3ab797738b0a;Lecture 6(2).pdf, page 27, chunk d5da07e269ef;RNN_LSTM_Name_Classification_Tutorial (1).ipynb, page 1, chunk 0d769f23ce83;RNN_LSTM_Name_Classification_Tutorial (1).ipynb, page 1, chunk 3d1f10d7f55a",ollama,qwen2.5:3b,7.141287625010591,3,2718,165,"draft_then_verifier_rejected_overcorrection;route={""in_scope"": ""yes"", ""question_type"": ""concept"", ""lecture_topic"": ""feature engineering and preprocessing"", ""search_query"": ""COMP5541 Lectures 2-9 What does one-hot encoding avoid when labels are unordered categories?""}",0.5,1.0,1,,,auto-score; manually sanity-check before final submission
B004,retrieval_concept,L3,What does one-hot encoding avoid when labels are unordered categories?,One-hot encoding avoids imposing an artificial ordinal relationship between unordered classes.,Lecture 3 one-hot encoding,one-hot;unordered;ordinal,no,answer,A1_full_without_router,"One-hot encoding avoids the issue of unordered categories in classification tasks by converting each unique category into a binary vector where only one element is set to 1, and all others are 0.

Key Course Terms:
- One-hot encoding

Evidence:
[Evidence 1]
[Evidence 2]",32eeef62bdbb;3ab797738b0a;d5da07e269ef;0d769f23ce83;3d1f10d7f55a,"Lecture3-2026.pdf, page 21, chunk 32eeef62bdbb;Lecture 9 .pdf, page 51, chunk 3ab797738b0a;Lecture 6(2).pdf, page 27, chunk d5da07e269ef;RNN_LSTM_Name_Classification_Tutorial (1).ipynb, page 1, chunk 0d769f23ce83;RNN_LSTM_Name_Classification_Tutorial (1).ipynb, page 1, chunk 3d1f10d7f55a",ollama,qwen2.5:3b,6.223753332989872,2,2554,118,"draft_then_verifier_rejected_overcorrection;route={""in_scope"": ""yes"", ""question_type"": ""concept"", ""lecture_topic"": ""COMP5541 Lectures 2-9"", ""search_query"": ""COMP5541 Lectures 2-9 What does one-hot encoding avoid when labels are unordered categories?""}",0.5,1.0,1,,,auto-score; manually sanity-check before final submission
B004,retrieval_concept,L3,What does one-hot encoding avoid when labels are unordered categories?,One-hot encoding avoids imposing an artificial ordinal relationship between unordered classes.,Lecture 3 one-hot encoding,one-hot;unordered;ordinal,no,answer,A2_full_without_verifier,"One-hot encoding avoids the issue of unordered categories in classification tasks by converting each unique category into a binary vector where only one element is set to 1, and all others are 0.

Key Course Terms:
- One-hot encoding

Evidence:
[Evidence 1]
[Evidence 2]",32eeef62bdbb;3ab797738b0a;d5da07e269ef;0d769f23ce83;3d1f10d7f55a,"Lecture3-2026.pdf, page 21, chunk 32eeef62bdbb;Lecture 9 .pdf, page 51, chunk 3ab797738b0a;Lecture 6(2).pdf, page 27, chunk d5da07e269ef;RNN_LSTM_Name_Classification_Tutorial (1).ipynb, page 1, chunk 0d769f23ce83;RNN_LSTM_Name_Classification_Tutorial (1).ipynb, page 1, chunk 3d1f10d7f55a",ollama,qwen2.5:3b,4.078626125003211,2,1332,113,"route={""in_scope"": ""yes"", ""question_type"": ""concept"", ""lecture_topic"": ""feature engineering and preprocessing"", ""search_query"": ""COMP5541 Lectures 2-9 What does one-hot encoding avoid when labels are unordered categories?""}",0.5,1.0,1,,,auto-score; manually sanity-check before final submission
B004,retrieval_concept,L3,What does one-hot encoding avoid when labels are unordered categories?,One-hot encoding avoids imposing an artificial ordinal relationship between unordered classes.,Lecture 3 one-hot encoding,one-hot;unordered;ordinal,no,answer,A3_full_topk2,"Direct Answer: One-hot encoding avoids the issue of scalar encoding when labels are unordered categories.

Key Terms:
- Scalar encoding
- Multi-class classification

Explanation:
One-hot encoding is a technique used to convert categorical data into numerical values. In the context provided, one-hot encoding is described as converting each label into a vector with all zeros except for one position set to 1. This mechanism ensures that each category is represented uniquely and distinctly from others in an unordered multi-class classification scenario.

The premise of scalar encoding being used for unordered categories is incorrect based on the evidence. The evidence clearly states that one-hot encoding is used when labels are unordered, thus avoiding issues associated with scalar encoding such as treating all categories equally without distinguishing between them.",32eeef62bdbb;3ab797738b0a,"Lecture3-2026.pdf, page 21, chunk 32eeef62bdbb;Lecture 9 .pdf, page 51, chunk 3ab797738b0a",ollama,qwen2.5:3b,6.365560376012581,3,1370,341,"draft_then_verifier_rejected_overcorrection;route={""in_scope"": ""yes"", ""question_type"": ""concept"", ""lecture_topic"": ""feature engineering and preprocessing"", ""search_query"": ""COMP5541 Lectures 2-9 What does one-hot encoding avoid when labels are unordered categories?""}",0.5,1.0,1,,,auto-score; manually sanity-check before final submission
B004,retrieval_concept,L3,What does one-hot encoding avoid when labels are unordered categories?,One-hot encoding avoids imposing an artificial ordinal relationship between unordered classes.,Lecture 3 one-hot encoding,one-hot;unordered;ordinal,no,answer,A4_full_without_calculation_guard,"One-hot encoding avoids the issue of unordered categories in classification tasks by converting each unique category into a binary vector where only one element is set to 1, and all others are 0.

Key Course Terms:
- One-hot encoding

Evidence:
[Evidence 1]
[Evidence 2]",32eeef62bdbb;3ab797738b0a;d5da07e269ef;0d769f23ce83;3d1f10d7f55a,"Lecture3-2026.pdf, page 21, chunk 32eeef62bdbb;Lecture 9 .pdf, page 51, chunk 3ab797738b0a;Lecture 6(2).pdf, page 27, chunk d5da07e269ef;RNN_LSTM_Name_Classification_Tutorial (1).ipynb, page 1, chunk 0d769f23ce83;RNN_LSTM_Name_Classification_Tutorial (1).ipynb, page 1, chunk 3d1f10d7f55a",ollama,qwen2.5:3b,7.141287625010591,3,2718,165,"draft_then_verifier_rejected_overcorrection;route={""in_scope"": ""yes"", ""question_type"": ""concept"", ""lecture_topic"": ""feature engineering and preprocessing"", ""search_query"": ""COMP5541 Lectures 2-9 What does one-hot encoding avoid when labels are unordered categories?""}",0.5,1.0,1,,,auto-score; manually sanity-check before final submission
B005,retrieval_concept,L3,What does softmax convert raw class scores into?,Softmax converts raw scores into positive class probabilities that sum to one.,Lecture 3 softmax,raw scores;probabilities;sum to one,no,answer,V0_baseline_single_call,"softmax converts raw class scores (logits) into probabilities that sum to 1, effectively turning them into a probability distribution over the classes.",,,ollama,qwen2.5:3b,0.606611791998148,1,91,37,,0.5,0.5,0,,,auto-score; manually sanity-check before final submission
B005,retrieval_concept,L3,What does softmax convert raw class scores into?,Softmax converts raw scores into positive class probabilities that sum to one.,Lecture 3 softmax,raw scores;probabilities;sum to one,no,answer,V1_retrieval_only,"softmax converts raw class scores into probabilities.

key course terms: softmax, probability

Explanation:
The softmax function is used to convert a vector of K real numbers (raw scores) into a probability distribution consisting of K probabilities. This transformation ensures that each output value represents the likelihood of the corresponding input score belonging to one of the classes in the dataset. The formula for the softmax function provided in Evidence 5 shows how raw class scores are transformed into probabilities.

Calculation:
Given raw scores (scores=0.1373, 1.54, -1.7) from a softmax classifier:

softmax(x_i) = exp(x_i) / Σ(exp(x_j))

For x_1 = 0.1373:
P(y=k|x_1) = exp(0.1373) / (exp(0.1373) + exp(1.54) + exp(-1.7))
= 0.52

For x_2 = 1.54:
P(y=k|x_2) = exp(1.54) / (exp(0.1373) + exp(1.54) + exp(-1.7))
≈ 0.87

For x_3 = -1.7:
P(y=k|x_3) = exp(-1.7) / (exp(0.1373) + exp(1.54) + exp(-1.7))
≈ 0.00

These probabilities sum to one, as required for a probability distribution.

Evidence: [Evidence 5]",0158ce6c0b7d;2cbe5fb5b72d;1183eb715506;d5da07e269ef;2da928b4e3a9,"Lecture2-2026-COMP5541(1).pdf, page 40, chunk 0158ce6c0b7d;Lecture2-2026-COMP5541(1).pdf, page 41, chunk 2cbe5fb5b72d;T3-Machine Learning Development_Q.pdf, page 16, chunk 1183eb715506;Lecture 6(2).pdf, page 27, chunk d5da07e269ef;Lecture3-2026.pdf, page 32, chunk 2da928b4e3a9",ollama,qwen2.5:3b,7.327639209004701,1,778,255,,1.0,1.0,1,,,auto-score; manually sanity-check before final submission
B005,retrieval_concept,L3,What does softmax convert raw class scores into?,Softmax converts raw scores into positive class probabilities that sum to one.,Lecture 3 softmax,raw scores;probabilities;sum to one,no,answer,V2_router_rewrite_retrieval,"softmax converts raw class scores into probabilities that sum to one.

key terms: Softmax Classifier, Multiclass Logistic Regression, Probabilities

Explanation:
The softmax function is used in multiclass classification problems where it takes a vector of K real numbers and normalizes it into a probability distribution consisting of K probabilities p1, p2, ..., pk. The formula for the softmax function is given as:

\[ P(y = k | x) = \frac{\exp(s_k)}{\sum_{j=1}^{K}\exp(s_j)} \]

where \( s_k \) represents the raw score (or logit) of class k.

In the provided evidence, we see an example where softmax is applied to a set of logits. The probabilities generated by applying softmax are normalized such that they sum up to 1, ensuring they represent valid probability distributions over all classes.",2da928b4e3a9;caee35c7fd39;0158ce6c0b7d;2cbe5fb5b72d;e0b2c5ed7587,"Lecture3-2026.pdf, page 32, chunk 2da928b4e3a9;Lecture3-2026.pdf, page 72, chunk caee35c7fd39;Lecture2-2026-COMP5541(1).pdf, page 40, chunk 0158ce6c0b7d;Lecture2-2026-COMP5541(1).pdf, page 41, chunk 2cbe5fb5b72d;Lecture3-2026.pdf, page 25, chunk e0b2c5ed7587",ollama,qwen2.5:3b,5.631652707976173,2,982,242,"route={'in_scope': 'yes', 'question_type': 'concept', 'lecture_topic': 'Activation Functions and Softmax', 'search_query': 'Lecture 3 softmax cross entropy What does softmax convert raw class scores into?'}",1.0,1.0,1,,,auto-score; manually sanity-check before final submission
B005,retrieval_concept,L3,What does softmax convert raw class scores into?,Softmax converts raw scores into positive class probabilities that sum to one.,Lecture 3 softmax,raw scores;probabilities;sum to one,no,answer,V3_retrieval_verifier,"softmax converts raw class scores into probabilities.

key course terms: softmax, probability

Explanation:
The softmax function is used to convert a vector of K real numbers (raw scores) into a probability distribution consisting of K probabilities. This transformation ensures that each output value represents the likelihood of the corresponding input score belonging to one of the classes in the dataset. The formula for the softmax function provided in Evidence 5 shows how raw class scores are transformed into probabilities.

Calculation:
Given raw scores (scores=0.1373, 1.54, -1.7) from a softmax classifier:

softmax(x_i) = exp(x_i) / Σ(exp(x_j))

For x_1 = 0.1373:
P(y=k|x_1) = exp(0.1373) / (exp(0.1373) + exp(1.54) + exp(-1.7))
= 0.52

For x_2 = 1.54:
P(y=k|x_2) = exp(1.54) / (exp(0.1373) + exp(1.54) + exp(-1.7))
≈ 0.87

For x_3 = -1.7:
P(y=k|x_3) = exp(-1.7) / (exp(0.1373) + exp(1.54) + exp(-1.7))
≈ 0.00

These probabilities sum to one, as required for a probability distribution.

Evidence: [Evidence 5]",0158ce6c0b7d;2cbe5fb5b72d;1183eb715506;d5da07e269ef;2da928b4e3a9,"Lecture2-2026-COMP5541(1).pdf, page 40, chunk 0158ce6c0b7d;Lecture2-2026-COMP5541(1).pdf, page 41, chunk 2cbe5fb5b72d;T3-Machine Learning Development_Q.pdf, page 16, chunk 1183eb715506;Lecture 6(2).pdf, page 27, chunk d5da07e269ef;Lecture3-2026.pdf, page 32, chunk 2da928b4e3a9",ollama,qwen2.5:3b,10.245641458997852,2,1954,303,draft_then_verifier_rejected_overcorrection,1.0,1.0,1,,,auto-score; manually sanity-check before final submission
B005,retrieval_concept,L3,What does softmax convert raw class scores into?,Softmax converts raw scores into positive class probabilities that sum to one.,Lecture 3 softmax,raw scores;probabilities;sum to one,no,answer,V4_full_router_retrieval_verifier,"softmax converts raw class scores into probabilities that sum to one.

key terms: Softmax Classifier, Multiclass Logistic Regression, Probabilities

Explanation:
The softmax function is used in multiclass classification problems where it takes a vector of K real numbers and normalizes it into a probability distribution consisting of K probabilities p1, p2, ..., pk. The formula for the softmax function is given as:

\[ P(y = k | x) = \frac{\exp(s_k)}{\sum_{j=1}^{K}\exp(s_j)} \]

where \( s_k \) represents the raw score (or logit) of class k.

In the provided evidence, we see an example where softmax is applied to a set of logits. The probabilities generated by applying softmax are normalized such that they sum up to 1, ensuring they represent valid probability distributions over all classes.",2da928b4e3a9;caee35c7fd39;0158ce6c0b7d;2cbe5fb5b72d;e0b2c5ed7587,"Lecture3-2026.pdf, page 32, chunk 2da928b4e3a9;Lecture3-2026.pdf, page 72, chunk caee35c7fd39;Lecture2-2026-COMP5541(1).pdf, page 40, chunk 0158ce6c0b7d;Lecture2-2026-COMP5541(1).pdf, page 41, chunk 2cbe5fb5b72d;Lecture3-2026.pdf, page 25, chunk e0b2c5ed7587",ollama,qwen2.5:3b,8.671802123979433,3,2152,321,"draft_then_verifier_rejected_overcorrection;route={""in_scope"": ""yes"", ""question_type"": ""concept"", ""lecture_topic"": ""Activation Functions and Softmax"", ""search_query"": ""Lecture 3 softmax cross entropy What does softmax convert raw class scores into?""}",1.0,1.0,1,,,auto-score; manually sanity-check before final submission
B005,retrieval_concept,L3,What does softmax convert raw class scores into?,Softmax converts raw scores into positive class probabilities that sum to one.,Lecture 3 softmax,raw scores;probabilities;sum to one,no,answer,A1_full_without_router,"softmax converts raw class scores into probabilities that sum to one.

key terms: Softmax Classifier, Multiclass Logistic Regression, Probabilities

Explanation:
The softmax function is used in multiclass classification problems where it takes a vector of K real numbers and normalizes it into a probability distribution consisting of K probabilities p1, p2, ..., pk. The formula for the softmax function is given as:

\[ P(y = k | x) = \frac{\exp(s_k)}{\sum_{j=1}^{K}\exp(s_j)} \]

where \( s_k \) represents the raw score (or logit) of class k.

In the provided evidence, we see an example where softmax is applied to a set of logits. The probabilities generated by applying softmax are normalized such that they sum up to 1, ensuring they represent valid probability distributions over all classes.",2da928b4e3a9;caee35c7fd39;0158ce6c0b7d;2cbe5fb5b72d;e0b2c5ed7587,"Lecture3-2026.pdf, page 32, chunk 2da928b4e3a9;Lecture3-2026.pdf, page 72, chunk caee35c7fd39;Lecture2-2026-COMP5541(1).pdf, page 40, chunk 0158ce6c0b7d;Lecture2-2026-COMP5541(1).pdf, page 41, chunk 2cbe5fb5b72d;Lecture3-2026.pdf, page 25, chunk e0b2c5ed7587",ollama,qwen2.5:3b,10.147925957979169,2,1997,366,"draft_then_verifier_rejected_overcorrection;route={""in_scope"": ""yes"", ""question_type"": ""concept"", ""lecture_topic"": ""Lecture 3 softmax cross entropy"", ""search_query"": ""Lecture 3 softmax cross entropy What does softmax convert raw class scores into?""}",1.0,1.0,1,,,auto-score; manually sanity-check before final submission
B005,retrieval_concept,L3,What does softmax convert raw class scores into?,Softmax converts raw scores into positive class probabilities that sum to one.,Lecture 3 softmax,raw scores;probabilities;sum to one,no,answer,A2_full_without_verifier,"softmax converts raw class scores into probabilities that sum to one.

key terms: Softmax Classifier, Multiclass Logistic Regression, Probabilities

Explanation:
The softmax function is used in multiclass classification problems where it takes a vector of K real numbers and normalizes it into a probability distribution consisting of K probabilities p1, p2, ..., pk. The formula for the softmax function is given as:

\[ P(y = k | x) = \frac{\exp(s_k)}{\sum_{j=1}^{K}\exp(s_j)} \]

where \( s_k \) represents the raw score (or logit) of class k.

In the provided evidence, we see an example where softmax is applied to a set of logits. The probabilities generated by applying softmax are normalized such that they sum up to 1, ensuring they represent valid probability distributions over all classes.",2da928b4e3a9;caee35c7fd39;0158ce6c0b7d;2cbe5fb5b72d;e0b2c5ed7587,"Lecture3-2026.pdf, page 32, chunk 2da928b4e3a9;Lecture3-2026.pdf, page 72, chunk caee35c7fd39;Lecture2-2026-COMP5541(1).pdf, page 40, chunk 0158ce6c0b7d;Lecture2-2026-COMP5541(1).pdf, page 41, chunk 2cbe5fb5b72d;Lecture3-2026.pdf, page 25, chunk e0b2c5ed7587",ollama,qwen2.5:3b,5.631652707976173,2,982,242,"route={""in_scope"": ""yes"", ""question_type"": ""concept"", ""lecture_topic"": ""Activation Functions and Softmax"", ""search_query"": ""Lecture 3 softmax cross entropy What does softmax convert raw class scores into?""}",1.0,1.0,1,,,auto-score; manually sanity-check before final submission
B005,retrieval_concept,L3,What does softmax convert raw class scores into?,Softmax converts raw scores into positive class probabilities that sum to one.,Lecture 3 softmax,raw scores;probabilities;sum to one,no,answer,A3_full_topk2,"softmax converts raw class scores into probabilities that must sum to 1 and are all greater than or equal to 0.

Evidence: [Evidence 1], [Evidence 2]",2da928b4e3a9;caee35c7fd39,"Lecture3-2026.pdf, page 32, chunk 2da928b4e3a9;Lecture3-2026.pdf, page 72, chunk caee35c7fd39",ollama,qwen2.5:3b,4.49550554198504,3,1473,122,"draft_then_verifier_rejected_overcorrection;route={""in_scope"": ""yes"", ""question_type"": ""concept"", ""lecture_topic"": ""Activation Functions and Softmax"", ""search_query"": ""Lecture 3 softmax cross entropy What does softmax convert raw class scores into?""}",0.5,1.0,1,,,auto-score; manually sanity-check before final submission
B005,retrieval_concept,L3,What does softmax convert raw class scores into?,Softmax converts raw scores into positive class probabilities that sum to one.,Lecture 3 softmax,raw scores;probabilities;sum to one,no,answer,A4_full_without_calculation_guard,"softmax converts raw class scores into probabilities that sum to one.

key terms: Softmax Classifier, Multiclass Logistic Regression, Probabilities

Explanation:
The softmax function is used in multiclass classification problems where it takes a vector of K real numbers and normalizes it into a probability distribution consisting of K probabilities p1, p2, ..., pk. The formula for the softmax function is given as:

\[ P(y = k | x) = \frac{\exp(s_k)}{\sum_{j=1}^{K}\exp(s_j)} \]

where \( s_k \) represents the raw score (or logit) of class k.

In the provided evidence, we see an example where softmax is applied to a set of logits. The probabilities generated by applying softmax are normalized such that they sum up to 1, ensuring they represent valid probability distributions over all classes.",2da928b4e3a9;caee35c7fd39;0158ce6c0b7d;2cbe5fb5b72d;e0b2c5ed7587,"Lecture3-2026.pdf, page 32, chunk 2da928b4e3a9;Lecture3-2026.pdf, page 72, chunk caee35c7fd39;Lecture2-2026-COMP5541(1).pdf, page 40, chunk 0158ce6c0b7d;Lecture2-2026-COMP5541(1).pdf, page 41, chunk 2cbe5fb5b72d;Lecture3-2026.pdf, page 25, chunk e0b2c5ed7587",ollama,qwen2.5:3b,8.671802123979433,3,2152,321,"draft_then_verifier_rejected_overcorrection;route={""in_scope"": ""yes"", ""question_type"": ""concept"", ""lecture_topic"": ""Activation Functions and Softmax"", ""search_query"": ""Lecture 3 softmax cross entropy What does softmax convert raw class scores into?""}",1.0,1.0,1,,,auto-score; manually sanity-check before final submission
B006,retrieval_concept,L3,What is the purpose of cross entropy in a classifier?,Cross entropy is a loss that compares predicted class probabilities with the target class distribution.,Lecture 3 cross entropy,loss;predicted probabilities;target distribution,no,answer,V0_baseline_single_call,"Cross entropy is used to measure the performance of a classification model by quantifying the difference between predicted probability distributions and actual (true) label distributions. In the context of machine learning, particularly for classifiers that output probabilities, it serves as a loss function to optimize the model's parameters towards minimizing this discrepancy. This helps in training models to better predict class labels with respect to their true values.

[COMP5541: Lecture 6]",,,ollama,qwen2.5:3b,1.6072051670053042,1,92,124,,0.5,0.5,0,,,auto-score; manually sanity-check before final submission
B006,retrieval_concept,L3,What is the purpose of cross entropy in a classifier?,Cross entropy is a loss that compares predicted class probabilities with the target class distribution.,Lecture 3 cross entropy,loss;predicted probabilities;target distribution,no,answer,V1_retrieval_only,"The purpose of cross entropy in a classifier is to minimize the difference between the estimated class probabilities and the ""true"" distribution. This minimization process helps in training models, particularly softmax classifiers for multiclass classification problems.

Key Course Terms:
- Softmax Classifier (Multiclass Logistic Regression)
- Cross-entropy Loss

Formula:
\[ L = - \sum_{t=1}^{N} [t * ln(y_t) + (1-t) * ln(1-y_t)] \]

Caveat:
The cross-entropy loss is used to compare the estimated probabilities with a true distribution, ensuring that the model's predictions are as close as possible to the actual outcomes.

Evidence: 1, 2da928b4e3a9",2da928b4e3a9;e0b2c5ed7587;caee35c7fd39;13ca2923aa6d;1628edba89e4,"Lecture3-2026.pdf, page 32, chunk 2da928b4e3a9;Lecture3-2026.pdf, page 25, chunk e0b2c5ed7587;Lecture3-2026.pdf, page 72, chunk caee35c7fd39;Lecture3-2026.pdf, page 24, chunk 13ca2923aa6d;Lecture2-2026-COMP5541(1).pdf, page 26, chunk 1628edba89e4",ollama,qwen2.5:3b,4.373836582992226,1,918,163,,0.0,1.0,1,,,auto-score; manually sanity-check before final submission
B006,retrieval_concept,L3,What is the purpose of cross entropy in a classifier?,Cross entropy is a loss that compares predicted class probabilities with the target class distribution.,Lecture 3 cross entropy,loss;predicted probabilities;target distribution,no,answer,V2_router_rewrite_retrieval,"The purpose of cross entropy in a classifier is to minimize the difference between the estimated class probabilities and the ""true"" distribution. This minimization process helps in training models, particularly softmax classifiers for multiclass classification problems.

Key Course Terms:
- Softmax Classifier (Multiclass Logistic Regression)
- Cross-entropy Loss

Formula:
\[ L = - \sum_{t=1}^{N} [t * ln(y_t) + (1-t) * ln(1-y_t)] \]

Caveat:
The cross-entropy loss is used to compare the estimated probabilities with a true distribution, ensuring that the model's predictions are as close as possible to the actual outcomes.

Evidence: 2da928b4e3a9, e0b2c5ed7587, caee35c7fd39",2da928b4e3a9;e0b2c5ed7587;caee35c7fd39;13ca2923aa6d;1628edba89e4,"Lecture3-2026.pdf, page 32, chunk 2da928b4e3a9;Lecture3-2026.pdf, page 25, chunk e0b2c5ed7587;Lecture3-2026.pdf, page 72, chunk caee35c7fd39;Lecture3-2026.pdf, page 24, chunk 13ca2923aa6d;Lecture2-2026-COMP5541(1).pdf, page 26, chunk 1628edba89e4",ollama,qwen2.5:3b,5.634719751004013,2,1074,218,"route={'in_scope': 'yes', 'question_type': 'concept', 'lecture_topic': 'Machine Learning Fundamentals and Loss Functions', 'search_query': 'COMP5541 Lectures 2-9 What is the purpose of cross entropy in a classifier?'}",0.0,1.0,1,,,auto-score; manually sanity-check before final submission
B006,retrieval_concept,L3,What is the purpose of cross entropy in a classifier?,Cross entropy is a loss that compares predicted class probabilities with the target class distribution.,Lecture 3 cross entropy,loss;predicted probabilities;target distribution,no,answer,V3_retrieval_verifier,"The purpose of cross entropy in a classifier is to minimize the difference between the estimated class probabilities and the ""true"" distribution. This minimization process helps in training models, particularly softmax classifiers for multiclass classification problems.

Key Course Terms:
- Softmax Classifier (Multiclass Logistic Regression)
- Cross-entropy Loss

Formula:
\[ L = - \sum_{t=1}^{N} [t * ln(y_t) + (1-t) * ln(1-y_t)] \]

Caveat:
The cross-entropy loss is used to compare the estimated probabilities with a true distribution, ensuring that the model's predictions are as close as possible to the actual outcomes.

Evidence: 1, 2da928b4e3a9",2da928b4e3a9;e0b2c5ed7587;caee35c7fd39;13ca2923aa6d;1628edba89e4,"Lecture3-2026.pdf, page 32, chunk 2da928b4e3a9;Lecture3-2026.pdf, page 25, chunk e0b2c5ed7587;Lecture3-2026.pdf, page 72, chunk caee35c7fd39;Lecture3-2026.pdf, page 24, chunk 13ca2923aa6d;Lecture2-2026-COMP5541(1).pdf, page 26, chunk 1628edba89e4",ollama,qwen2.5:3b,8.881502832999104,2,2138,304,draft_then_verifier_rejected_overcorrection,0.0,1.0,1,,,auto-score; manually sanity-check before final submission
B006,retrieval_concept,L3,What is the purpose of cross entropy in a classifier?,Cross entropy is a loss that compares predicted class probabilities with the target class distribution.,Lecture 3 cross entropy,loss;predicted probabilities;target distribution,no,answer,V4_full_router_retrieval_verifier,"The purpose of cross entropy in a classifier is to minimize the difference between the estimated class probabilities and the ""true"" distribution. This minimization process helps in training models, particularly softmax classifiers for multiclass classification problems.

Key Course Terms:
- Softmax Classifier (Multiclass Logistic Regression)
- Cross-entropy Loss

Formula:
\[ L = - \sum_{t=1}^{N} [t * ln(y_t) + (1-t) * ln(1-y_t)] \]

Caveat:
The cross-entropy loss is used to compare the estimated probabilities with a true distribution, ensuring that the model's predictions are as close as possible to the actual outcomes.

Evidence: 2da928b4e3a9, e0b2c5ed7587, caee35c7fd39",2da928b4e3a9;e0b2c5ed7587;caee35c7fd39;13ca2923aa6d;1628edba89e4,"Lecture3-2026.pdf, page 32, chunk 2da928b4e3a9;Lecture3-2026.pdf, page 25, chunk e0b2c5ed7587;Lecture3-2026.pdf, page 72, chunk caee35c7fd39;Lecture3-2026.pdf, page 24, chunk 13ca2923aa6d;Lecture2-2026-COMP5541(1).pdf, page 26, chunk 1628edba89e4",ollama,qwen2.5:3b,9.17165312600264,3,2307,284,"draft_then_verifier_rejected_overcorrection;route={""in_scope"": ""yes"", ""question_type"": ""concept"", ""lecture_topic"": ""Machine Learning Fundamentals and Loss Functions"", ""search_query"": ""COMP5541 Lectures 2-9 What is the purpose of cross entropy in a classifier?""}",0.0,1.0,1,,,auto-score; manually sanity-check before final submission
B006,retrieval_concept,L3,What is the purpose of cross entropy in a classifier?,Cross entropy is a loss that compares predicted class probabilities with the target class distribution.,Lecture 3 cross entropy,loss;predicted probabilities;target distribution,no,answer,A1_full_without_router,"The purpose of cross entropy in a classifier is to minimize the difference between the estimated class probabilities and the ""true"" distribution. This minimization process helps in training models, particularly softmax classifiers for multiclass classification problems.

Key Course Terms:
- Softmax Classifier (Multiclass Logistic Regression)
- Cross-entropy Loss

Formula:
\[ L = - \sum_{t=1}^{N} [t * ln(y_t) + (1-t) * ln(1-y_t)] \]

Caveat:
The cross-entropy loss is used to compare the estimated probabilities with a true distribution, ensuring that the model's predictions are as close as possible to the actual outcomes.

Evidence: 2da928b4e3a9, e0b2c5ed7587, caee35c7fd39",2da928b4e3a9;e0b2c5ed7587;caee35c7fd39;13ca2923aa6d;1628edba89e4,"Lecture3-2026.pdf, page 32, chunk 2da928b4e3a9;Lecture3-2026.pdf, page 25, chunk e0b2c5ed7587;Lecture3-2026.pdf, page 72, chunk caee35c7fd39;Lecture3-2026.pdf, page 24, chunk 13ca2923aa6d;Lecture2-2026-COMP5541(1).pdf, page 26, chunk 1628edba89e4",ollama,qwen2.5:3b,8.434117376003996,2,2144,235,"draft_then_verifier_rejected_overcorrection;route={""in_scope"": ""yes"", ""question_type"": ""concept"", ""lecture_topic"": ""COMP5541 Lectures 2-9"", ""search_query"": ""COMP5541 Lectures 2-9 What is the purpose of cross entropy in a classifier?""}",0.0,1.0,1,,,auto-score; manually sanity-check before final submission
B006,retrieval_concept,L3,What is the purpose of cross entropy in a classifier?,Cross entropy is a loss that compares predicted class probabilities with the target class distribution.,Lecture 3 cross entropy,loss;predicted probabilities;target distribution,no,answer,A2_full_without_verifier,"The purpose of cross entropy in a classifier is to minimize the difference between the estimated class probabilities and the ""true"" distribution. This minimization process helps in training models, particularly softmax classifiers for multiclass classification problems.

Key Course Terms:
- Softmax Classifier (Multiclass Logistic Regression)
- Cross-entropy Loss

Formula:
\[ L = - \sum_{t=1}^{N} [t * ln(y_t) + (1-t) * ln(1-y_t)] \]

Caveat:
The cross-entropy loss is used to compare the estimated probabilities with a true distribution, ensuring that the model's predictions are as close as possible to the actual outcomes.

Evidence: 2da928b4e3a9, e0b2c5ed7587, caee35c7fd39",2da928b4e3a9;e0b2c5ed7587;caee35c7fd39;13ca2923aa6d;1628edba89e4,"Lecture3-2026.pdf, page 32, chunk 2da928b4e3a9;Lecture3-2026.pdf, page 25, chunk e0b2c5ed7587;Lecture3-2026.pdf, page 72, chunk caee35c7fd39;Lecture3-2026.pdf, page 24, chunk 13ca2923aa6d;Lecture2-2026-COMP5541(1).pdf, page 26, chunk 1628edba89e4",ollama,qwen2.5:3b,5.634719751004013,2,1074,218,"route={""in_scope"": ""yes"", ""question_type"": ""concept"", ""lecture_topic"": ""Machine Learning Fundamentals and Loss Functions"", ""search_query"": ""COMP5541 Lectures 2-9 What is the purpose of cross entropy in a classifier?""}",0.0,1.0,1,,,auto-score; manually sanity-check before final submission
B006,retrieval_concept,L3,What is the purpose of cross entropy in a classifier?,Cross entropy is a loss that compares predicted class probabilities with the target class distribution.,Lecture 3 cross entropy,loss;predicted probabilities;target distribution,no,answer,A3_full_topk2,"The purpose of cross entropy in a classifier is to minimize the difference between the estimated class probabilities and the ""true"" distribution.

Key Course Terms:
- Softmax Classifier (Multiclass Logistic Regression)
- Cross-Entropy Loss

Explanation:
Cross-entropy loss is used in the context of the softmax function, which outputs probability distributions for each class. The cross-entropy loss measures how well these predicted probabilities match the actual ground truth labels. In the provided evidence, it states that ""Softmax classifier minimizes the cross-entropy between the estimated class probabilities and the “true” distribution.""

Formula:
For a binary classification problem as shown in Evidence 2, the cross-entropy loss is calculated using the formula:
\[ L = \sum_{i=1}^{N} [ -t_i \ln(y_n) - (1 - t_i) \ln(1 - y_n)] \]
Where \( N \) is the number of samples, \( t_i \) is the true label (0 or 1), and \( y_n \) is the predicted probability for class 1.

Evidence: [Evidence 1, Evidence 2]",2da928b4e3a9;e0b2c5ed7587,"Lecture3-2026.pdf, page 32, chunk 2da928b4e3a9;Lecture3-2026.pdf, page 25, chunk e0b2c5ed7587",ollama,qwen2.5:3b,20.42603075101215,3,1520,595,"draft_then_verifier_rejected_overcorrection;route={""in_scope"": ""yes"", ""question_type"": ""concept"", ""lecture_topic"": ""Machine Learning Fundamentals and Loss Functions"", ""search_query"": ""COMP5541 Lectures 2-9 What is the purpose of cross entropy in a classifier?""}",0.5,1.0,1,,,auto-score; manually sanity-check before final submission
B006,retrieval_concept,L3,What is the purpose of cross entropy in a classifier?,Cross entropy is a loss that compares predicted class probabilities with the target class distribution.,Lecture 3 cross entropy,loss;predicted probabilities;target distribution,no,answer,A4_full_without_calculation_guard,"The purpose of cross entropy in a classifier is to minimize the difference between the estimated class probabilities and the ""true"" distribution. This minimization process helps in training models, particularly softmax classifiers for multiclass classification problems.

Key Course Terms:
- Softmax Classifier (Multiclass Logistic Regression)
- Cross-entropy Loss

Formula:
\[ L = - \sum_{t=1}^{N} [t * ln(y_t) + (1-t) * ln(1-y_t)] \]

Caveat:
The cross-entropy loss is used to compare the estimated probabilities with a true distribution, ensuring that the model's predictions are as close as possible to the actual outcomes.

Evidence: 2da928b4e3a9, e0b2c5ed7587, caee35c7fd39",2da928b4e3a9;e0b2c5ed7587;caee35c7fd39;13ca2923aa6d;1628edba89e4,"Lecture3-2026.pdf, page 32, chunk 2da928b4e3a9;Lecture3-2026.pdf, page 25, chunk e0b2c5ed7587;Lecture3-2026.pdf, page 72, chunk caee35c7fd39;Lecture3-2026.pdf, page 24, chunk 13ca2923aa6d;Lecture2-2026-COMP5541(1).pdf, page 26, chunk 1628edba89e4",ollama,qwen2.5:3b,9.17165312600264,3,2307,284,"draft_then_verifier_rejected_overcorrection;route={""in_scope"": ""yes"", ""question_type"": ""concept"", ""lecture_topic"": ""Machine Learning Fundamentals and Loss Functions"", ""search_query"": ""COMP5541 Lectures 2-9 What is the purpose of cross entropy in a classifier?""}",0.0,1.0,1,,,auto-score; manually sanity-check before final submission
B007,retrieval_concept,L4,Why do neural networks need nonlinear activation functions?,"Without nonlinear activations, stacked linear layers collapse into a single linear transformation.",Lecture 4 activation functions,nonlinear;stacked linear;single linear transformation,no,answer,V0_baseline_single_call,"Neural networks require nonlinear activation functions because they enable the model to learn and represent complex, non-linear relationships within the data, which is essential for capturing intricate patterns that linear models cannot. This capability is crucial for improving the predictive performance of neural networks on a wide range of problems.

[COMP5541-ConceptOfNonlinearActivationFunctions]",,,ollama,qwen2.5:3b,1.1983257499996398,1,94,100,,0.0,0.5,0,,,auto-score; manually sanity-check before final submission
B007,retrieval_concept,L4,Why do neural networks need nonlinear activation functions?,"Without nonlinear activations, stacked linear layers collapse into a single linear transformation.",Lecture 4 activation functions,nonlinear;stacked linear;single linear transformation,no,answer,V1_retrieval_only,"Direct Answer: Neural networks need nonlinear activation functions because they allow the network to learn complex patterns and representations from input data that are not linearly separable.

Key Course Terms:
Artificial neural networks (ANNs), parallel distributed processors, neurons

Caveat:
The use of nonlinear activation functions is crucial for ANNs to approximate any continuous function, which is essential for learning non-linear relationships in the data. This property enables the network to model complex and intricate patterns that are not linearly separable.

Evidence: [Evidence 1], [Evidence 5]",0de2f047389f;443a442ac76e;9a9f33f90bde;07d6018e9982;2018f213759c,"Lecture 4.pdf, page 19, chunk 0de2f047389f;Lecture 5.pdf, page 12, chunk 443a442ac76e;Lecture 4.pdf, page 11, chunk 9a9f33f90bde;Lecture 4.pdf, page 40, chunk 07d6018e9982;Lecture 4.pdf, page 41, chunk 2018f213759c",ollama,qwen2.5:3b,2.809906457994657,1,600,153,,0.0,1.0,1,,,auto-score; manually sanity-check before final submission
B007,retrieval_concept,L4,Why do neural networks need nonlinear activation functions?,"Without nonlinear activations, stacked linear layers collapse into a single linear transformation.",Lecture 4 activation functions,nonlinear;stacked linear;single linear transformation,no,answer,V2_router_rewrite_retrieval,"Direct Answer: Neural networks need nonlinear activation functions because they allow the network to learn complex patterns and representations from input data that are not linearly separable.

Key Course Terms:
Artificial neural networks (ANNs), parallel distributed processors, neurons

Caveat:
The use of nonlinear activation functions is crucial for ANNs to approximate any continuous function, which is essential for learning non-linear relationships in the data. This property enables the network to model complex and intricate patterns that are not linearly separable.

Evidence: [Evidence 1], [Evidence 5]",0de2f047389f;443a442ac76e;9a9f33f90bde;07d6018e9982;2018f213759c,"Lecture 4.pdf, page 19, chunk 0de2f047389f;Lecture 5.pdf, page 12, chunk 443a442ac76e;Lecture 4.pdf, page 11, chunk 9a9f33f90bde;Lecture 4.pdf, page 40, chunk 07d6018e9982;Lecture 4.pdf, page 41, chunk 2018f213759c",ollama,qwen2.5:3b,3.520549624998239,2,758,201,"route={'in_scope': 'yes', 'question_type': 'concept', 'lecture_topic': 'Activation_Functions_and_Neural_Networks', 'search_query': 'COMP5541 Lectures 2-9 Why do neural networks need nonlinear activation functions?'}",0.0,1.0,1,,,auto-score; manually sanity-check before final submission
B007,retrieval_concept,L4,Why do neural networks need nonlinear activation functions?,"Without nonlinear activations, stacked linear layers collapse into a single linear transformation.",Lecture 4 activation functions,nonlinear;stacked linear;single linear transformation,no,answer,V3_retrieval_verifier,"Direct Answer: Neural networks need nonlinear activation functions because they allow the network to learn complex patterns and representations from input data that are not linearly separable.

Key Course Terms:
Artificial neural networks (ANNs), parallel distributed processors, neurons

Caveat:
The use of nonlinear activation functions is crucial for ANNs to approximate any continuous function, which is essential for learning non-linear relationships in the data. This property enables the network to model complex and intricate patterns that are not linearly separable.

Evidence: [Evidence 1], [Evidence 5]",0de2f047389f;443a442ac76e;9a9f33f90bde;07d6018e9982;2018f213759c,"Lecture 4.pdf, page 19, chunk 0de2f047389f;Lecture 5.pdf, page 12, chunk 443a442ac76e;Lecture 4.pdf, page 11, chunk 9a9f33f90bde;Lecture 4.pdf, page 40, chunk 07d6018e9982;Lecture 4.pdf, page 41, chunk 2018f213759c",ollama,qwen2.5:3b,5.213922207993164,2,1494,237,draft_then_verifier_rejected_overcorrection,0.0,1.0,1,,,auto-score; manually sanity-check before final submission
B007,retrieval_concept,L4,Why do neural networks need nonlinear activation functions?,"Without nonlinear activations, stacked linear layers collapse into a single linear transformation.",Lecture 4 activation functions,nonlinear;stacked linear;single linear transformation,no,answer,V4_full_router_retrieval_verifier,"Direct Answer: Neural networks need nonlinear activation functions because they allow the network to learn complex patterns and representations from input data that are not linearly separable.

Key Course Terms:
Artificial neural networks (ANNs), parallel distributed processors, neurons

Caveat:
The use of nonlinear activation functions is crucial for ANNs to approximate any continuous function, which is essential for learning non-linear relationships in the data. This property enables the network to model complex and intricate patterns that are not linearly separable.

Evidence: [Evidence 1], [Evidence 5]",0de2f047389f;443a442ac76e;9a9f33f90bde;07d6018e9982;2018f213759c,"Lecture 4.pdf, page 19, chunk 0de2f047389f;Lecture 5.pdf, page 12, chunk 443a442ac76e;Lecture 4.pdf, page 11, chunk 9a9f33f90bde;Lecture 4.pdf, page 40, chunk 07d6018e9982;Lecture 4.pdf, page 41, chunk 2018f213759c",ollama,qwen2.5:3b,5.882489499992516,3,1656,285,"draft_then_verifier_rejected_overcorrection;route={""in_scope"": ""yes"", ""question_type"": ""concept"", ""lecture_topic"": ""Activation_Functions_and_Neural_Networks"", ""search_query"": ""COMP5541 Lectures 2-9 Why do neural networks need nonlinear activation functions?""}",0.0,1.0,1,,,auto-score; manually sanity-check before final submission
B007,retrieval_concept,L4,Why do neural networks need nonlinear activation functions?,"Without nonlinear activations, stacked linear layers collapse into a single linear transformation.",Lecture 4 activation functions,nonlinear;stacked linear;single linear transformation,no,answer,A1_full_without_router,"Direct Answer: Neural networks need nonlinear activation functions because they allow the network to learn complex patterns and representations from input data that are not linearly separable.

Key Course Terms:
Artificial neural networks (ANNs), parallel distributed processors, neurons

Caveat:
The use of nonlinear activation functions is crucial for ANNs to approximate any continuous function, which is essential for learning non-linear relationships in the data. This property enables the network to model complex and intricate patterns that are not linearly separable.

Evidence: [Evidence 1], [Evidence 5]",0de2f047389f;443a442ac76e;9a9f33f90bde;07d6018e9982;2018f213759c,"Lecture 4.pdf, page 19, chunk 0de2f047389f;Lecture 5.pdf, page 12, chunk 443a442ac76e;Lecture 4.pdf, page 11, chunk 9a9f33f90bde;Lecture 4.pdf, page 40, chunk 07d6018e9982;Lecture 4.pdf, page 41, chunk 2018f213759c",ollama,qwen2.5:3b,4.930387792002875,2,1494,237,"draft_then_verifier_rejected_overcorrection;route={""in_scope"": ""yes"", ""question_type"": ""comparison"", ""lecture_topic"": ""COMP5541 Lectures 2-9"", ""search_query"": ""COMP5541 Lectures 2-9 Why do neural networks need nonlinear activation functions?""}",0.0,1.0,1,,,auto-score; manually sanity-check before final submission
B007,retrieval_concept,L4,Why do neural networks need nonlinear activation functions?,"Without nonlinear activations, stacked linear layers collapse into a single linear transformation.",Lecture 4 activation functions,nonlinear;stacked linear;single linear transformation,no,answer,A2_full_without_verifier,"Direct Answer: Neural networks need nonlinear activation functions because they allow the network to learn complex patterns and representations from input data that are not linearly separable.

Key Course Terms:
Artificial neural networks (ANNs), parallel distributed processors, neurons

Caveat:
The use of nonlinear activation functions is crucial for ANNs to approximate any continuous function, which is essential for learning non-linear relationships in the data. This property enables the network to model complex and intricate patterns that are not linearly separable.

Evidence: [Evidence 1], [Evidence 5]",0de2f047389f;443a442ac76e;9a9f33f90bde;07d6018e9982;2018f213759c,"Lecture 4.pdf, page 19, chunk 0de2f047389f;Lecture 5.pdf, page 12, chunk 443a442ac76e;Lecture 4.pdf, page 11, chunk 9a9f33f90bde;Lecture 4.pdf, page 40, chunk 07d6018e9982;Lecture 4.pdf, page 41, chunk 2018f213759c",ollama,qwen2.5:3b,3.520549624998239,2,758,201,"route={""in_scope"": ""yes"", ""question_type"": ""concept"", ""lecture_topic"": ""Activation_Functions_and_Neural_Networks"", ""search_query"": ""COMP5541 Lectures 2-9 Why do neural networks need nonlinear activation functions?""}",0.0,1.0,1,,,auto-score; manually sanity-check before final submission
B007,retrieval_concept,L4,Why do neural networks need nonlinear activation functions?,"Without nonlinear activations, stacked linear layers collapse into a single linear transformation.",Lecture 4 activation functions,nonlinear;stacked linear;single linear transformation,no,answer,A3_full_topk2,"Direct Answer: Neural networks require nonlinear activation functions to introduce nonlinearity into the model, allowing it to learn and represent complex patterns in data that linear models cannot.

Key Terms:
Activation Functions

Mechanism/Cause:
Nonlinear activation functions enable neural networks to approximate any continuous function, which is crucial for capturing intricate relationships within input-output mappings. Without such functions, neural networks would be limited to only representing linearly separable functions, severely restricting their ability to model complex data distributions and patterns.

Evidence: [Evidence 1], [Evidence 2]",0de2f047389f;443a442ac76e,"Lecture 4.pdf, page 19, chunk 0de2f047389f;Lecture 5.pdf, page 12, chunk 443a442ac76e",ollama,qwen2.5:3b,5.934880417000386,3,1114,379,"draft_then_verifier_rejected_overcorrection;route={""in_scope"": ""yes"", ""question_type"": ""concept"", ""lecture_topic"": ""Activation_Functions_and_Neural_Networks"", ""search_query"": ""COMP5541 Lectures 2-9 Why do neural networks need nonlinear activation functions?""}",0.0,1.0,1,,,auto-score; manually sanity-check before final submission
B007,retrieval_concept,L4,Why do neural networks need nonlinear activation functions?,"Without nonlinear activations, stacked linear layers collapse into a single linear transformation.",Lecture 4 activation functions,nonlinear;stacked linear;single linear transformation,no,answer,A4_full_without_calculation_guard,"Direct Answer: Neural networks need nonlinear activation functions because they allow the network to learn complex patterns and representations from input data that are not linearly separable.

Key Course Terms:
Artificial neural networks (ANNs), parallel distributed processors, neurons

Caveat:
The use of nonlinear activation functions is crucial for ANNs to approximate any continuous function, which is essential for learning non-linear relationships in the data. This property enables the network to model complex and intricate patterns that are not linearly separable.

Evidence: [Evidence 1], [Evidence 5]",0de2f047389f;443a442ac76e;9a9f33f90bde;07d6018e9982;2018f213759c,"Lecture 4.pdf, page 19, chunk 0de2f047389f;Lecture 5.pdf, page 12, chunk 443a442ac76e;Lecture 4.pdf, page 11, chunk 9a9f33f90bde;Lecture 4.pdf, page 40, chunk 07d6018e9982;Lecture 4.pdf, page 41, chunk 2018f213759c",ollama,qwen2.5:3b,5.882489499992516,3,1656,285,"draft_then_verifier_rejected_overcorrection;route={""in_scope"": ""yes"", ""question_type"": ""concept"", ""lecture_topic"": ""Activation_Functions_and_Neural_Networks"", ""search_query"": ""COMP5541 Lectures 2-9 Why do neural networks need nonlinear activation functions?""}",0.0,1.0,1,,,auto-score; manually sanity-check before final submission
B008,retrieval_concept,L4,"In backpropagation, what does the chain rule allow us to compute?",The chain rule allows gradients of the loss with respect to intermediate variables and parameters to be computed layer by layer.,Lecture 4 backpropagation,chain rule;gradients;loss;parameters,no,answer,V0_baseline_single_call,The chain rule allows us to compute the partial derivatives required for gradient computation in each layer during backpropagation. This is essential for updating the weights of a neural network towards minimizing the loss function. (COMP5541: 2.3),,,ollama,qwen2.5:3b,1.6682493340049405,1,95,62,,0.5,0.5,0,,,auto-score; manually sanity-check before final submission
B008,retrieval_concept,L4,"In backpropagation, what does the chain rule allow us to compute?",The chain rule allows gradients of the loss with respect to intermediate variables and parameters to be computed layer by layer.,Lecture 4 backpropagation,chain rule;gradients;loss;parameters,no,answer,V1_retrieval_only,"Direct answer: The chain rule allows us to compute the gradient of a function composed of multiple layers in backpropagation.

Key course terms: chain rule, multi-layer neural networks

Explanation: Backpropagation uses the chain rule to efficiently calculate the gradient for each weight in a neural network. This is achieved by applying the derivative of the outermost function (such as the loss function) with respect to its input, then propagating this through all layers using the derivatives of their respective functions.

Evidence:
[Evidence 1]
[Evidence 2]
[Evidence 3]
[Evidence 4]
[Evidence 5]",10b12d7e81fd;efa291115f1b;02961be1d551;16b3b1c90f73;06070670a188,"Lecture 4.pdf, page 46, chunk 10b12d7e81fd;Lecture3-2026.pdf, page 26, chunk efa291115f1b;T2-Review on Calculus.pdf, page 23, chunk 02961be1d551;Lecture 4.pdf, page 37, chunk 16b3b1c90f73;T2-Review on Calculus.pdf, page 40, chunk 06070670a188",ollama,qwen2.5:3b,5.523264916992048,1,653,151,,0.5,1.0,1,,,auto-score; manually sanity-check before final submission
B008,retrieval_concept,L4,"In backpropagation, what does the chain rule allow us to compute?",The chain rule allows gradients of the loss with respect to intermediate variables and parameters to be computed layer by layer.,Lecture 4 backpropagation,chain rule;gradients;loss;parameters,no,answer,V2_router_rewrite_retrieval,"Direct answer: The chain rule allows us to compute the gradient of a loss function with respect to the weights in a neural network during backpropagation.

Key course terms: chain rule, backpropagation

Explanation: Backpropagation uses the chain rule to efficiently calculate gradients for weight updates. This is demonstrated by the connection between Lecture 4.pdf (Evidence 1 and Evidence 2), which shows how the chain rule is applied in the context of training multi-layer neural networks using backpropagation.

Formula used: The chain rule, as illustrated in the explanation provided from Evidence 1 and Evidence 2.

Evidence: [Evidence 1], [Evidence 2]",10b12d7e81fd;16b3b1c90f73;efa291115f1b;02961be1d551;06070670a188,"Lecture 4.pdf, page 46, chunk 10b12d7e81fd;Lecture 4.pdf, page 37, chunk 16b3b1c90f73;Lecture3-2026.pdf, page 26, chunk efa291115f1b;T2-Review on Calculus.pdf, page 23, chunk 02961be1d551;T2-Review on Calculus.pdf, page 40, chunk 06070670a188",ollama,qwen2.5:3b,7.464267540999572,2,812,213,"route={'in_scope': 'yes', 'question_type': 'calculation', 'lecture_topic': 'backpropagation algorithm and its derivation', 'search_query': 'Lecture 4 backpropagation In backpropagation, what does the chain rule allow us to compute?'}",1.0,1.0,1,,,auto-score; manually sanity-check before final submission
B008,retrieval_concept,L4,"In backpropagation, what does the chain rule allow us to compute?",The chain rule allows gradients of the loss with respect to intermediate variables and parameters to be computed layer by layer.,Lecture 4 backpropagation,chain rule;gradients;loss;parameters,no,answer,V3_retrieval_verifier,"Direct answer: The chain rule allows us to compute the gradient of a function composed of multiple layers in backpropagation.

Key course terms: chain rule, multi-layer neural networks

Explanation: Backpropagation uses the chain rule to efficiently calculate the gradient for each weight in a neural network. This is achieved by applying the derivative of the outermost function (such as the loss function) with respect to its input, then propagating this through all layers using the derivatives of their respective functions.

Evidence:
[Evidence 1]
[Evidence 2]
[Evidence 3]
[Evidence 4]
[Evidence 5]",10b12d7e81fd;efa291115f1b;02961be1d551;16b3b1c90f73;06070670a188,"Lecture 4.pdf, page 46, chunk 10b12d7e81fd;Lecture3-2026.pdf, page 26, chunk efa291115f1b;T2-Review on Calculus.pdf, page 23, chunk 02961be1d551;Lecture 4.pdf, page 37, chunk 16b3b1c90f73;T2-Review on Calculus.pdf, page 40, chunk 06070670a188",ollama,qwen2.5:3b,8.609169250994455,2,1602,200,draft_then_verifier_rejected_overcorrection,0.5,1.0,1,,,auto-score; manually sanity-check before final submission
B008,retrieval_concept,L4,"In backpropagation, what does the chain rule allow us to compute?",The chain rule allows gradients of the loss with respect to intermediate variables and parameters to be computed layer by layer.,Lecture 4 backpropagation,chain rule;gradients;loss;parameters,no,answer,V4_full_router_retrieval_verifier,"Direct answer: The chain rule allows us to compute the gradient of a loss function with respect to the weights in a neural network during backpropagation.

Key course terms: chain rule, backpropagation

Explanation: Backpropagation uses the chain rule to efficiently calculate gradients for weight updates. This is demonstrated by the connection between Lecture 4.pdf (Evidence 1 and Evidence 2), which shows how the chain rule is applied in the context of training multi-layer neural networks using backpropagation.

Formula used: The chain rule, as illustrated in the explanation provided from Evidence 1 and Evidence 2.

Evidence: [Evidence 1], [Evidence 2]",10b12d7e81fd;16b3b1c90f73;efa291115f1b;02961be1d551;06070670a188,"Lecture 4.pdf, page 46, chunk 10b12d7e81fd;Lecture 4.pdf, page 37, chunk 16b3b1c90f73;Lecture3-2026.pdf, page 26, chunk efa291115f1b;T2-Review on Calculus.pdf, page 23, chunk 02961be1d551;T2-Review on Calculus.pdf, page 40, chunk 06070670a188",ollama,qwen2.5:3b,13.464041082988842,3,1779,373,"draft_then_verifier_rejected_overcorrection;route={""in_scope"": ""yes"", ""question_type"": ""calculation"", ""lecture_topic"": ""backpropagation algorithm and its derivation"", ""search_query"": ""Lecture 4 backpropagation In backpropagation, what does the chain rule allow us to compute?""}",1.0,1.0,1,,,auto-score; manually sanity-check before final submission
B008,retrieval_concept,L4,"In backpropagation, what does the chain rule allow us to compute?",The chain rule allows gradients of the loss with respect to intermediate variables and parameters to be computed layer by layer.,Lecture 4 backpropagation,chain rule;gradients;loss;parameters,no,answer,A1_full_without_router,"Direct answer: The chain rule allows us to compute the gradient of a loss function with respect to the weights in a neural network during backpropagation.

Key course terms: chain rule, backpropagation

Explanation: Backpropagation uses the chain rule to efficiently calculate gradients for weight updates. This is demonstrated by the connection between Lecture 4.pdf (Evidence 1 and Evidence 2), which shows how the chain rule is applied in the context of training multi-layer neural networks using backpropagation.

Formula used: The chain rule, as illustrated in the explanation provided from Evidence 1 and Evidence 2.

Evidence: [Evidence 1], [Evidence 2]",10b12d7e81fd;16b3b1c90f73;efa291115f1b;02961be1d551;06070670a188,"Lecture 4.pdf, page 46, chunk 10b12d7e81fd;Lecture 4.pdf, page 37, chunk 16b3b1c90f73;Lecture3-2026.pdf, page 26, chunk efa291115f1b;T2-Review on Calculus.pdf, page 23, chunk 02961be1d551;T2-Review on Calculus.pdf, page 40, chunk 06070670a188",ollama,qwen2.5:3b,11.730888750011218,2,1616,325,"draft_then_verifier_rejected_overcorrection;route={""in_scope"": ""yes"", ""question_type"": ""calculation"", ""lecture_topic"": ""Lecture 4 backpropagation"", ""search_query"": ""Lecture 4 backpropagation In backpropagation, what does the chain rule allow us to compute?""}",1.0,1.0,1,,,auto-score; manually sanity-check before final submission
B008,retrieval_concept,L4,"In backpropagation, what does the chain rule allow us to compute?",The chain rule allows gradients of the loss with respect to intermediate variables and parameters to be computed layer by layer.,Lecture 4 backpropagation,chain rule;gradients;loss;parameters,no,answer,A2_full_without_verifier,"Direct answer: The chain rule allows us to compute the gradient of a loss function with respect to the weights in a neural network during backpropagation.

Key course terms: chain rule, backpropagation

Explanation: Backpropagation uses the chain rule to efficiently calculate gradients for weight updates. This is demonstrated by the connection between Lecture 4.pdf (Evidence 1 and Evidence 2), which shows how the chain rule is applied in the context of training multi-layer neural networks using backpropagation.

Formula used: The chain rule, as illustrated in the explanation provided from Evidence 1 and Evidence 2.

Evidence: [Evidence 1], [Evidence 2]",10b12d7e81fd;16b3b1c90f73;efa291115f1b;02961be1d551;06070670a188,"Lecture 4.pdf, page 46, chunk 10b12d7e81fd;Lecture 4.pdf, page 37, chunk 16b3b1c90f73;Lecture3-2026.pdf, page 26, chunk efa291115f1b;T2-Review on Calculus.pdf, page 23, chunk 02961be1d551;T2-Review on Calculus.pdf, page 40, chunk 06070670a188",ollama,qwen2.5:3b,7.464267540999572,2,812,213,"route={""in_scope"": ""yes"", ""question_type"": ""calculation"", ""lecture_topic"": ""backpropagation algorithm and its derivation"", ""search_query"": ""Lecture 4 backpropagation In backpropagation, what does the chain rule allow us to compute?""}",1.0,1.0,1,,,auto-score; manually sanity-check before final submission
B008,retrieval_concept,L4,"In backpropagation, what does the chain rule allow us to compute?",The chain rule allows gradients of the loss with respect to intermediate variables and parameters to be computed layer by layer.,Lecture 4 backpropagation,chain rule;gradients;loss;parameters,no,answer,A3_full_topk2,"Direct Answer: The chain rule allows us to compute the gradient of the loss function with respect to the weights in a neural network.

Key Course Terms:
- Chain Rule

Explanation: In backpropagation, the chain rule is used to efficiently calculate the gradients needed for weight updates. This process starts from the outermost layer and works its way through each layer, computing the derivative of the loss function with respect to the weights at each step. The use of the chain rule in this context enables the algorithm to compute these gradients without requiring an explicit calculation of the entire gradient at once, which would be computationally expensive for deep networks.

Evidence: [Evidence 1], [Evidence 2]",10b12d7e81fd;16b3b1c90f73,"Lecture 4.pdf, page 46, chunk 10b12d7e81fd;Lecture 4.pdf, page 37, chunk 16b3b1c90f73",ollama,qwen2.5:3b,10.259676082001532,3,1295,285,"draft_then_verifier_rejected_overcorrection;route={""in_scope"": ""yes"", ""question_type"": ""calculation"", ""lecture_topic"": ""backpropagation algorithm and its derivation"", ""search_query"": ""Lecture 4 backpropagation In backpropagation, what does the chain rule allow us to compute?""}",1.0,1.0,1,,,auto-score; manually sanity-check before final submission
B008,retrieval_concept,L4,"In backpropagation, what does the chain rule allow us to compute?",The chain rule allows gradients of the loss with respect to intermediate variables and parameters to be computed layer by layer.,Lecture 4 backpropagation,chain rule;gradients;loss;parameters,no,answer,A4_full_without_calculation_guard,"Direct answer: The chain rule allows us to compute the gradient of a loss function with respect to the weights in a neural network during backpropagation.

Key course terms: chain rule, backpropagation

Explanation: Backpropagation uses the chain rule to efficiently calculate gradients for weight updates. This is demonstrated by the connection between Lecture 4.pdf (Evidence 1 and Evidence 2), which shows how the chain rule is applied in the context of training multi-layer neural networks using backpropagation.

Formula used: The chain rule, as illustrated in the explanation provided from Evidence 1 and Evidence 2.

Evidence: [Evidence 1], [Evidence 2]",10b12d7e81fd;16b3b1c90f73;efa291115f1b;02961be1d551;06070670a188,"Lecture 4.pdf, page 46, chunk 10b12d7e81fd;Lecture 4.pdf, page 37, chunk 16b3b1c90f73;Lecture3-2026.pdf, page 26, chunk efa291115f1b;T2-Review on Calculus.pdf, page 23, chunk 02961be1d551;T2-Review on Calculus.pdf, page 40, chunk 06070670a188",ollama,qwen2.5:3b,13.464041082988842,3,1779,373,"draft_then_verifier_rejected_overcorrection;route={""in_scope"": ""yes"", ""question_type"": ""calculation"", ""lecture_topic"": ""backpropagation algorithm and its derivation"", ""search_query"": ""Lecture 4 backpropagation In backpropagation, what does the chain rule allow us to compute?""}",1.0,1.0,1,,,auto-score; manually sanity-check before final submission
B009,retrieval_concept,L5,What is weight sharing in a convolutional layer?,Weight sharing means the same filter weights are applied at different spatial locations of the input.,Lecture 5 convolution,same filter weights;spatial locations;input,no,answer,V0_baseline_single_call,"Weight sharing in a convolutional layer refers to the mechanism where weights (filters) are shared across different locations of an input volume during the computation of feature maps. This technique reduces the number of parameters and thus decreases the risk of overfitting, as each filter is applied to every possible location within the input volume without being individually learned for each position.

[COMP5541-Concept-002]",,,ollama,qwen2.5:3b,2.855884665987105,1,91,107,,0.0,0.5,0,,,auto-score; manually sanity-check before final submission
B009,retrieval_concept,L5,What is weight sharing in a convolutional layer?,Weight sharing means the same filter weights are applied at different spatial locations of the input.,Lecture 5 convolution,same filter weights;spatial locations;input,no,answer,V1_retrieval_only,"Weight sharing in a convolutional layer refers to the practice of using the same set of weights (or filters) for multiple input channels. This technique is crucial for reducing the number of parameters and improving computational efficiency, especially in deep neural networks.

Key Course Terms:
- Convolutional Layer

Mechanism:
In a convolutional layer, each neuron uses the same set of learnable weights to compute its output from all input feature maps. This shared weight mechanism allows the network to detect features at different locations across multiple channels without needing separate parameters for each channel and location.

Evidence: 1, 2, 4, 5",4ef4f0b77a3b;d08ede1df650;489a02285dca;19d8704cd660;b57cf5739a44,"Lecture3-2026.pdf, page 68, chunk 4ef4f0b77a3b;T5_Image_Classification_with_CNNs(1).pdf, page 2, chunk d08ede1df650;Lecture 4.pdf, page 21, chunk 489a02285dca;Lecture 8(2).pdf, page 49, chunk 19d8704cd660;Lecture 6(2).pdf, page 44, chunk b57cf5739a44",ollama,qwen2.5:3b,5.407632541988278,1,663,165,,0.5,1.0,0,,,auto-score; manually sanity-check before final submission
B009,retrieval_concept,L5,What is weight sharing in a convolutional layer?,Weight sharing means the same filter weights are applied at different spatial locations of the input.,Lecture 5 convolution,same filter weights;spatial locations;input,no,answer,V2_router_rewrite_retrieval,"Weight sharing in a convolutional layer refers to the practice of using the same set of learnable parameters, or weights, across multiple input features. This technique is crucial for reducing the number of model parameters and improving computational efficiency.

Key Course Terms:
- Convolution Layer

Mechanism:
In weight sharing, each filter (or kernel) in a convolutional layer is applied to every possible location within an image, effectively ""sharing"" its weights across different locations. This means that the same set of weights are used for all input features, which helps in capturing spatial hierarchies and patterns without increasing model complexity.

Formula/Caveat:
Not applicable

Evidence: [Evidence 1], [Evidence 2]",cf6d61794e98;0d24f3d911af;dfd4ab98dc07;a9136573c1f4;9e165ff66669,"Lecture 5.pdf, page 38, chunk cf6d61794e98;Lecture 5.pdf, page 37, chunk 0d24f3d911af;Lecture 5.pdf, page 24, chunk dfd4ab98dc07;Lecture 5.pdf, page 25, chunk a9136573c1f4;Lecture 5.pdf, page 52, chunk 9e165ff66669",ollama,qwen2.5:3b,10.27857337599562,2,726,299,"route={'in_scope': 'yes', 'question_type': 'definition', 'lecture_topic': 'Convolutional Neural Networks (L4)', 'search_query': 'Lecture 5 convolution output size parameters What is weight sharing in a convolutional layer?'}",1.0,1.0,1,,,auto-score; manually sanity-check before final submission
B009,retrieval_concept,L5,What is weight sharing in a convolutional layer?,Weight sharing means the same filter weights are applied at different spatial locations of the input.,Lecture 5 convolution,same filter weights;spatial locations;input,no,answer,V3_retrieval_verifier,"Weight sharing in a convolutional layer refers to the practice of using the same set of weights (or filters) for multiple input channels. This technique is crucial for reducing the number of parameters and improving computational efficiency, especially in deep neural networks.

Key Course Terms:
- Convolutional Layer

Mechanism:
In a convolutional layer, each neuron uses the same set of learnable weights to compute its output from all input feature maps. This shared weight mechanism allows the network to detect features at different locations across multiple channels without needing separate parameters for each channel and location.

Evidence: 1, 2, 4, 5",4ef4f0b77a3b;d08ede1df650;489a02285dca;19d8704cd660;b57cf5739a44,"Lecture3-2026.pdf, page 68, chunk 4ef4f0b77a3b;T5_Image_Classification_with_CNNs(1).pdf, page 2, chunk d08ede1df650;Lecture 4.pdf, page 21, chunk 489a02285dca;Lecture 8(2).pdf, page 49, chunk 19d8704cd660;Lecture 6(2).pdf, page 44, chunk b57cf5739a44",ollama,qwen2.5:3b,8.48762191698188,2,1641,219,draft_then_verifier_rejected_overcorrection,0.5,1.0,0,,,auto-score; manually sanity-check before final submission
B009,retrieval_concept,L5,What is weight sharing in a convolutional layer?,Weight sharing means the same filter weights are applied at different spatial locations of the input.,Lecture 5 convolution,same filter weights;spatial locations;input,no,answer,V4_full_router_retrieval_verifier,"Weight sharing in a convolutional layer refers to the practice of using the same set of learnable parameters, or weights, across multiple input features. This technique is crucial for reducing the number of model parameters and improving computational efficiency.

Key Course Terms:
- Convolution Layer

Mechanism:
In weight sharing, each filter (or kernel) in a convolutional layer is applied to every possible location within an image, effectively ""sharing"" its weights across different locations. This means that the same set of weights are used for all input features, which helps in capturing spatial hierarchies and patterns without increasing model complexity.

Formula/Caveat:
Not applicable

Evidence: [Evidence 1], [Evidence 2]",cf6d61794e98;0d24f3d911af;dfd4ab98dc07;a9136573c1f4;9e165ff66669,"Lecture 5.pdf, page 38, chunk cf6d61794e98;Lecture 5.pdf, page 37, chunk 0d24f3d911af;Lecture 5.pdf, page 24, chunk dfd4ab98dc07;Lecture 5.pdf, page 25, chunk a9136573c1f4;Lecture 5.pdf, page 52, chunk 9e165ff66669",ollama,qwen2.5:3b,15.002544750997911,3,1629,431,"draft_then_verifier_rejected_overcorrection;route={""in_scope"": ""yes"", ""question_type"": ""definition"", ""lecture_topic"": ""Convolutional Neural Networks (L4)"", ""search_query"": ""Lecture 5 convolution output size parameters What is weight sharing in a convolutional layer?""}",1.0,1.0,1,,,auto-score; manually sanity-check before final submission
B009,retrieval_concept,L5,What is weight sharing in a convolutional layer?,Weight sharing means the same filter weights are applied at different spatial locations of the input.,Lecture 5 convolution,same filter weights;spatial locations;input,no,answer,A1_full_without_router,"Weight sharing in a convolutional layer refers to the practice of using the same set of learnable parameters, or weights, across multiple input features. This technique is crucial for reducing the number of model parameters and improving computational efficiency.

Key Course Terms:
- Convolution Layer

Mechanism:
In weight sharing, each filter (or kernel) in a convolutional layer is applied to every possible location within an image, effectively ""sharing"" its weights across different locations. This means that the same set of weights are used for all input features, which helps in capturing spatial hierarchies and patterns without increasing model complexity.

Formula/Caveat:
Not applicable

Evidence: [Evidence 1], [Evidence 2]",cf6d61794e98;0d24f3d911af;dfd4ab98dc07;a9136573c1f4;9e165ff66669,"Lecture 5.pdf, page 38, chunk cf6d61794e98;Lecture 5.pdf, page 37, chunk 0d24f3d911af;Lecture 5.pdf, page 24, chunk dfd4ab98dc07;Lecture 5.pdf, page 25, chunk a9136573c1f4;Lecture 5.pdf, page 52, chunk 9e165ff66669",ollama,qwen2.5:3b,11.388024500003668,2,1476,316,"draft_then_verifier_rejected_overcorrection;route={""in_scope"": ""yes"", ""question_type"": ""concept"", ""lecture_topic"": ""Lecture 5 convolution output size parameters"", ""search_query"": ""Lecture 5 convolution output size parameters What is weight sharing in a convolutional layer?""}",1.0,1.0,1,,,auto-score; manually sanity-check before final submission
B009,retrieval_concept,L5,What is weight sharing in a convolutional layer?,Weight sharing means the same filter weights are applied at different spatial locations of the input.,Lecture 5 convolution,same filter weights;spatial locations;input,no,answer,A2_full_without_verifier,"Weight sharing in a convolutional layer refers to the practice of using the same set of learnable parameters, or weights, across multiple input features. This technique is crucial for reducing the number of model parameters and improving computational efficiency.

Key Course Terms:
- Convolution Layer

Mechanism:
In weight sharing, each filter (or kernel) in a convolutional layer is applied to every possible location within an image, effectively ""sharing"" its weights across different locations. This means that the same set of weights are used for all input features, which helps in capturing spatial hierarchies and patterns without increasing model complexity.

Formula/Caveat:
Not applicable

Evidence: [Evidence 1], [Evidence 2]",cf6d61794e98;0d24f3d911af;dfd4ab98dc07;a9136573c1f4;9e165ff66669,"Lecture 5.pdf, page 38, chunk cf6d61794e98;Lecture 5.pdf, page 37, chunk 0d24f3d911af;Lecture 5.pdf, page 24, chunk dfd4ab98dc07;Lecture 5.pdf, page 25, chunk a9136573c1f4;Lecture 5.pdf, page 52, chunk 9e165ff66669",ollama,qwen2.5:3b,10.27857337599562,2,726,299,"route={""in_scope"": ""yes"", ""question_type"": ""definition"", ""lecture_topic"": ""Convolutional Neural Networks (L4)"", ""search_query"": ""Lecture 5 convolution output size parameters What is weight sharing in a convolutional layer?""}",1.0,1.0,1,,,auto-score; manually sanity-check before final submission
B009,retrieval_concept,L5,What is weight sharing in a convolutional layer?,Weight sharing means the same filter weights are applied at different spatial locations of the input.,Lecture 5 convolution,same filter weights;spatial locations;input,no,answer,A3_full_topk2,"Direct Answer: Weight sharing in a convolutional layer means that the same set of learnable filters or kernels are applied across different regions of an input image to extract features. This technique reduces the number of parameters and speeds up training by avoiding redundant computations.

Key Terms:
- Convolution Layer

Mechanism/Caveat:
- The use of shared weights allows for efficient computation as each filter is reused, leading to a reduction in model complexity.
- Weight sharing helps in capturing spatial hierarchies within images without explicitly defining them, making the network more robust and less prone to overfitting.

Evidence: [Evidence 1], [Evidence 2]",cf6d61794e98;0d24f3d911af,"Lecture 5.pdf, page 38, chunk cf6d61794e98;Lecture 5.pdf, page 37, chunk 0d24f3d911af",ollama,qwen2.5:3b,11.675753500006977,3,1194,377,"draft_then_verifier_rejected_overcorrection;route={""in_scope"": ""yes"", ""question_type"": ""definition"", ""lecture_topic"": ""Convolutional Neural Networks (L4)"", ""search_query"": ""Lecture 5 convolution output size parameters What is weight sharing in a convolutional layer?""}",0.5,1.0,1,,,auto-score; manually sanity-check before final submission
B009,retrieval_concept,L5,What is weight sharing in a convolutional layer?,Weight sharing means the same filter weights are applied at different spatial locations of the input.,Lecture 5 convolution,same filter weights;spatial locations;input,no,answer,A4_full_without_calculation_guard,"Weight sharing in a convolutional layer refers to the practice of using the same set of learnable parameters, or weights, across multiple input features. This technique is crucial for reducing the number of model parameters and improving computational efficiency.

Key Course Terms:
- Convolution Layer

Mechanism:
In weight sharing, each filter (or kernel) in a convolutional layer is applied to every possible location within an image, effectively ""sharing"" its weights across different locations. This means that the same set of weights are used for all input features, which helps in capturing spatial hierarchies and patterns without increasing model complexity.

Formula/Caveat:
Not applicable

Evidence: [Evidence 1], [Evidence 2]",cf6d61794e98;0d24f3d911af;dfd4ab98dc07;a9136573c1f4;9e165ff66669,"Lecture 5.pdf, page 38, chunk cf6d61794e98;Lecture 5.pdf, page 37, chunk 0d24f3d911af;Lecture 5.pdf, page 24, chunk dfd4ab98dc07;Lecture 5.pdf, page 25, chunk a9136573c1f4;Lecture 5.pdf, page 52, chunk 9e165ff66669",ollama,qwen2.5:3b,15.002544750997911,3,1629,431,"draft_then_verifier_rejected_overcorrection;route={""in_scope"": ""yes"", ""question_type"": ""definition"", ""lecture_topic"": ""Convolutional Neural Networks (L4)"", ""search_query"": ""Lecture 5 convolution output size parameters What is weight sharing in a convolutional layer?""}",1.0,1.0,1,,,auto-score; manually sanity-check before final submission
B010,retrieval_concept,L5,What does a pooling layer usually do to the spatial size of a feature map?,Pooling usually downsamples the spatial resolution of the feature map while keeping the channel count unchanged.,Lecture 5 pooling,downsamples;spatial resolution;channel count,no,answer,V0_baseline_single_call,"A pooling layer typically reduces the spatial dimensions (width and height) of a feature map by applying a downsampling operation, such as max-pooling or average-pooling. This process helps in reducing overfitting and decreasing the computational complexity during training. The exact reduction depends on the size of the window used for pooling; for instance, a 2x2 max-pooling with stride 2 will halve both dimensions of the feature map.",,,ollama,qwen2.5:3b,3.042690999995102,1,97,109,,0.0,0.5,0,,,auto-score; manually sanity-check before final submission
B010,retrieval_concept,L5,What does a pooling layer usually do to the spatial size of a feature map?,Pooling usually downsamples the spatial resolution of the feature map while keeping the channel count unchanged.,Lecture 5 pooling,downsamples;spatial resolution;channel count,no,answer,V1_retrieval_only,"A pooling layer usually reduces the spatial size of a feature map. This is achieved by applying a sliding window with a specified kernel size and stride over each feature map, which then computes a pooled value for that position.

Key Course Terms:
- Pooling Layer

Mechanism:
The output dimensions \( W2 \) and \( H2 \) are calculated using the formula: 
\[ W2 = (W1 - F )/S + 1 \]
\[ H2 = (H1 - F)/S + 1 \]

Where:
- \( W1 \) and \( H1 \) are the input dimensions of the feature map.
- \( F \) is the kernel size or pooling window size.
- \( S \) is the stride, which determines how much the sliding window moves over the feature map.

Formula Used:
\[ W2 = (W1 - F )/S + 1 \]
\[ H2 = (H1 - F)/S + 1 \]

Evidence: [Evidence 1], [Evidence 5]",071f335e7bac;ff0e2423b1ed;bcab3138252a;1e97599edb26;5c0f6e9a813e,"Lecture 5.pdf, page 61, chunk 071f335e7bac;Lecture2-2026-COMP5541(1).pdf, page 59, chunk ff0e2423b1ed;Lecture 5.pdf, page 23, chunk bcab3138252a;Lecture 5.pdf, page 22, chunk 1e97599edb26;Lecture 6(2).pdf, page 5, chunk 5c0f6e9a813e",ollama,qwen2.5:3b,8.152322124995408,1,563,185,,0.0,1.0,1,,,auto-score; manually sanity-check before final submission
B010,retrieval_concept,L5,What does a pooling layer usually do to the spatial size of a feature map?,Pooling usually downsamples the spatial resolution of the feature map while keeping the channel count unchanged.,Lecture 5 pooling,downsamples;spatial resolution;channel count,no,answer,V2_router_rewrite_retrieval,"A pooling layer usually reduces the spatial size of a feature map. This is achieved by applying a sliding window with a specified kernel size and stride over each feature map, which then computes a pooled value for that region.

Key Course Terms:
- Pooling Layer

Mechanism:
The output dimensions \( W2 \) and \( H2 \) are calculated using the formula: 
\[ W2 = (W1 - F )/S + 1 \]
\[ H2 = (H1 - F)/S + 1 \]

Where:
- \( W1 \) and \( H1 \) are the input dimensions of the feature map.
- \( F \) is the kernel size or pooling window size.
- \( S \) is the stride, which determines how much the sliding window moves over the feature map.

Formula Used:
\[ W2 = (W1 - F )/S + 1 \]
\[ H2 = (H1 - F)/S + 1 \]

Evidence: [Evidence 1], [Evidence 5]",071f335e7bac;ff0e2423b1ed;bcab3138252a;1e97599edb26;5c0f6e9a813e,"Lecture 5.pdf, page 61, chunk 071f335e7bac;Lecture2-2026-COMP5541(1).pdf, page 59, chunk ff0e2423b1ed;Lecture 5.pdf, page 23, chunk bcab3138252a;Lecture 5.pdf, page 22, chunk 1e97599edb26;Lecture 6(2).pdf, page 5, chunk 5c0f6e9a813e",ollama,qwen2.5:3b,9.75687395800196,2,724,232,"route={'in_scope': 'yes', 'question_type': 'concept', 'lecture_topic': 'Convolutional Neural Networks (L4)', 'search_query': 'COMP5541 Lectures 2-9 What does a pooling layer usually do to the spatial size of a feature map?'}",0.0,1.0,1,,,auto-score; manually sanity-check before final submission
B010,retrieval_concept,L5,What does a pooling layer usually do to the spatial size of a feature map?,Pooling usually downsamples the spatial resolution of the feature map while keeping the channel count unchanged.,Lecture 5 pooling,downsamples;spatial resolution;channel count,no,answer,V3_retrieval_verifier,"A pooling layer usually reduces the spatial size of a feature map. This is achieved by applying a sliding window with a specified kernel size and stride over each feature map, which then computes a pooled value for that position.

Key Course Terms:
- Pooling Layer

Mechanism:
The output dimensions \( W2 \) and \( H2 \) are calculated using the formula: 
\[ W2 = (W1 - F )/S + 1 \]
\[ H2 = (H1 - F)/S + 1 \]

Where:
- \( W1 \) and \( H1 \) are the input dimensions of the feature map.
- \( F \) is the kernel size or pooling window size.
- \( S \) is the stride, which determines how much the sliding window moves over the feature map.

Formula Used:
\[ W2 = (W1 - F )/S + 1 \]
\[ H2 = (H1 - F)/S + 1 \]

Evidence: [Evidence 1], [Evidence 5]",071f335e7bac;ff0e2423b1ed;bcab3138252a;1e97599edb26;5c0f6e9a813e,"Lecture 5.pdf, page 61, chunk 071f335e7bac;Lecture2-2026-COMP5541(1).pdf, page 59, chunk ff0e2423b1ed;Lecture 5.pdf, page 23, chunk bcab3138252a;Lecture 5.pdf, page 22, chunk 1e97599edb26;Lecture 6(2).pdf, page 5, chunk 5c0f6e9a813e",ollama,qwen2.5:3b,15.0776280840073,2,1455,330,draft_then_verifier_rejected_overcorrection,0.0,1.0,1,,,auto-score; manually sanity-check before final submission
B010,retrieval_concept,L5,What does a pooling layer usually do to the spatial size of a feature map?,Pooling usually downsamples the spatial resolution of the feature map while keeping the channel count unchanged.,Lecture 5 pooling,downsamples;spatial resolution;channel count,no,answer,V4_full_router_retrieval_verifier,"A pooling layer usually reduces the spatial size of a feature map. This is achieved by applying a sliding window with a specified kernel size and stride over each feature map, which then computes a pooled value for that region.

Key Course Terms:
- Pooling Layer

Mechanism:
The output dimensions \( W2 \) and \( H2 \) are calculated using the formula: 
\[ W2 = (W1 - F )/S + 1 \]
\[ H2 = (H1 - F)/S + 1 \]

Where:
- \( W1 \) and \( H1 \) are the input dimensions of the feature map.
- \( F \) is the kernel size or pooling window size.
- \( S \) is the stride, which determines how much the sliding window moves over the feature map.

Formula Used:
\[ W2 = (W1 - F )/S + 1 \]
\[ H2 = (H1 - F)/S + 1 \]

Evidence: [Evidence 1], [Evidence 5]",071f335e7bac;ff0e2423b1ed;bcab3138252a;1e97599edb26;5c0f6e9a813e,"Lecture 5.pdf, page 61, chunk 071f335e7bac;Lecture2-2026-COMP5541(1).pdf, page 59, chunk ff0e2423b1ed;Lecture 5.pdf, page 23, chunk bcab3138252a;Lecture 5.pdf, page 22, chunk 1e97599edb26;Lecture 6(2).pdf, page 5, chunk 5c0f6e9a813e",ollama,qwen2.5:3b,16.816392123990227,3,1619,377,"draft_then_verifier_rejected_overcorrection;route={""in_scope"": ""yes"", ""question_type"": ""concept"", ""lecture_topic"": ""Convolutional Neural Networks (L4)"", ""search_query"": ""COMP5541 Lectures 2-9 What does a pooling layer usually do to the spatial size of a feature map?""}",0.0,1.0,1,,,auto-score; manually sanity-check before final submission
B010,retrieval_concept,L5,What does a pooling layer usually do to the spatial size of a feature map?,Pooling usually downsamples the spatial resolution of the feature map while keeping the channel count unchanged.,Lecture 5 pooling,downsamples;spatial resolution;channel count,no,answer,A1_full_without_router,"A pooling layer usually reduces the spatial size of a feature map. This is achieved by applying a sliding window with a specified kernel size and stride over each feature map, which then computes a pooled value for that region.

Key Course Terms:
- Pooling Layer

Mechanism:
The output dimensions \( W2 \) and \( H2 \) are calculated using the formula: 
\[ W2 = (W1 - F )/S + 1 \]
\[ H2 = (H1 - F)/S + 1 \]

Where:
- \( W1 \) and \( H1 \) are the input dimensions of the feature map.
- \( F \) is the kernel size or pooling window size.
- \( S \) is the stride, which determines how much the sliding window moves over the feature map.

Formula Used:
\[ W2 = (W1 - F )/S + 1 \]
\[ H2 = (H1 - F)/S + 1 \]

Evidence: [Evidence 1], [Evidence 5]",071f335e7bac;ff0e2423b1ed;bcab3138252a;1e97599edb26;5c0f6e9a813e,"Lecture 5.pdf, page 61, chunk 071f335e7bac;Lecture2-2026-COMP5541(1).pdf, page 59, chunk ff0e2423b1ed;Lecture 5.pdf, page 23, chunk bcab3138252a;Lecture 5.pdf, page 22, chunk 1e97599edb26;Lecture 6(2).pdf, page 5, chunk 5c0f6e9a813e",ollama,qwen2.5:3b,15.01083916600328,2,1455,330,"draft_then_verifier_rejected_overcorrection;route={""in_scope"": ""yes"", ""question_type"": ""concept"", ""lecture_topic"": ""COMP5541 Lectures 2-9"", ""search_query"": ""COMP5541 Lectures 2-9 What does a pooling layer usually do to the spatial size of a feature map?""}",0.0,1.0,1,,,auto-score; manually sanity-check before final submission
B010,retrieval_concept,L5,What does a pooling layer usually do to the spatial size of a feature map?,Pooling usually downsamples the spatial resolution of the feature map while keeping the channel count unchanged.,Lecture 5 pooling,downsamples;spatial resolution;channel count,no,answer,A2_full_without_verifier,"A pooling layer usually reduces the spatial size of a feature map. This is achieved by applying a sliding window with a specified kernel size and stride over each feature map, which then computes a pooled value for that region.

Key Course Terms:
- Pooling Layer

Mechanism:
The output dimensions \( W2 \) and \( H2 \) are calculated using the formula: 
\[ W2 = (W1 - F )/S + 1 \]
\[ H2 = (H1 - F)/S + 1 \]

Where:
- \( W1 \) and \( H1 \) are the input dimensions of the feature map.
- \( F \) is the kernel size or pooling window size.
- \( S \) is the stride, which determines how much the sliding window moves over the feature map.

Formula Used:
\[ W2 = (W1 - F )/S + 1 \]
\[ H2 = (H1 - F)/S + 1 \]

Evidence: [Evidence 1], [Evidence 5]",071f335e7bac;ff0e2423b1ed;bcab3138252a;1e97599edb26;5c0f6e9a813e,"Lecture 5.pdf, page 61, chunk 071f335e7bac;Lecture2-2026-COMP5541(1).pdf, page 59, chunk ff0e2423b1ed;Lecture 5.pdf, page 23, chunk bcab3138252a;Lecture 5.pdf, page 22, chunk 1e97599edb26;Lecture 6(2).pdf, page 5, chunk 5c0f6e9a813e",ollama,qwen2.5:3b,9.75687395800196,2,724,232,"route={""in_scope"": ""yes"", ""question_type"": ""concept"", ""lecture_topic"": ""Convolutional Neural Networks (L4)"", ""search_query"": ""COMP5541 Lectures 2-9 What does a pooling layer usually do to the spatial size of a feature map?""}",0.0,1.0,1,,,auto-score; manually sanity-check before final submission
B010,retrieval_concept,L5,What does a pooling layer usually do to the spatial size of a feature map?,Pooling usually downsamples the spatial resolution of the feature map while keeping the channel count unchanged.,Lecture 5 pooling,downsamples;spatial resolution;channel count,no,answer,A3_full_topk2,"A pooling layer usually reduces the spatial size of a feature map by dividing it into non-overlapping regions, then applying a function (like max or average) to each region.

Evidence: [Evidence 1]",071f335e7bac;ff0e2423b1ed,"Lecture 5.pdf, page 61, chunk 071f335e7bac;Lecture2-2026-COMP5541(1).pdf, page 59, chunk ff0e2423b1ed",ollama,qwen2.5:3b,6.4200627069949405,3,1184,151,"draft_then_verifier_rejected_overcorrection;route={""in_scope"": ""yes"", ""question_type"": ""concept"", ""lecture_topic"": ""Convolutional Neural Networks (L4)"", ""search_query"": ""COMP5541 Lectures 2-9 What does a pooling layer usually do to the spatial size of a feature map?""}",0.0,1.0,1,,,auto-score; manually sanity-check before final submission
B010,retrieval_concept,L5,What does a pooling layer usually do to the spatial size of a feature map?,Pooling usually downsamples the spatial resolution of the feature map while keeping the channel count unchanged.,Lecture 5 pooling,downsamples;spatial resolution;channel count,no,answer,A4_full_without_calculation_guard,"A pooling layer usually reduces the spatial size of a feature map. This is achieved by applying a sliding window with a specified kernel size and stride over each feature map, which then computes a pooled value for that region.

Key Course Terms:
- Pooling Layer

Mechanism:
The output dimensions \( W2 \) and \( H2 \) are calculated using the formula: 
\[ W2 = (W1 - F )/S + 1 \]
\[ H2 = (H1 - F)/S + 1 \]

Where:
- \( W1 \) and \( H1 \) are the input dimensions of the feature map.
- \( F \) is the kernel size or pooling window size.
- \( S \) is the stride, which determines how much the sliding window moves over the feature map.

Formula Used:
\[ W2 = (W1 - F )/S + 1 \]
\[ H2 = (H1 - F)/S + 1 \]

Evidence: [Evidence 1], [Evidence 5]",071f335e7bac;ff0e2423b1ed;bcab3138252a;1e97599edb26;5c0f6e9a813e,"Lecture 5.pdf, page 61, chunk 071f335e7bac;Lecture2-2026-COMP5541(1).pdf, page 59, chunk ff0e2423b1ed;Lecture 5.pdf, page 23, chunk bcab3138252a;Lecture 5.pdf, page 22, chunk 1e97599edb26;Lecture 6(2).pdf, page 5, chunk 5c0f6e9a813e",ollama,qwen2.5:3b,16.816392123990227,3,1619,377,"draft_then_verifier_rejected_overcorrection;route={""in_scope"": ""yes"", ""question_type"": ""concept"", ""lecture_topic"": ""Convolutional Neural Networks (L4)"", ""search_query"": ""COMP5541 Lectures 2-9 What does a pooling layer usually do to the spatial size of a feature map?""}",0.0,1.0,1,,,auto-score; manually sanity-check before final submission
B011,retrieval_concept,L6,What is dropout used for during neural network training?,Dropout randomly disables units during training as a regularization method to reduce overfitting.,Lecture 6 dropout,randomly disables;training;regularization;overfitting,no,answer,V0_baseline_single_call,"Dropout is a regularization technique used during the training of neural networks to prevent overfitting. It randomly ""drops out"" (sets to zero) a fraction of input units to a neuron during each update of weights, both during training and testing. This process helps in reducing co-adaptation of neurons - where a neuron relies on another one for meaningful activation. By doing so, dropout encourages the network to become more robust and generalize better to unseen data.

[Evidence: 1]",,,ollama,qwen2.5:3b,3.137082624991308,1,93,122,,1.0,0.5,0,,,auto-score; manually sanity-check before final submission
B011,retrieval_concept,L6,What is dropout used for during neural network training?,Dropout randomly disables units during training as a regularization method to reduce overfitting.,Lecture 6 dropout,randomly disables;training;regularization;overfitting,no,answer,V1_retrieval_only,"Dropout is used during neural network training to prevent overfitting by forcing the model to learn redundant and distributed representations that are not dependent on any single pathway through the network.

Key Course Terms:
- Overfitting
- Redundant and Distributed Representation

Explanation:
The provided evidence indicates that Dropout works by training a large ensemble of models, each with its own binary mask. This approach is necessary because having too many parameters in a neural network can lead to overfitting, where the model performs well on the training data but poorly on unseen data. By randomly ""dropping out"" (i.e., temporarily removing) units from the network during training, Dropout encourages the network to learn more robust features that are not overly dependent on any single input or pathway through the network.

Evidence: 1, 4",4bf6e1adeaf0;0471caacd4ab;cb4599590336;16b9cd76a26a;19776bf38722,"Lecture 6(2).pdf, page 69, chunk 4bf6e1adeaf0;Lecture 4.pdf, page 25, chunk 0471caacd4ab;Lecture 6(2).pdf, page 12, chunk cb4599590336;Lecture 6(2).pdf, page 70, chunk 16b9cd76a26a;Lecture 7(1).pdf, page 58, chunk 19776bf38722",ollama,qwen2.5:3b,6.0874472909927135,1,564,214,,0.5,1.0,1,,,auto-score; manually sanity-check before final submission
B011,retrieval_concept,L6,What is dropout used for during neural network training?,Dropout randomly disables units during training as a regularization method to reduce overfitting.,Lecture 6 dropout,randomly disables;training;regularization;overfitting,no,answer,V2_router_rewrite_retrieval,"Direct Answer: Dropout is used for regularization during neural network training by randomly setting some neurons to zero with a probability commonly set at 0.5 during the forward pass.

Key Terms:
- Regularization

Mechanism:
- Randomly sets some neurons to zero, effectively reducing the complexity of the model and preventing overfitting
- Forces learning of redundant and distributed representations that are not dependent on any single pathway through the network

Evidence: [Evidence 1], [Evidence 5]",8a3b25d76790;19776bf38722;4bf6e1adeaf0;16b9cd76a26a;f872dfbf1a4e,"Lecture 6(2).pdf, page 68, chunk 8a3b25d76790;Lecture 7(1).pdf, page 58, chunk 19776bf38722;Lecture 6(2).pdf, page 69, chunk 4bf6e1adeaf0;Lecture 6(2).pdf, page 70, chunk 16b9cd76a26a;Lecture 6(2).pdf, page 66, chunk f872dfbf1a4e",ollama,qwen2.5:3b,6.998988084014854,2,760,214,"route={'in_scope': 'yes', 'question_type': 'concept', 'lecture_topic': 'L4 - Neural Network Training and Optimization Techniques', 'search_query': 'Lecture 6 regularization dropout What is dropout used for during neural network training?'}",1.0,1.0,1,,,auto-score; manually sanity-check before final submission
B011,retrieval_concept,L6,What is dropout used for during neural network training?,Dropout randomly disables units during training as a regularization method to reduce overfitting.,Lecture 6 dropout,randomly disables;training;regularization;overfitting,no,answer,V3_retrieval_verifier,"Dropout is used during neural network training to prevent overfitting by forcing the model to learn redundant and distributed representations that are not dependent on any single pathway through the network.

Key Course Terms:
- Overfitting
- Redundant and Distributed Representation

Explanation:
The provided evidence indicates that Dropout works by training a large ensemble of models, each with its own binary mask. This approach is necessary because having too many parameters in a neural network can lead to overfitting, where the model performs well on the training data but poorly on unseen data. By randomly ""dropping out"" (i.e., temporarily removing) units from the network during training, Dropout encourages the network to learn more robust features that are not overly dependent on any single input or pathway through the network.

Evidence: 1, 4",4bf6e1adeaf0;0471caacd4ab;cb4599590336;16b9cd76a26a;19776bf38722,"Lecture 6(2).pdf, page 69, chunk 4bf6e1adeaf0;Lecture 4.pdf, page 25, chunk 0471caacd4ab;Lecture 6(2).pdf, page 12, chunk cb4599590336;Lecture 6(2).pdf, page 70, chunk 16b9cd76a26a;Lecture 7(1).pdf, page 58, chunk 19776bf38722",ollama,qwen2.5:3b,8.706095540997921,2,1488,265,draft_then_verifier_rejected_overcorrection,0.5,1.0,1,,,auto-score; manually sanity-check before final submission
B011,retrieval_concept,L6,What is dropout used for during neural network training?,Dropout randomly disables units during training as a regularization method to reduce overfitting.,Lecture 6 dropout,randomly disables;training;regularization;overfitting,no,answer,V4_full_router_retrieval_verifier,"Direct Answer: Dropout is used for regularization during neural network training by randomly setting some neurons to zero with a probability commonly set at 0.5 during the forward pass.

Key Terms:
- Regularization

Mechanism:
- Randomly sets some neurons to zero, effectively reducing the complexity of the model and preventing overfitting
- Forces learning of redundant and distributed representations that are not dependent on any single pathway through the network

Evidence: [Evidence 1], [Evidence 5]",8a3b25d76790;19776bf38722;4bf6e1adeaf0;16b9cd76a26a;f872dfbf1a4e,"Lecture 6(2).pdf, page 68, chunk 8a3b25d76790;Lecture 7(1).pdf, page 58, chunk 19776bf38722;Lecture 6(2).pdf, page 69, chunk 4bf6e1adeaf0;Lecture 6(2).pdf, page 70, chunk 16b9cd76a26a;Lecture 6(2).pdf, page 66, chunk f872dfbf1a4e",ollama,qwen2.5:3b,11.649702251015697,3,1641,346,"draft_then_verifier_rejected_overcorrection;route={""in_scope"": ""yes"", ""question_type"": ""concept"", ""lecture_topic"": ""L4 - Neural Network Training and Optimization Techniques"", ""search_query"": ""Lecture 6 regularization dropout What is dropout used for during neural network training?""}",1.0,1.0,1,,,auto-score; manually sanity-check before final submission
B011,retrieval_concept,L6,What is dropout used for during neural network training?,Dropout randomly disables units during training as a regularization method to reduce overfitting.,Lecture 6 dropout,randomly disables;training;regularization;overfitting,no,answer,A1_full_without_router,"Direct Answer: Dropout is used for regularization during neural network training by randomly setting some neurons to zero with a probability commonly set at 0.5 during the forward pass.

Key Terms:
- Regularization

Mechanism:
- Randomly sets some neurons to zero, effectively reducing the complexity of the model and preventing overfitting
- Forces learning of redundant and distributed representations that are not dependent on any single pathway through the network

Evidence: [Evidence 1], [Evidence 5]",8a3b25d76790;19776bf38722;4bf6e1adeaf0;16b9cd76a26a;f872dfbf1a4e,"Lecture 6(2).pdf, page 68, chunk 8a3b25d76790;Lecture 7(1).pdf, page 58, chunk 19776bf38722;Lecture 6(2).pdf, page 69, chunk 4bf6e1adeaf0;Lecture 6(2).pdf, page 70, chunk 16b9cd76a26a;Lecture 6(2).pdf, page 66, chunk f872dfbf1a4e",ollama,qwen2.5:3b,8.6033043750067,2,1478,255,"draft_then_verifier_rejected_overcorrection;route={""in_scope"": ""yes"", ""question_type"": ""concept"", ""lecture_topic"": ""Lecture 6 regularization dropout"", ""search_query"": ""Lecture 6 regularization dropout What is dropout used for during neural network training?""}",1.0,1.0,1,,,auto-score; manually sanity-check before final submission
B011,retrieval_concept,L6,What is dropout used for during neural network training?,Dropout randomly disables units during training as a regularization method to reduce overfitting.,Lecture 6 dropout,randomly disables;training;regularization;overfitting,no,answer,A2_full_without_verifier,"Direct Answer: Dropout is used for regularization during neural network training by randomly setting some neurons to zero with a probability commonly set at 0.5 during the forward pass.

Key Terms:
- Regularization

Mechanism:
- Randomly sets some neurons to zero, effectively reducing the complexity of the model and preventing overfitting
- Forces learning of redundant and distributed representations that are not dependent on any single pathway through the network

Evidence: [Evidence 1], [Evidence 5]",8a3b25d76790;19776bf38722;4bf6e1adeaf0;16b9cd76a26a;f872dfbf1a4e,"Lecture 6(2).pdf, page 68, chunk 8a3b25d76790;Lecture 7(1).pdf, page 58, chunk 19776bf38722;Lecture 6(2).pdf, page 69, chunk 4bf6e1adeaf0;Lecture 6(2).pdf, page 70, chunk 16b9cd76a26a;Lecture 6(2).pdf, page 66, chunk f872dfbf1a4e",ollama,qwen2.5:3b,6.998988084014854,2,760,214,"route={""in_scope"": ""yes"", ""question_type"": ""concept"", ""lecture_topic"": ""L4 - Neural Network Training and Optimization Techniques"", ""search_query"": ""Lecture 6 regularization dropout What is dropout used for during neural network training?""}",1.0,1.0,1,,,auto-score; manually sanity-check before final submission
B011,retrieval_concept,L6,What is dropout used for during neural network training?,Dropout randomly disables units during training as a regularization method to reduce overfitting.,Lecture 6 dropout,randomly disables;training;regularization;overfitting,no,answer,A3_full_topk2,"Dropout is used during neural network training to prevent overfitting by randomly setting a fraction of input units to 0 at each update during training time, which helps to prevent co-adaptation of neurons [Evidence: 1].

Key Course Terms:
- Regularization
- Dropout

Caveat:
- Dropout should be applied only during the training phase and not in the testing phase.
- It works by randomly setting a fraction of input units to zero at each update during training time, which helps prevent co-adaptation of neurons.",8a3b25d76790;19776bf38722,"Lecture 6(2).pdf, page 68, chunk 8a3b25d76790;Lecture 7(1).pdf, page 58, chunk 19776bf38722",ollama,qwen2.5:3b,9.700525876003669,3,1158,293,"draft_then_verifier_rejected_overcorrection;route={""in_scope"": ""yes"", ""question_type"": ""concept"", ""lecture_topic"": ""L4 - Neural Network Training and Optimization Techniques"", ""search_query"": ""Lecture 6 regularization dropout What is dropout used for during neural network training?""}",1.0,1.0,1,,,auto-score; manually sanity-check before final submission
B011,retrieval_concept,L6,What is dropout used for during neural network training?,Dropout randomly disables units during training as a regularization method to reduce overfitting.,Lecture 6 dropout,randomly disables;training;regularization;overfitting,no,answer,A4_full_without_calculation_guard,"Direct Answer: Dropout is used for regularization during neural network training by randomly setting some neurons to zero with a probability commonly set at 0.5 during the forward pass.

Key Terms:
- Regularization

Mechanism:
- Randomly sets some neurons to zero, effectively reducing the complexity of the model and preventing overfitting
- Forces learning of redundant and distributed representations that are not dependent on any single pathway through the network

Evidence: [Evidence 1], [Evidence 5]",8a3b25d76790;19776bf38722;4bf6e1adeaf0;16b9cd76a26a;f872dfbf1a4e,"Lecture 6(2).pdf, page 68, chunk 8a3b25d76790;Lecture 7(1).pdf, page 58, chunk 19776bf38722;Lecture 6(2).pdf, page 69, chunk 4bf6e1adeaf0;Lecture 6(2).pdf, page 70, chunk 16b9cd76a26a;Lecture 6(2).pdf, page 66, chunk f872dfbf1a4e",ollama,qwen2.5:3b,11.649702251015697,3,1641,346,"draft_then_verifier_rejected_overcorrection;route={""in_scope"": ""yes"", ""question_type"": ""concept"", ""lecture_topic"": ""L4 - Neural Network Training and Optimization Techniques"", ""search_query"": ""Lecture 6 regularization dropout What is dropout used for during neural network training?""}",1.0,1.0,1,,,auto-score; manually sanity-check before final submission
B012,retrieval_concept,L6,What is Kaiming initialization mainly designed for?,Kaiming initialization is mainly designed for networks using ReLU-like activations.,Lecture 6 initialization,Kaiming;ReLU;initialization,no,answer,V0_baseline_single_call,"Kaiming initialization is primarily designed to address the vanishing gradient problem in deep neural networks by ensuring that weights are initialized with values that maintain a stable learning rate across different layers. This technique, often referred to as He initialization for ReLU activations, sets the variance of the input distribution to each layer's output to be approximately constant during training. It is detailed in course evidence [1].",,,ollama,qwen2.5:3b,1.3363663749987609,1,92,113,,1.0,0.5,0,,,auto-score; manually sanity-check before final submission
B012,retrieval_concept,L6,What is Kaiming initialization mainly designed for?,Kaiming initialization is mainly designed for networks using ReLU-like activations.,Lecture 6 initialization,Kaiming;ReLU;initialization,no,answer,V1_retrieval_only,"Kaiming initialization is mainly designed to address the issue of vanishing gradients when using ReLU activation functions. This mechanism ensures that activations are nicely scaled for all layers, which helps prevent the problem of exploding and vanishing gradients.

Key Course Terms:
- Kaiming Initialization

Mechanism:
- For ReLU activation functions, Kaiming initialization scales the weights such that activations remain well-behaved across different layers.

Formula/Caveat:
- When using ReLU activation without zero mean, it's recommended to use Kaiming initialization. The scaling factor for Kaiming initialization is std = sqrt(2 / Din), where Din is the input dimension of a layer.

Evidence: [Evidence 1], [Evidence 2]",456c8ddf44e4;af1b5a45ee1b;93572fa3c07b;a946af77c274;914472df0509,"Lecture 6(2).pdf, page 51, chunk 456c8ddf44e4;Lecture 6(2).pdf, page 52, chunk af1b5a45ee1b;Lecture 6(2).pdf, page 79, chunk 93572fa3c07b;Lecture 6(2).pdf, page 46, chunk a946af77c274;Lecture 6(2).pdf, page 78, chunk 914472df0509",ollama,qwen2.5:3b,3.53018037500442,1,769,182,,1.0,1.0,1,,,auto-score; manually sanity-check before final submission
B012,retrieval_concept,L6,What is Kaiming initialization mainly designed for?,Kaiming initialization is mainly designed for networks using ReLU-like activations.,Lecture 6 initialization,Kaiming;ReLU;initialization,no,answer,V2_router_rewrite_retrieval,"Kaiming initialization is mainly designed for ReLU activation layers to prevent vanishing gradients. This mechanism ensures that activations are nicely scaled for all layers, as stated in Evidence [Evidence 1] and Evidence [Evidence 2].

Key Course Terms:
- Kaiming Initialization
- ReLU Activation

Caveat:
- It works well when using ReLU activation which does not have zero mean.

Formula/Caveat Needed For Full Credit:
- Kaiming initialization is recommended for ReLU activations to prevent exploding gradients and ensure stable training. The formula provided in Evidence [Evidence 1] suggests a scaling factor of std = sqrt(2 / Din) for all layers, including conv layers with filter size squared multiplied by input channels.

Evidence: [Evidence 1], [Evidence 2]",456c8ddf44e4;af1b5a45ee1b;48d0dafb390b;93572fa3c07b;a946af77c274,"Lecture 6(2).pdf, page 51, chunk 456c8ddf44e4;Lecture 6(2).pdf, page 52, chunk af1b5a45ee1b;Lecture 6(2).pdf, page 2, chunk 48d0dafb390b;Lecture 6(2).pdf, page 79, chunk 93572fa3c07b;Lecture 6(2).pdf, page 46, chunk a946af77c274",ollama,qwen2.5:3b,5.435032665998733,2,990,312,"route={'in_scope': 'yes', 'question_type': 'concept', 'lecture_topic': 'Initialization methods in neural networks', 'search_query': 'COMP5541 Lectures 2-9 What is Kaiming initialization mainly designed for?'}",1.0,1.0,1,,,auto-score; manually sanity-check before final submission
B012,retrieval_concept,L6,What is Kaiming initialization mainly designed for?,Kaiming initialization is mainly designed for networks using ReLU-like activations.,Lecture 6 initialization,Kaiming;ReLU;initialization,no,answer,V3_retrieval_verifier,"Kaiming initialization is mainly designed to address the issue of vanishing gradients when using ReLU activation functions. This mechanism ensures that activations are nicely scaled for all layers, which helps prevent the problem of exploding and vanishing gradients.

Key Course Terms:
- Kaiming Initialization

Mechanism:
- For ReLU activation functions, Kaiming initialization scales the weights such that activations remain well-behaved across different layers.

Formula/Caveat:
- When using ReLU activation without zero mean, it's recommended to use Kaiming initialization. The scaling factor for Kaiming initialization is std = sqrt(2 / Din), where Din is the input dimension of a layer.

Evidence: [Evidence 1], [Evidence 2]",456c8ddf44e4;af1b5a45ee1b;93572fa3c07b;a946af77c274;914472df0509,"Lecture 6(2).pdf, page 51, chunk 456c8ddf44e4;Lecture 6(2).pdf, page 52, chunk af1b5a45ee1b;Lecture 6(2).pdf, page 79, chunk 93572fa3c07b;Lecture 6(2).pdf, page 46, chunk a946af77c274;Lecture 6(2).pdf, page 78, chunk 914472df0509",ollama,qwen2.5:3b,7.744970042003842,2,1860,371,draft_then_verifier_rejected_overcorrection,1.0,1.0,1,,,auto-score; manually sanity-check before final submission
B012,retrieval_concept,L6,What is Kaiming initialization mainly designed for?,Kaiming initialization is mainly designed for networks using ReLU-like activations.,Lecture 6 initialization,Kaiming;ReLU;initialization,no,answer,V4_full_router_retrieval_verifier,"Kaiming initialization is mainly designed for ReLU activation layers to prevent vanishing gradients. This mechanism ensures that activations are nicely scaled for all layers, as stated in Evidence [Evidence 1] and Evidence [Evidence 2].

Key Course Terms:
- Kaiming Initialization
- ReLU Activation

Caveat:
- It works well when using ReLU activation which does not have zero mean.

Formula/Caveat Needed For Full Credit:
- Kaiming initialization is recommended for ReLU activations to prevent exploding gradients and ensure stable training. The formula provided in Evidence [Evidence 1] suggests a scaling factor of std = sqrt(2 / Din) for all layers, including conv layers with filter size squared multiplied by input channels.

Evidence: [Evidence 1], [Evidence 2]",456c8ddf44e4;af1b5a45ee1b;48d0dafb390b;93572fa3c07b;a946af77c274,"Lecture 6(2).pdf, page 51, chunk 456c8ddf44e4;Lecture 6(2).pdf, page 52, chunk af1b5a45ee1b;Lecture 6(2).pdf, page 2, chunk 48d0dafb390b;Lecture 6(2).pdf, page 79, chunk 93572fa3c07b;Lecture 6(2).pdf, page 46, chunk a946af77c274",ollama,qwen2.5:3b,9.847433374001412,3,2160,505,"draft_then_verifier_rejected_overcorrection;route={""in_scope"": ""yes"", ""question_type"": ""concept"", ""lecture_topic"": ""Initialization methods in neural networks"", ""search_query"": ""COMP5541 Lectures 2-9 What is Kaiming initialization mainly designed for?""}",1.0,1.0,1,,,auto-score; manually sanity-check before final submission
B012,retrieval_concept,L6,What is Kaiming initialization mainly designed for?,Kaiming initialization is mainly designed for networks using ReLU-like activations.,Lecture 6 initialization,Kaiming;ReLU;initialization,no,answer,A1_full_without_router,"Kaiming initialization is mainly designed for ReLU activation layers to prevent vanishing gradients. This mechanism ensures that activations are nicely scaled for all layers, as stated in Evidence [Evidence 1] and Evidence [Evidence 2].

Key Course Terms:
- Kaiming Initialization
- ReLU Activation

Caveat:
- It works well when using ReLU activation which does not have zero mean.

Formula/Caveat Needed For Full Credit:
- Kaiming initialization is recommended for ReLU activations to prevent exploding gradients and ensure stable training. The formula provided in Evidence [Evidence 1] suggests a scaling factor of std = sqrt(2 / Din) for all layers, including conv layers with filter size squared multiplied by input channels.

Evidence: [Evidence 1], [Evidence 2]",456c8ddf44e4;af1b5a45ee1b;48d0dafb390b;93572fa3c07b;a946af77c274,"Lecture 6(2).pdf, page 51, chunk 456c8ddf44e4;Lecture 6(2).pdf, page 52, chunk af1b5a45ee1b;Lecture 6(2).pdf, page 2, chunk 48d0dafb390b;Lecture 6(2).pdf, page 79, chunk 93572fa3c07b;Lecture 6(2).pdf, page 46, chunk a946af77c274",ollama,qwen2.5:3b,8.144872290999047,2,1999,384,"draft_then_verifier_rejected_overcorrection;route={""in_scope"": ""yes"", ""question_type"": ""concept"", ""lecture_topic"": ""COMP5541 Lectures 2-9"", ""search_query"": ""COMP5541 Lectures 2-9 What is Kaiming initialization mainly designed for?""}",1.0,1.0,1,,,auto-score; manually sanity-check before final submission
B012,retrieval_concept,L6,What is Kaiming initialization mainly designed for?,Kaiming initialization is mainly designed for networks using ReLU-like activations.,Lecture 6 initialization,Kaiming;ReLU;initialization,no,answer,A2_full_without_verifier,"Kaiming initialization is mainly designed for ReLU activation layers to prevent vanishing gradients. This mechanism ensures that activations are nicely scaled for all layers, as stated in Evidence [Evidence 1] and Evidence [Evidence 2].

Key Course Terms:
- Kaiming Initialization
- ReLU Activation

Caveat:
- It works well when using ReLU activation which does not have zero mean.

Formula/Caveat Needed For Full Credit:
- Kaiming initialization is recommended for ReLU activations to prevent exploding gradients and ensure stable training. The formula provided in Evidence [Evidence 1] suggests a scaling factor of std = sqrt(2 / Din) for all layers, including conv layers with filter size squared multiplied by input channels.

Evidence: [Evidence 1], [Evidence 2]",456c8ddf44e4;af1b5a45ee1b;48d0dafb390b;93572fa3c07b;a946af77c274,"Lecture 6(2).pdf, page 51, chunk 456c8ddf44e4;Lecture 6(2).pdf, page 52, chunk af1b5a45ee1b;Lecture 6(2).pdf, page 2, chunk 48d0dafb390b;Lecture 6(2).pdf, page 79, chunk 93572fa3c07b;Lecture 6(2).pdf, page 46, chunk a946af77c274",ollama,qwen2.5:3b,5.435032665998733,2,990,312,"route={""in_scope"": ""yes"", ""question_type"": ""concept"", ""lecture_topic"": ""Initialization methods in neural networks"", ""search_query"": ""COMP5541 Lectures 2-9 What is Kaiming initialization mainly designed for?""}",1.0,1.0,1,,,auto-score; manually sanity-check before final submission
B012,retrieval_concept,L6,What is Kaiming initialization mainly designed for?,Kaiming initialization is mainly designed for networks using ReLU-like activations.,Lecture 6 initialization,Kaiming;ReLU;initialization,no,answer,A3_full_topk2,"Direct Answer: Kaiming initialization is mainly designed for initializing weights in layers with ReLU activation functions to prevent vanishing gradients.

Key Course Terms:
ReLU (Rectified Linear Unit)

Mechanism:
Kaiming initialization scales the standard deviation of the input data to the layer, ensuring that activations are std = sqrt(2 / Din) where Din is the number of inputs. This helps in maintaining a balance between the variance of weights and outputs, thereby mitigating the issue of vanishing gradients.

Formula:
Not applicable for this question as it deals with initialization strategy rather than a calculation formula.

Caveat:
For activations that are roughly zero-centered like tanh, Xavier initialization is recommended; however, when using ReLU activation which does not have zero mean, Kaiming initialization is suggested to maintain gradient flow and prevent vanishing gradients.

Evidence: [Evidence 1], [Evidence 2]",456c8ddf44e4;af1b5a45ee1b,"Lecture 6(2).pdf, page 51, chunk 456c8ddf44e4;Lecture 6(2).pdf, page 52, chunk af1b5a45ee1b",ollama,qwen2.5:3b,9.533685416005028,3,1425,600,"draft_then_verifier_rejected_overcorrection;route={""in_scope"": ""yes"", ""question_type"": ""concept"", ""lecture_topic"": ""Initialization methods in neural networks"", ""search_query"": ""COMP5541 Lectures 2-9 What is Kaiming initialization mainly designed for?""}",1.0,1.0,1,,,auto-score; manually sanity-check before final submission
B012,retrieval_concept,L6,What is Kaiming initialization mainly designed for?,Kaiming initialization is mainly designed for networks using ReLU-like activations.,Lecture 6 initialization,Kaiming;ReLU;initialization,no,answer,A4_full_without_calculation_guard,"Kaiming initialization is mainly designed for ReLU activation layers to prevent vanishing gradients. This mechanism ensures that activations are nicely scaled for all layers, as stated in Evidence [Evidence 1] and Evidence [Evidence 2].

Key Course Terms:
- Kaiming Initialization
- ReLU Activation

Caveat:
- It works well when using ReLU activation which does not have zero mean.

Formula/Caveat Needed For Full Credit:
- Kaiming initialization is recommended for ReLU activations to prevent exploding gradients and ensure stable training. The formula provided in Evidence [Evidence 1] suggests a scaling factor of std = sqrt(2 / Din) for all layers, including conv layers with filter size squared multiplied by input channels.

Evidence: [Evidence 1], [Evidence 2]",456c8ddf44e4;af1b5a45ee1b;48d0dafb390b;93572fa3c07b;a946af77c274,"Lecture 6(2).pdf, page 51, chunk 456c8ddf44e4;Lecture 6(2).pdf, page 52, chunk af1b5a45ee1b;Lecture 6(2).pdf, page 2, chunk 48d0dafb390b;Lecture 6(2).pdf, page 79, chunk 93572fa3c07b;Lecture 6(2).pdf, page 46, chunk a946af77c274",ollama,qwen2.5:3b,9.847433374001412,3,2160,505,"draft_then_verifier_rejected_overcorrection;route={""in_scope"": ""yes"", ""question_type"": ""concept"", ""lecture_topic"": ""Initialization methods in neural networks"", ""search_query"": ""COMP5541 Lectures 2-9 What is Kaiming initialization mainly designed for?""}",1.0,1.0,1,,,auto-score; manually sanity-check before final submission
B013,retrieval_concept,L7,What information does an RNN hidden state carry across time?,The hidden state carries information from previous time steps into the current computation.,Lecture 7 RNN,hidden state;previous time steps;current computation,no,answer,V0_baseline_single_call,"The hidden state of a Recurrent Neural Network (RNN) carries information about the sequence context up to that point in time. This allows the network to maintain and utilize temporal dependencies, enabling it to capture long-range patterns within sequences. The specific details regarding what exactly is carried can vary depending on the architecture and implementation, but generally, it encapsulates a summary of all inputs seen so far, facilitating better predictions or classifications based on sequential data.",,,ollama,qwen2.5:3b,2.8287846660095965,1,94,129,,0.0,0.5,0,,,auto-score; manually sanity-check before final submission
B013,retrieval_concept,L7,What information does an RNN hidden state carry across time?,The hidden state carries information from previous time steps into the current computation.,Lecture 7 RNN,hidden state;previous time steps;current computation,no,answer,V1_retrieval_only,"The RNN hidden state carries information across time by serving as the memory of the network, storing and transforming useful contextual information gathered from earlier time steps. This is evident in the visualization of hidden states with t-SNE where each point represents a hidden state vector derived from different names (Evidence 1). The mechanism involves updating the hidden state at each time step using the previous hidden state and current input data.

For an LSTM, it introduces additional mechanisms like forget gates, input gates, and output gates to control information flow more effectively than a vanilla RNN. This allows LSTMs to handle longer sequences better (Evidence 2 & Evidence 3).

The key formula for updating the hidden state in a Vanilla RNN is given by:
\[ ht = \tanh(Whht-1 + Wxxt) \]
where \( ht \) represents the hidden state at time step t, \( Wh \) and \( Wx \) are weight matrices, and \( xt \) is the input at time step t.

For an LSTM, the mechanism for updating the cell state (which carries information across steps) involves additional gates:
\[ ft = \sigma(Whfht-1 + Wxfxt) \]
\[ it = \sigma(Whiht-1 + Wixt) \]
\[ ot = \sigma(Woht-1 + Woxt) \]
\[ ct = ft * ct-1 + it * tanh(it) \]
\[ ht = ot * tanh(ct) \]

Where \( ft, it, ot \) are the forget gate, input gate, and output gate respectively, and \( ct \) is the cell state.

Evidence: [Evidence 1], [Evidence 2], [Evidence 3]",ef5b58fac38f;5a9de5430977;d51e1f8f461c;5c0dc444a806;17e20a051678,"RNN_LSTM_Name_Classification_Tutorial (1).ipynb, page 1, chunk ef5b58fac38f;Lecture 7(1).pdf, page 9, chunk 5a9de5430977;Lecture 7(1).pdf, page 7, chunk d51e1f8f461c;Lecture 8(2).pdf, page 4, chunk 5c0dc444a806;Lecture 7(1).pdf, page 29, chunk 17e20a051678",ollama,qwen2.5:3b,13.000027458998376,1,1016,354,,0.5,1.0,1,,,auto-score; manually sanity-check before final submission
B013,retrieval_concept,L7,What information does an RNN hidden state carry across time?,The hidden state carries information from previous time steps into the current computation.,Lecture 7 RNN,hidden state;previous time steps;current computation,no,answer,V2_router_rewrite_retrieval,"The hidden state in an RNN carries the contextual information gathered from earlier time steps.

Key Course Terms:
Recurrent Neural Network (RNN), Hidden State, Contextual Information

Caveat:
The hidden state updates as a sequence is processed at each time step and stores useful information for future predictions or classifications.

Evidence:
[Evidence 1], [Evidence 2]",d51e1f8f461c;5a9de5430977;9bafece4e6fe;ef5b58fac38f;997dab2dd7fa,"Lecture 7(1).pdf, page 7, chunk d51e1f8f461c;Lecture 7(1).pdf, page 9, chunk 5a9de5430977;Lecture 9 .pdf, page 8, chunk 9bafece4e6fe;RNN_LSTM_Name_Classification_Tutorial (1).ipynb, page 1, chunk ef5b58fac38f;Lecture 7(1).pdf, page 10, chunk 997dab2dd7fa",ollama,qwen2.5:3b,6.12336020800285,2,1170,146,"route={'in_scope': 'yes', 'question_type': 'concept', 'lecture_topic': 'Recurrent Neural Networks (RNN) and their mechanisms', 'search_query': 'Lecture 7 recurrent neural network What information does an RNN hidden state carry across time?'}",0.0,1.0,1,,,auto-score; manually sanity-check before final submission
B013,retrieval_concept,L7,What information does an RNN hidden state carry across time?,The hidden state carries information from previous time steps into the current computation.,Lecture 7 RNN,hidden state;previous time steps;current computation,no,answer,V3_retrieval_verifier,"The RNN hidden state carries information across time by serving as the memory of the network, storing and transforming useful contextual information gathered from earlier time steps. This is evident in the visualization of hidden states with t-SNE where each point represents a hidden state vector derived from different names (Evidence 1). The mechanism involves updating the hidden state at each time step using the previous hidden state and current input data.

For an LSTM, it introduces additional mechanisms like forget gates, input gates, and output gates to control information flow more effectively than a vanilla RNN. This allows LSTMs to handle longer sequences better (Evidence 2 & Evidence 3).

The key formula for updating the hidden state in a Vanilla RNN is given by:
\[ ht = \tanh(Whht-1 + Wxxt) \]
where \( ht \) represents the hidden state at time step t, \( Wh \) and \( Wx \) are weight matrices, and \( xt \) is the input at time step t.

For an LSTM, the mechanism for updating the cell state (which carries information across steps) involves additional gates:
\[ ft = \sigma(Whfht-1 + Wxfxt) \]
\[ it = \sigma(Whiht-1 + Wixt) \]
\[ ot = \sigma(Woht-1 + Woxt) \]
\[ ct = ft * ct-1 + it * tanh(it) \]
\[ ht = ot * tanh(ct) \]

Where \( ft, it, ot \) are the forget gate, input gate, and output gate respectively, and \( ct \) is the cell state.

Evidence: [Evidence 1], [Evidence 2], [Evidence 3]",ef5b58fac38f;5a9de5430977;d51e1f8f461c;5c0dc444a806;17e20a051678,"RNN_LSTM_Name_Classification_Tutorial (1).ipynb, page 1, chunk ef5b58fac38f;Lecture 7(1).pdf, page 9, chunk 5a9de5430977;Lecture 7(1).pdf, page 7, chunk d51e1f8f461c;Lecture 8(2).pdf, page 4, chunk 5c0dc444a806;Lecture 7(1).pdf, page 29, chunk 17e20a051678",ollama,qwen2.5:3b,18.402875958985533,2,2534,458,draft_then_verifier_rejected_overcorrection,0.5,1.0,1,,,auto-score; manually sanity-check before final submission
B013,retrieval_concept,L7,What information does an RNN hidden state carry across time?,The hidden state carries information from previous time steps into the current computation.,Lecture 7 RNN,hidden state;previous time steps;current computation,no,answer,V4_full_router_retrieval_verifier,"The hidden state in an RNN carries the contextual information gathered from earlier time steps.

Key Course Terms:
Recurrent Neural Network (RNN), Hidden State, Contextual Information

Caveat:
The hidden state updates as a sequence is processed at each time step and stores useful information for future predictions or classifications.

Evidence:
[Evidence 1], [Evidence 2]",d51e1f8f461c;5a9de5430977;9bafece4e6fe;ef5b58fac38f;997dab2dd7fa,"Lecture 7(1).pdf, page 7, chunk d51e1f8f461c;Lecture 7(1).pdf, page 9, chunk 5a9de5430977;Lecture 9 .pdf, page 8, chunk 9bafece4e6fe;RNN_LSTM_Name_Classification_Tutorial (1).ipynb, page 1, chunk ef5b58fac38f;Lecture 7(1).pdf, page 10, chunk 997dab2dd7fa",ollama,qwen2.5:3b,9.915390666006717,3,2427,225,"draft_then_verifier_rejected_overcorrection;route={""in_scope"": ""yes"", ""question_type"": ""concept"", ""lecture_topic"": ""Recurrent Neural Networks (RNN) and their mechanisms"", ""search_query"": ""Lecture 7 recurrent neural network What information does an RNN hidden state carry across time?""}",0.0,1.0,1,,,auto-score; manually sanity-check before final submission
B013,retrieval_concept,L7,What information does an RNN hidden state carry across time?,The hidden state carries information from previous time steps into the current computation.,Lecture 7 RNN,hidden state;previous time steps;current computation,no,answer,A1_full_without_router,"The hidden state in an RNN carries the contextual information gathered from earlier time steps.

Key Course Terms:
Recurrent Neural Network (RNN), Hidden State, Contextual Information

Caveat:
The hidden state updates as a sequence is processed at each time step and stores useful information for future predictions or classifications.

Evidence:
[Evidence 1], [Evidence 2]",d51e1f8f461c;5a9de5430977;9bafece4e6fe;ef5b58fac38f;997dab2dd7fa,"Lecture 7(1).pdf, page 7, chunk d51e1f8f461c;Lecture 7(1).pdf, page 9, chunk 5a9de5430977;Lecture 9 .pdf, page 8, chunk 9bafece4e6fe;RNN_LSTM_Name_Classification_Tutorial (1).ipynb, page 1, chunk ef5b58fac38f;Lecture 7(1).pdf, page 10, chunk 997dab2dd7fa",ollama,qwen2.5:3b,8.097072666001623,2,2265,172,"draft_then_verifier_rejected_overcorrection;route={""in_scope"": ""yes"", ""question_type"": ""concept"", ""lecture_topic"": ""Lecture 7 recurrent neural network"", ""search_query"": ""Lecture 7 recurrent neural network What information does an RNN hidden state carry across time?""}",0.0,1.0,1,,,auto-score; manually sanity-check before final submission
B013,retrieval_concept,L7,What information does an RNN hidden state carry across time?,The hidden state carries information from previous time steps into the current computation.,Lecture 7 RNN,hidden state;previous time steps;current computation,no,answer,A2_full_without_verifier,"The hidden state in an RNN carries the contextual information gathered from earlier time steps.

Key Course Terms:
Recurrent Neural Network (RNN), Hidden State, Contextual Information

Caveat:
The hidden state updates as a sequence is processed at each time step and stores useful information for future predictions or classifications.

Evidence:
[Evidence 1], [Evidence 2]",d51e1f8f461c;5a9de5430977;9bafece4e6fe;ef5b58fac38f;997dab2dd7fa,"Lecture 7(1).pdf, page 7, chunk d51e1f8f461c;Lecture 7(1).pdf, page 9, chunk 5a9de5430977;Lecture 9 .pdf, page 8, chunk 9bafece4e6fe;RNN_LSTM_Name_Classification_Tutorial (1).ipynb, page 1, chunk ef5b58fac38f;Lecture 7(1).pdf, page 10, chunk 997dab2dd7fa",ollama,qwen2.5:3b,6.12336020800285,2,1170,146,"route={""in_scope"": ""yes"", ""question_type"": ""concept"", ""lecture_topic"": ""Recurrent Neural Networks (RNN) and their mechanisms"", ""search_query"": ""Lecture 7 recurrent neural network What information does an RNN hidden state carry across time?""}",0.0,1.0,1,,,auto-score; manually sanity-check before final submission
B013,retrieval_concept,L7,What information does an RNN hidden state carry across time?,The hidden state carries information from previous time steps into the current computation.,Lecture 7 RNN,hidden state;previous time steps;current computation,no,answer,A3_full_topk2,"Direct Answer: An RNN hidden state carries useful contextual information gathered from earlier time steps.

Key Course Terms:
Recurrent Neural Network (RNN), Hidden State, Contextual Information

Explanation: The hidden state in an RNN acts as a form of memory that stores and transforms useful contextual information. This is achieved through the mechanism described by the formula ht = tanh(Whht-1+Wxxt), where hₜ represents the current hidden state, Wh and Wx are weight matrices, and xt is the input at time step t. The previous hidden state (ht-1) from the last time step influences the current hidden state through multiplication by the weight matrix Wh.

Evidence:
[Evidence 1]
[Evidence 2]",d51e1f8f461c;5a9de5430977,"Lecture 7(1).pdf, page 7, chunk d51e1f8f461c;Lecture 7(1).pdf, page 9, chunk 5a9de5430977",ollama,qwen2.5:3b,11.117176875006407,3,1310,349,"draft_then_verifier_rejected_overcorrection;route={""in_scope"": ""yes"", ""question_type"": ""concept"", ""lecture_topic"": ""Recurrent Neural Networks (RNN) and their mechanisms"", ""search_query"": ""Lecture 7 recurrent neural network What information does an RNN hidden state carry across time?""}",0.5,1.0,1,,,auto-score; manually sanity-check before final submission
B013,retrieval_concept,L7,What information does an RNN hidden state carry across time?,The hidden state carries information from previous time steps into the current computation.,Lecture 7 RNN,hidden state;previous time steps;current computation,no,answer,A4_full_without_calculation_guard,"The hidden state in an RNN carries the contextual information gathered from earlier time steps.

Key Course Terms:
Recurrent Neural Network (RNN), Hidden State, Contextual Information

Caveat:
The hidden state updates as a sequence is processed at each time step and stores useful information for future predictions or classifications.

Evidence:
[Evidence 1], [Evidence 2]",d51e1f8f461c;5a9de5430977;9bafece4e6fe;ef5b58fac38f;997dab2dd7fa,"Lecture 7(1).pdf, page 7, chunk d51e1f8f461c;Lecture 7(1).pdf, page 9, chunk 5a9de5430977;Lecture 9 .pdf, page 8, chunk 9bafece4e6fe;RNN_LSTM_Name_Classification_Tutorial (1).ipynb, page 1, chunk ef5b58fac38f;Lecture 7(1).pdf, page 10, chunk 997dab2dd7fa",ollama,qwen2.5:3b,9.915390666006717,3,2427,225,"draft_then_verifier_rejected_overcorrection;route={""in_scope"": ""yes"", ""question_type"": ""concept"", ""lecture_topic"": ""Recurrent Neural Networks (RNN) and their mechanisms"", ""search_query"": ""Lecture 7 recurrent neural network What information does an RNN hidden state carry across time?""}",0.0,1.0,1,,,auto-score; manually sanity-check before final submission
B014,retrieval_concept,L8,What are attention weights used for?,Attention weights determine how much each input or encoder state contributes to the context vector.,Lecture 8 attention,attention weights;input;encoder state;context vector,no,answer,V0_baseline_single_call,"Attention weights are used to weigh the contributions of different input elements towards a specific output element in sequence-to-sequence models or similar architectures where dependencies between elements vary over time or space. This concept is fundamental in mechanisms like the Attention mechanism within Transformer models, enabling them to focus on relevant parts of the input data for making predictions.",,,ollama,qwen2.5:3b,2.1183706669980893,1,88,103,,0.5,0.5,0,,,auto-score; manually sanity-check before final submission
B014,retrieval_concept,L8,What are attention weights used for?,Attention weights determine how much each input or encoder state contributes to the context vector.,Lecture 8 attention,attention weights;input;encoder state;context vector,no,answer,V1_retrieval_only,"Attention weights are used to normalize alignment scores, transforming them into values between 0 and 1 that sum up to 1. This process is crucial for guiding the model's focus during tasks such as image captioning and sequence-to-sequence learning.

Key Course Terms:
- Attention: From Scores to Weights (Evidence [Evidence 1])
- General Attention Layer (Evidence [Evidence 3], Evidence [Evidence 5])

Caveat:
- The attention weights are used in the context of both parallel and sequential models, as described in Evidence [Evidence 4] and Evidence [Evidence 5].

Evidence: [Evidence 1], [Evidence 2], [Evidence 3], [Evidence 4], [Evidence 5]",903bab1610e2;c3aca36c1732;7d0d84d31bb4;830c3d6ffdb6;12500c1d7a27,"Lecture 7(1).pdf, page 65, chunk 903bab1610e2;Lecture 7(1).pdf, page 74, chunk c3aca36c1732;Lecture 8(2).pdf, page 17, chunk 7d0d84d31bb4;Lecture 8(2).pdf, page 6, chunk 830c3d6ffdb6;Lecture 8(2).pdf, page 14, chunk 12500c1d7a27",ollama,qwen2.5:3b,6.084852791987942,1,766,160,,0.0,1.0,1,,,auto-score; manually sanity-check before final submission
B014,retrieval_concept,L8,What are attention weights used for?,Attention weights determine how much each input or encoder state contributes to the context vector.,Lecture 8 attention,attention weights;input;encoder state;context vector,no,answer,V2_router_rewrite_retrieval,"What are attention weights used for?  
Direct Answer: Attention weights are used to normalize alignment scores and guide the model in focusing on certain parts of input sequences or images, thereby allowing it to attend to relevant information.  

Key Course Terms: Alignment, softmax, attention mechanism

Explanation:
Attention mechanisms form the backbone of Transformer models, enabling them to focus on different parts of a sequence during processing. In the context provided by Evidence 1 and Evidence 2, attention weights are derived from scores that represent how well each part of the input aligns with the query (e.g., decoder's previous hidden state). These alignment scores are then normalized using softmax to produce attention weights, which range between 0 and 1. The sum of all attention weights for a given sequence element is always 1.

The mechanism involves computing projections from the input data into key, value, and query vectors (Evidence 3), calculating scaled dot-product alignments between these vectors, applying softmax to obtain normalized attention weights, and finally using these weights to compute weighted sums of values. This process allows the model to focus on relevant parts of the sequence or image by giving higher weights to those elements that are more aligned with the current context.

In applications like image captioning (Evidence 4) and neural image caption generation (Evidence 5), attention mechanisms help in generating captions where each word is associated with a specific part of the input image, mimicking human saccades. This ensures that the model focuses on important features or regions of the image when generating text descriptions.

Evidence: [Evidence 1], [Evidence 2], [Evidence 3], [Evidence 4], [Evidence 5]",8f30d820a639;903bab1610e2;eb9d7e1e1eee;c3aca36c1732;7d0d84d31bb4,"Lecture 8(2).pdf, page 3, chunk 8f30d820a639;Lecture 7(1).pdf, page 65, chunk 903bab1610e2;Lecture 7(1).pdf, page 77, chunk eb9d7e1e1eee;Lecture 7(1).pdf, page 74, chunk c3aca36c1732;Lecture 8(2).pdf, page 17, chunk 7d0d84d31bb4",ollama,qwen2.5:3b,9.300693082986982,2,875,488,"route={'in_scope': 'yes', 'question_type': 'concept', 'lecture_topic': 'Attention Mechanism in Neural Networks', 'search_query': 'Lecture 8 attention transformer What are attention weights used for?'}",1.0,1.0,1,,,auto-score; manually sanity-check before final submission
B014,retrieval_concept,L8,What are attention weights used for?,Attention weights determine how much each input or encoder state contributes to the context vector.,Lecture 8 attention,attention weights;input;encoder state;context vector,no,answer,V3_retrieval_verifier,"Attention weights are used to normalize alignment scores, transforming them into values between 0 and 1 that sum up to 1. This process is crucial for guiding the model's focus during tasks such as image captioning and sequence-to-sequence learning.

Key Course Terms:
- Attention: From Scores to Weights (Evidence [Evidence 1])
- General Attention Layer (Evidence [Evidence 3], Evidence [Evidence 5])

Caveat:
- The attention weights are used in the context of both parallel and sequential models, as described in Evidence [Evidence 4] and Evidence [Evidence 5].

Evidence: [Evidence 1], [Evidence 2], [Evidence 3], [Evidence 4], [Evidence 5]",903bab1610e2;c3aca36c1732;7d0d84d31bb4;830c3d6ffdb6;12500c1d7a27,"Lecture 7(1).pdf, page 65, chunk 903bab1610e2;Lecture 7(1).pdf, page 74, chunk c3aca36c1732;Lecture 8(2).pdf, page 17, chunk 7d0d84d31bb4;Lecture 8(2).pdf, page 6, chunk 830c3d6ffdb6;Lecture 8(2).pdf, page 14, chunk 12500c1d7a27",ollama,qwen2.5:3b,11.158145249995869,2,1832,278,draft_then_verifier_rejected_overcorrection,0.0,1.0,1,,,auto-score; manually sanity-check before final submission
B014,retrieval_concept,L8,What are attention weights used for?,Attention weights determine how much each input or encoder state contributes to the context vector.,Lecture 8 attention,attention weights;input;encoder state;context vector,no,answer,V4_full_router_retrieval_verifier,"What are attention weights used for?  
Direct Answer: Attention weights are used to normalize alignment scores and guide the model in focusing on certain parts of input sequences or images, thereby allowing it to attend to relevant information.  

Key Course Terms: Alignment, softmax, attention mechanism

Explanation:
Attention mechanisms form the backbone of Transformer models, enabling them to focus on different parts of a sequence during processing. In the context provided by Evidence 1 and Evidence 2, attention weights are derived from scores that represent how well each part of the input aligns with the query (e.g., decoder's previous hidden state). These alignment scores are then normalized using softmax to produce attention weights, which range between 0 and 1. The sum of all attention weights for a given sequence element is always 1.

The mechanism involves computing projections from the input data into key, value, and query vectors (Evidence 3), calculating scaled dot-product alignments between these vectors, applying softmax to obtain normalized attention weights, and finally using these weights to compute weighted sums of values. This process allows the model to focus on relevant parts of the sequence or image by giving higher weights to those elements that are more aligned with the current context.

In applications like image captioning (Evidence 4) and neural image caption generation (Evidence 5), attention mechanisms help in generating captions where each word is associated with a specific part of the input image, mimicking human saccades. This ensures that the model focuses on important features or regions of the image when generating text descriptions.

Evidence: [Evidence 1], [Evidence 2], [Evidence 3], [Evidence 4], [Evidence 5]",8f30d820a639;903bab1610e2;eb9d7e1e1eee;c3aca36c1732;7d0d84d31bb4,"Lecture 8(2).pdf, page 3, chunk 8f30d820a639;Lecture 7(1).pdf, page 65, chunk 903bab1610e2;Lecture 7(1).pdf, page 77, chunk eb9d7e1e1eee;Lecture 7(1).pdf, page 74, chunk c3aca36c1732;Lecture 8(2).pdf, page 17, chunk 7d0d84d31bb4",ollama,qwen2.5:3b,12.777149999994435,3,2184,554,"draft_then_verifier_rejected_overcorrection;route={""in_scope"": ""yes"", ""question_type"": ""concept"", ""lecture_topic"": ""Attention Mechanism in Neural Networks"", ""search_query"": ""Lecture 8 attention transformer What are attention weights used for?""}",1.0,1.0,1,,,auto-score; manually sanity-check before final submission
B014,retrieval_concept,L8,What are attention weights used for?,Attention weights determine how much each input or encoder state contributes to the context vector.,Lecture 8 attention,attention weights;input;encoder state;context vector,no,answer,A1_full_without_router,"What are attention weights used for?  
Direct Answer: Attention weights are used to normalize alignment scores and guide the model in focusing on certain parts of input sequences or images, thereby allowing it to attend to relevant information.  

Key Course Terms: Alignment, softmax, attention mechanism

Explanation:
Attention mechanisms form the backbone of Transformer models, enabling them to focus on different parts of a sequence during processing. In the context provided by Evidence 1 and Evidence 2, attention weights are derived from scores that represent how well each part of the input aligns with the query (e.g., decoder's previous hidden state). These alignment scores are then normalized using softmax to produce attention weights, which range between 0 and 1. The sum of all attention weights for a given sequence element is always 1.

The mechanism involves computing projections from the input data into key, value, and query vectors (Evidence 3), calculating scaled dot-product alignments between these vectors, applying softmax to obtain normalized attention weights, and finally using these weights to compute weighted sums of values. This process allows the model to focus on relevant parts of the sequence or image by giving higher weights to those elements that are more aligned with the current context.

In applications like image captioning (Evidence 4) and neural image caption generation (Evidence 5), attention mechanisms help in generating captions where each word is associated with a specific part of the input image, mimicking human saccades. This ensures that the model focuses on important features or regions of the image when generating text descriptions.

Evidence: [Evidence 1], [Evidence 2], [Evidence 3], [Evidence 4], [Evidence 5]",8f30d820a639;903bab1610e2;eb9d7e1e1eee;c3aca36c1732;7d0d84d31bb4,"Lecture 8(2).pdf, page 3, chunk 8f30d820a639;Lecture 7(1).pdf, page 65, chunk 903bab1610e2;Lecture 7(1).pdf, page 77, chunk eb9d7e1e1eee;Lecture 7(1).pdf, page 74, chunk c3aca36c1732;Lecture 8(2).pdf, page 17, chunk 7d0d84d31bb4",ollama,qwen2.5:3b,20.37517983300495,2,2030,883,"draft_then_verifier_rejected_overcorrection;route={""in_scope"": ""yes"", ""question_type"": ""concept"", ""lecture_topic"": ""Lecture 8 attention transformer"", ""search_query"": ""Lecture 8 attention transformer What are attention weights used for?""}",1.0,1.0,1,,,auto-score; manually sanity-check before final submission
B014,retrieval_concept,L8,What are attention weights used for?,Attention weights determine how much each input or encoder state contributes to the context vector.,Lecture 8 attention,attention weights;input;encoder state;context vector,no,answer,A2_full_without_verifier,"What are attention weights used for?  
Direct Answer: Attention weights are used to normalize alignment scores and guide the model in focusing on certain parts of input sequences or images, thereby allowing it to attend to relevant information.  

Key Course Terms: Alignment, softmax, attention mechanism

Explanation:
Attention mechanisms form the backbone of Transformer models, enabling them to focus on different parts of a sequence during processing. In the context provided by Evidence 1 and Evidence 2, attention weights are derived from scores that represent how well each part of the input aligns with the query (e.g., decoder's previous hidden state). These alignment scores are then normalized using softmax to produce attention weights, which range between 0 and 1. The sum of all attention weights for a given sequence element is always 1.

The mechanism involves computing projections from the input data into key, value, and query vectors (Evidence 3), calculating scaled dot-product alignments between these vectors, applying softmax to obtain normalized attention weights, and finally using these weights to compute weighted sums of values. This process allows the model to focus on relevant parts of the sequence or image by giving higher weights to those elements that are more aligned with the current context.

In applications like image captioning (Evidence 4) and neural image caption generation (Evidence 5), attention mechanisms help in generating captions where each word is associated with a specific part of the input image, mimicking human saccades. This ensures that the model focuses on important features or regions of the image when generating text descriptions.

Evidence: [Evidence 1], [Evidence 2], [Evidence 3], [Evidence 4], [Evidence 5]",8f30d820a639;903bab1610e2;eb9d7e1e1eee;c3aca36c1732;7d0d84d31bb4,"Lecture 8(2).pdf, page 3, chunk 8f30d820a639;Lecture 7(1).pdf, page 65, chunk 903bab1610e2;Lecture 7(1).pdf, page 77, chunk eb9d7e1e1eee;Lecture 7(1).pdf, page 74, chunk c3aca36c1732;Lecture 8(2).pdf, page 17, chunk 7d0d84d31bb4",ollama,qwen2.5:3b,9.300693082986982,2,875,488,"route={""in_scope"": ""yes"", ""question_type"": ""concept"", ""lecture_topic"": ""Attention Mechanism in Neural Networks"", ""search_query"": ""Lecture 8 attention transformer What are attention weights used for?""}",1.0,1.0,1,,,auto-score; manually sanity-check before final submission
B014,retrieval_concept,L8,What are attention weights used for?,Attention weights determine how much each input or encoder state contributes to the context vector.,Lecture 8 attention,attention weights;input;encoder state;context vector,no,answer,A3_full_topk2,"Direct Answer:
Attention weights are used for normalizing the alignment scores to obtain values between 0 and 1, which then sum up to 1. These normalized scores represent the importance of each source sequence element in relation to the current target word.

Key Terms: Attention mechanism, attention weights, normalization

Evidence: [Evidence 1], [Evidence 2]",8f30d820a639;903bab1610e2,"Lecture 8(2).pdf, page 3, chunk 8f30d820a639;Lecture 7(1).pdf, page 65, chunk 903bab1610e2",ollama,qwen2.5:3b,7.378926040997612,3,1064,235,"draft_then_verifier_rejected_overcorrection;route={""in_scope"": ""yes"", ""question_type"": ""concept"", ""lecture_topic"": ""Attention Mechanism in Neural Networks"", ""search_query"": ""Lecture 8 attention transformer What are attention weights used for?""}",0.0,1.0,1,,,auto-score; manually sanity-check before final submission
B014,retrieval_concept,L8,What are attention weights used for?,Attention weights determine how much each input or encoder state contributes to the context vector.,Lecture 8 attention,attention weights;input;encoder state;context vector,no,answer,A4_full_without_calculation_guard,"What are attention weights used for?  
Direct Answer: Attention weights are used to normalize alignment scores and guide the model in focusing on certain parts of input sequences or images, thereby allowing it to attend to relevant information.  

Key Course Terms: Alignment, softmax, attention mechanism

Explanation:
Attention mechanisms form the backbone of Transformer models, enabling them to focus on different parts of a sequence during processing. In the context provided by Evidence 1 and Evidence 2, attention weights are derived from scores that represent how well each part of the input aligns with the query (e.g., decoder's previous hidden state). These alignment scores are then normalized using softmax to produce attention weights, which range between 0 and 1. The sum of all attention weights for a given sequence element is always 1.

The mechanism involves computing projections from the input data into key, value, and query vectors (Evidence 3), calculating scaled dot-product alignments between these vectors, applying softmax to obtain normalized attention weights, and finally using these weights to compute weighted sums of values. This process allows the model to focus on relevant parts of the sequence or image by giving higher weights to those elements that are more aligned with the current context.

In applications like image captioning (Evidence 4) and neural image caption generation (Evidence 5), attention mechanisms help in generating captions where each word is associated with a specific part of the input image, mimicking human saccades. This ensures that the model focuses on important features or regions of the image when generating text descriptions.

Evidence: [Evidence 1], [Evidence 2], [Evidence 3], [Evidence 4], [Evidence 5]",8f30d820a639;903bab1610e2;eb9d7e1e1eee;c3aca36c1732;7d0d84d31bb4,"Lecture 8(2).pdf, page 3, chunk 8f30d820a639;Lecture 7(1).pdf, page 65, chunk 903bab1610e2;Lecture 7(1).pdf, page 77, chunk eb9d7e1e1eee;Lecture 7(1).pdf, page 74, chunk c3aca36c1732;Lecture 8(2).pdf, page 17, chunk 7d0d84d31bb4",ollama,qwen2.5:3b,12.777149999994435,3,2184,554,"draft_then_verifier_rejected_overcorrection;route={""in_scope"": ""yes"", ""question_type"": ""concept"", ""lecture_topic"": ""Attention Mechanism in Neural Networks"", ""search_query"": ""Lecture 8 attention transformer What are attention weights used for?""}",1.0,1.0,1,,,auto-score; manually sanity-check before final submission
B015,retrieval_concept,L9,What is the goal of a generative model?,A generative model learns a distribution that can produce new samples similar to the training data.,Lecture 9 generative models,distribution;new samples;training data,no,answer,V0_baseline_single_call,"The goal of a generative model is to learn the probability distribution of the data. This allows it to generate new instances that are ""like"" the training data, which can be used for tasks such as data augmentation and sampling. (COMP5541-E02)",,,ollama,qwen2.5:3b,1.8376050840015523,1,89,60,,0.5,0.5,0,,,auto-score; manually sanity-check before final submission
B015,retrieval_concept,L9,What is the goal of a generative model?,A generative model learns a distribution that can produce new samples similar to the training data.,Lecture 9 generative models,distribution;new samples;training data,no,answer,V1_retrieval_only,"The goal of a generative model is to create a new probability distribution function (pdf) that represents the underlying data generating process.

Key Course Terms:
- Probability Distribution Function (PDF)
- Mixture Models

Explanation:
According to Evidence 1, in the context of Generative Models, P is described as ""a generative model. It creates a new pdf."" This directly states the goal of a generative model - to generate or create a probability distribution function that models the data.

Formula/Caveat:
- Not applicable for this question.",545ab0187a83;f1927a6e4afa;a21e4792e1de;abd494d8391b;0510510aa4c4,"Lecture 9 .pdf, page 47, chunk 545ab0187a83;Lecture 9 .pdf, page 20, chunk f1927a6e4afa;Lecture 9 .pdf, page 5, chunk a21e4792e1de;Lecture 9 .pdf, page 80, chunk abd494d8391b;T4-pytorch.pdf, page 25, chunk 0510510aa4c4",ollama,qwen2.5:3b,5.076809165999293,1,1023,137,,0.0,1.0,1,,,auto-score; manually sanity-check before final submission
B015,retrieval_concept,L9,What is the goal of a generative model?,A generative model learns a distribution that can produce new samples similar to the training data.,Lecture 9 generative models,distribution;new samples;training data,no,answer,V2_router_rewrite_retrieval,"The goal of a generative model is to explicitly define and learn the probability distribution pmodel(x). This involves creating a new probability density function that describes how likely different data points are, without needing to know this likelihood beforehand.

Key Course Terms:
- Probability Distribution Function (PDF)
- Generative Model

Evidence: 1, 2, 3, 4, 5",f1927a6e4afa;bbfe6e72d6ae;a21e4792e1de;545ab0187a83;85afa669b7c4,"Lecture 9 .pdf, page 20, chunk f1927a6e4afa;Lecture 9 .pdf, page 1, chunk bbfe6e72d6ae;Lecture 9 .pdf, page 5, chunk a21e4792e1de;Lecture 9 .pdf, page 47, chunk 545ab0187a83;Lecture 9 .pdf, page 77, chunk 85afa669b7c4",ollama,qwen2.5:3b,5.166190833988367,2,737,143,"route={'in_scope': 'yes', 'question_type': 'concept', 'lecture_topic': 'Generative Models and Discriminative Models in Machine Learning', 'search_query': 'Lecture 9 generative models What is the goal of a generative model?'}",0.0,1.0,1,,,auto-score; manually sanity-check before final submission
B015,retrieval_concept,L9,What is the goal of a generative model?,A generative model learns a distribution that can produce new samples similar to the training data.,Lecture 9 generative models,distribution;new samples;training data,no,answer,V3_retrieval_verifier,"The goal of a generative model is to create a new probability distribution function (pdf) that represents the underlying data generating process.

Key Course Terms:
- Probability Distribution Function (PDF)
- Mixture Models

Explanation:
According to Evidence 1, in the context of Generative Models, P is described as ""a generative model. It creates a new pdf."" This directly states the goal of a generative model - to generate or create a probability distribution function that models the data.

Formula/Caveat:
- Not applicable for this question.",545ab0187a83;f1927a6e4afa;a21e4792e1de;abd494d8391b;0510510aa4c4,"Lecture 9 .pdf, page 47, chunk 545ab0187a83;Lecture 9 .pdf, page 20, chunk f1927a6e4afa;Lecture 9 .pdf, page 5, chunk a21e4792e1de;Lecture 9 .pdf, page 80, chunk abd494d8391b;T4-pytorch.pdf, page 25, chunk 0510510aa4c4",ollama,qwen2.5:3b,9.082656208003757,2,2322,211,draft_then_verifier_rejected_overcorrection,0.0,1.0,1,,,auto-score; manually sanity-check before final submission
B015,retrieval_concept,L9,What is the goal of a generative model?,A generative model learns a distribution that can produce new samples similar to the training data.,Lecture 9 generative models,distribution;new samples;training data,no,answer,V4_full_router_retrieval_verifier,"The goal of a generative model is to explicitly define and learn the probability distribution pmodel(x). This involves creating a new probability density function that describes how likely different data points are, without needing to know this likelihood beforehand.

Key Course Terms:
- Probability Distribution Function (PDF)
- Generative Model

Evidence: 1, 2, 3, 4, 5",f1927a6e4afa;bbfe6e72d6ae;a21e4792e1de;545ab0187a83;85afa669b7c4,"Lecture 9 .pdf, page 20, chunk f1927a6e4afa;Lecture 9 .pdf, page 1, chunk bbfe6e72d6ae;Lecture 9 .pdf, page 5, chunk a21e4792e1de;Lecture 9 .pdf, page 47, chunk 545ab0187a83;Lecture 9 .pdf, page 77, chunk 85afa669b7c4",ollama,qwen2.5:3b,8.947354375981377,3,1562,243,"draft_then_verifier_rejected_overcorrection;route={""in_scope"": ""yes"", ""question_type"": ""concept"", ""lecture_topic"": ""Generative Models and Discriminative Models in Machine Learning"", ""search_query"": ""Lecture 9 generative models What is the goal of a generative model?""}",0.0,1.0,1,,,auto-score; manually sanity-check before final submission
B015,retrieval_concept,L9,What is the goal of a generative model?,A generative model learns a distribution that can produce new samples similar to the training data.,Lecture 9 generative models,distribution;new samples;training data,no,answer,A1_full_without_router,"The goal of a generative model is to explicitly define and learn the probability distribution pmodel(x). This involves creating a new probability density function that describes how likely different data points are, without needing to know this likelihood beforehand.

Key Course Terms:
- Probability Distribution Function (PDF)
- Generative Model

Evidence: 1, 2, 3, 4, 5",f1927a6e4afa;bbfe6e72d6ae;a21e4792e1de;545ab0187a83;85afa669b7c4,"Lecture 9 .pdf, page 20, chunk f1927a6e4afa;Lecture 9 .pdf, page 1, chunk bbfe6e72d6ae;Lecture 9 .pdf, page 5, chunk a21e4792e1de;Lecture 9 .pdf, page 47, chunk 545ab0187a83;Lecture 9 .pdf, page 77, chunk 85afa669b7c4",ollama,qwen2.5:3b,7.140045167005155,2,1400,193,"draft_then_verifier_rejected_overcorrection;route={""in_scope"": ""yes"", ""question_type"": ""concept"", ""lecture_topic"": ""Lecture 9 generative models"", ""search_query"": ""Lecture 9 generative models What is the goal of a generative model?""}",0.0,1.0,1,,,auto-score; manually sanity-check before final submission
B015,retrieval_concept,L9,What is the goal of a generative model?,A generative model learns a distribution that can produce new samples similar to the training data.,Lecture 9 generative models,distribution;new samples;training data,no,answer,A2_full_without_verifier,"The goal of a generative model is to explicitly define and learn the probability distribution pmodel(x). This involves creating a new probability density function that describes how likely different data points are, without needing to know this likelihood beforehand.

Key Course Terms:
- Probability Distribution Function (PDF)
- Generative Model

Evidence: 1, 2, 3, 4, 5",f1927a6e4afa;bbfe6e72d6ae;a21e4792e1de;545ab0187a83;85afa669b7c4,"Lecture 9 .pdf, page 20, chunk f1927a6e4afa;Lecture 9 .pdf, page 1, chunk bbfe6e72d6ae;Lecture 9 .pdf, page 5, chunk a21e4792e1de;Lecture 9 .pdf, page 47, chunk 545ab0187a83;Lecture 9 .pdf, page 77, chunk 85afa669b7c4",ollama,qwen2.5:3b,5.166190833988367,2,737,143,"route={""in_scope"": ""yes"", ""question_type"": ""concept"", ""lecture_topic"": ""Generative Models and Discriminative Models in Machine Learning"", ""search_query"": ""Lecture 9 generative models What is the goal of a generative model?""}",0.0,1.0,1,,,auto-score; manually sanity-check before final submission
B015,retrieval_concept,L9,What is the goal of a generative model?,A generative model learns a distribution that can produce new samples similar to the training data.,Lecture 9 generative models,distribution;new samples;training data,no,answer,A3_full_topk2,"The goal of a generative model is to explicitly define and learn the probability density distribution, pmodel(x), without directly defining it. This involves solving for pmodel(x) through methods such as Gaussian Mixture Models or Adversarial Networks/PixelCNN.

Key Course Terms:
- Generative Models
- Probability Density Distribution (pmodel(x))

Evidence: [Evidence 1], [Evidence 2]",f1927a6e4afa;bbfe6e72d6ae,"Lecture 9 .pdf, page 20, chunk f1927a6e4afa;Lecture 9 .pdf, page 1, chunk bbfe6e72d6ae",ollama,qwen2.5:3b,7.810407916986151,3,1121,225,"draft_then_verifier_rejected_overcorrection;route={""in_scope"": ""yes"", ""question_type"": ""concept"", ""lecture_topic"": ""Generative Models and Discriminative Models in Machine Learning"", ""search_query"": ""Lecture 9 generative models What is the goal of a generative model?""}",0.0,1.0,1,,,auto-score; manually sanity-check before final submission
B015,retrieval_concept,L9,What is the goal of a generative model?,A generative model learns a distribution that can produce new samples similar to the training data.,Lecture 9 generative models,distribution;new samples;training data,no,answer,A4_full_without_calculation_guard,"The goal of a generative model is to explicitly define and learn the probability distribution pmodel(x). This involves creating a new probability density function that describes how likely different data points are, without needing to know this likelihood beforehand.

Key Course Terms:
- Probability Distribution Function (PDF)
- Generative Model

Evidence: 1, 2, 3, 4, 5",f1927a6e4afa;bbfe6e72d6ae;a21e4792e1de;545ab0187a83;85afa669b7c4,"Lecture 9 .pdf, page 20, chunk f1927a6e4afa;Lecture 9 .pdf, page 1, chunk bbfe6e72d6ae;Lecture 9 .pdf, page 5, chunk a21e4792e1de;Lecture 9 .pdf, page 47, chunk 545ab0187a83;Lecture 9 .pdf, page 77, chunk 85afa669b7c4",ollama,qwen2.5:3b,8.947354375981377,3,1562,243,"draft_then_verifier_rejected_overcorrection;route={""in_scope"": ""yes"", ""question_type"": ""concept"", ""lecture_topic"": ""Generative Models and Discriminative Models in Machine Learning"", ""search_query"": ""Lecture 9 generative models What is the goal of a generative model?""}",0.0,1.0,1,,,auto-score; manually sanity-check before final submission
B016,reasoning_comparison,L2,Why should K in KNN be selected using validation data instead of the test set?,"Validation data is for hyperparameter selection, while the test set should remain reserved for final unbiased evaluation.",Lecture 2 validation test split,validation;hyperparameter;test set;final evaluation,no,answer,V0_baseline_single_call,"K in K-Nearest Neighbors (KNN) should be selected using validation data rather than the test set to avoid data leakage. The test set is reserved for evaluating the final model, ensuring an unbiased assessment of its performance. Using validation data for tuning hyperparameters like K can lead to overly optimistic estimates of model performance because the same data might influence both training and validation processes. This violates the principle of independent and identically distributed (i.i.d.) assumptions required for valid statistical inference. Therefore, selecting K using a separate validation set helps in achieving more reliable and robust model evaluation.",,,ollama,qwen2.5:3b,3.754064457985805,1,98,168,,1.0,0.5,0,,,auto-score; manually sanity-check before final submission
B016,reasoning_comparison,L2,Why should K in KNN be selected using validation data instead of the test set?,"Validation data is for hyperparameter selection, while the test set should remain reserved for final unbiased evaluation.",Lecture 2 validation test split,validation;hyperparameter;test set;final evaluation,no,answer,V1_retrieval_only,"Why should K in KNN be selected using validation data instead of the test set? The main reason is that selecting K from validation data helps to avoid overfitting, ensuring better generalization performance on unseen data. This approach aligns with the principle of cross-validation where a portion of the training data is used as a validation set to tune hyperparameters like K without compromising the final evaluation on an independent test set.

Key course terms: Cross-Validation, Hyperparameter Tuning
Mechanism: Using a separate validation set for model selection and preventing overfitting.
Caveat: Over-reliance on validation data can lead to overly optimistic performance estimates. Evidence: [Evidence 1], [Evidence 2]",2d50f93df5e7;a37cb6ad8f7f;8d1244d95258;9c15f8ecc779;cbb2714bf078,"Lecture2-2026-COMP5541(1).pdf, page 36, chunk 2d50f93df5e7;Lecture2-2026-COMP5541(1).pdf, page 24, chunk a37cb6ad8f7f;Lecture2-2026-COMP5541(1).pdf, page 82, chunk 8d1244d95258;Lecture2-2026-COMP5541(1).pdf, page 81, chunk 9c15f8ecc779;Lecture2-2026-COMP5541(1).pdf, page 25, chunk cbb2714bf078",ollama,qwen2.5:3b,6.494644124992192,1,1275,182,,1.0,1.0,1,,,auto-score; manually sanity-check before final submission
B016,reasoning_comparison,L2,Why should K in KNN be selected using validation data instead of the test set?,"Validation data is for hyperparameter selection, while the test set should remain reserved for final unbiased evaluation.",Lecture 2 validation test split,validation;hyperparameter;test set;final evaluation,no,answer,V2_router_rewrite_retrieval,"Why should K in KNN be selected using validation data instead of the test set? The most appropriate approach for selecting the hyperparameter K is to use a validation set or cross-validation (Evidence: [Evidence 3]). This method allows for effective estimation of hyperparameters without compromising model performance evaluation, which is crucial for ensuring robustness and generalization.

Key terms:
- Hyperparameter
- Validation set
- Cross-validation

Evidence: [Evidence 1], [Evidence 2], [Evidence 3]",8d1244d95258;9c15f8ecc779;2d50f93df5e7;46399ba258fb;a37cb6ad8f7f,"Lecture2-2026-COMP5541(1).pdf, page 82, chunk 8d1244d95258;Lecture2-2026-COMP5541(1).pdf, page 81, chunk 9c15f8ecc779;Lecture2-2026-COMP5541(1).pdf, page 36, chunk 2d50f93df5e7;Lecture2-2026-COMP5541(1).pdf, page 29, chunk 46399ba258fb;Lecture2-2026-COMP5541(1).pdf, page 24, chunk a37cb6ad8f7f",ollama,qwen2.5:3b,6.5846031670080265,2,1318,172,"route={'in_scope': 'yes', 'question_type': 'comparison', 'lecture_topic': 'model_selection_and_validation', 'search_query': 'Lecture 2 KNN Why should K in KNN be selected using validation data instead of the test set?'}",1.0,1.0,1,,,auto-score; manually sanity-check before final submission
B016,reasoning_comparison,L2,Why should K in KNN be selected using validation data instead of the test set?,"Validation data is for hyperparameter selection, while the test set should remain reserved for final unbiased evaluation.",Lecture 2 validation test split,validation;hyperparameter;test set;final evaluation,no,answer,V3_retrieval_verifier,"Why should K in KNN be selected using validation data instead of the test set? The main reason is that selecting K from validation data helps to avoid overfitting, ensuring better generalization performance on unseen data. This approach aligns with the principle of cross-validation where a portion of the training data is used as a validation set to tune hyperparameters like K without compromising the final evaluation on an independent test set.

Key course terms: Cross-Validation, Hyperparameter Tuning
Mechanism: Using a separate validation set for model selection and preventing overfitting.
Caveat: Over-reliance on validation data can lead to overly optimistic performance estimates. Evidence: [Evidence 1], [Evidence 2]",2d50f93df5e7;a37cb6ad8f7f;8d1244d95258;9c15f8ecc779;cbb2714bf078,"Lecture2-2026-COMP5541(1).pdf, page 36, chunk 2d50f93df5e7;Lecture2-2026-COMP5541(1).pdf, page 24, chunk a37cb6ad8f7f;Lecture2-2026-COMP5541(1).pdf, page 82, chunk 8d1244d95258;Lecture2-2026-COMP5541(1).pdf, page 81, chunk 9c15f8ecc779;Lecture2-2026-COMP5541(1).pdf, page 25, chunk cbb2714bf078",ollama,qwen2.5:3b,12.271992499998303,2,2874,313,draft_then_verifier_rejected_overcorrection,1.0,1.0,1,,,auto-score; manually sanity-check before final submission
B016,reasoning_comparison,L2,Why should K in KNN be selected using validation data instead of the test set?,"Validation data is for hyperparameter selection, while the test set should remain reserved for final unbiased evaluation.",Lecture 2 validation test split,validation;hyperparameter;test set;final evaluation,no,answer,V4_full_router_retrieval_verifier,"Why should K in KNN be selected using validation data instead of the test set? The most appropriate approach for selecting the hyperparameter K is to use a validation set or cross-validation (Evidence: [Evidence 3]). This method allows for effective estimation of hyperparameters without compromising model performance evaluation, which is crucial for ensuring robustness and generalization.

Key terms:
- Hyperparameter
- Validation set
- Cross-validation

Evidence: [Evidence 1], [Evidence 2], [Evidence 3]",8d1244d95258;9c15f8ecc779;2d50f93df5e7;46399ba258fb;a37cb6ad8f7f,"Lecture2-2026-COMP5541(1).pdf, page 82, chunk 8d1244d95258;Lecture2-2026-COMP5541(1).pdf, page 81, chunk 9c15f8ecc779;Lecture2-2026-COMP5541(1).pdf, page 36, chunk 2d50f93df5e7;Lecture2-2026-COMP5541(1).pdf, page 29, chunk 46399ba258fb;Lecture2-2026-COMP5541(1).pdf, page 24, chunk a37cb6ad8f7f",ollama,qwen2.5:3b,11.633609166994574,3,2747,285,"draft_then_verifier_rejected_overcorrection;route={""in_scope"": ""yes"", ""question_type"": ""comparison"", ""lecture_topic"": ""model_selection_and_validation"", ""search_query"": ""Lecture 2 KNN Why should K in KNN be selected using validation data instead of the test set?""}",1.0,1.0,1,,,auto-score; manually sanity-check before final submission
B016,reasoning_comparison,L2,Why should K in KNN be selected using validation data instead of the test set?,"Validation data is for hyperparameter selection, while the test set should remain reserved for final unbiased evaluation.",Lecture 2 validation test split,validation;hyperparameter;test set;final evaluation,no,answer,A1_full_without_router,"Why should K in KNN be selected using validation data instead of the test set? The most appropriate approach for selecting the hyperparameter K is to use a validation set or cross-validation (Evidence: [Evidence 3]). This method allows for effective estimation of hyperparameters without compromising model performance evaluation, which is crucial for ensuring robustness and generalization.

Key terms:
- Hyperparameter
- Validation set
- Cross-validation

Evidence: [Evidence 1], [Evidence 2], [Evidence 3]",8d1244d95258;9c15f8ecc779;2d50f93df5e7;46399ba258fb;a37cb6ad8f7f,"Lecture2-2026-COMP5541(1).pdf, page 82, chunk 8d1244d95258;Lecture2-2026-COMP5541(1).pdf, page 81, chunk 9c15f8ecc779;Lecture2-2026-COMP5541(1).pdf, page 36, chunk 2d50f93df5e7;Lecture2-2026-COMP5541(1).pdf, page 29, chunk 46399ba258fb;Lecture2-2026-COMP5541(1).pdf, page 24, chunk a37cb6ad8f7f",ollama,qwen2.5:3b,9.918618501003948,2,2581,240,"draft_then_verifier_rejected_overcorrection;route={""in_scope"": ""yes"", ""question_type"": ""comparison"", ""lecture_topic"": ""Lecture 2 KNN"", ""search_query"": ""Lecture 2 KNN Why should K in KNN be selected using validation data instead of the test set?""}",1.0,1.0,1,,,auto-score; manually sanity-check before final submission
B016,reasoning_comparison,L2,Why should K in KNN be selected using validation data instead of the test set?,"Validation data is for hyperparameter selection, while the test set should remain reserved for final unbiased evaluation.",Lecture 2 validation test split,validation;hyperparameter;test set;final evaluation,no,answer,A2_full_without_verifier,"Why should K in KNN be selected using validation data instead of the test set? The most appropriate approach for selecting the hyperparameter K is to use a validation set or cross-validation (Evidence: [Evidence 3]). This method allows for effective estimation of hyperparameters without compromising model performance evaluation, which is crucial for ensuring robustness and generalization.

Key terms:
- Hyperparameter
- Validation set
- Cross-validation

Evidence: [Evidence 1], [Evidence 2], [Evidence 3]",8d1244d95258;9c15f8ecc779;2d50f93df5e7;46399ba258fb;a37cb6ad8f7f,"Lecture2-2026-COMP5541(1).pdf, page 82, chunk 8d1244d95258;Lecture2-2026-COMP5541(1).pdf, page 81, chunk 9c15f8ecc779;Lecture2-2026-COMP5541(1).pdf, page 36, chunk 2d50f93df5e7;Lecture2-2026-COMP5541(1).pdf, page 29, chunk 46399ba258fb;Lecture2-2026-COMP5541(1).pdf, page 24, chunk a37cb6ad8f7f",ollama,qwen2.5:3b,6.5846031670080265,2,1318,172,"route={""in_scope"": ""yes"", ""question_type"": ""comparison"", ""lecture_topic"": ""model_selection_and_validation"", ""search_query"": ""Lecture 2 KNN Why should K in KNN be selected using validation data instead of the test set?""}",1.0,1.0,1,,,auto-score; manually sanity-check before final submission
B016,reasoning_comparison,L2,Why should K in KNN be selected using validation data instead of the test set?,"Validation data is for hyperparameter selection, while the test set should remain reserved for final unbiased evaluation.",Lecture 2 validation test split,validation;hyperparameter;test set;final evaluation,no,answer,A3_full_topk2,"Why should K in KNN be selected using validation data instead of the test set?
Key terms: hyperparameter, selection approach
The most appropriate approach for selecting the hyperparameter K in the K-Nearest Neighbors (KNN) algorithm is to use a validation set or cross-validation. This method was explicitly stated as correct in In-class exercise Q2 on page 81 of Lecture2-2026-COMP5541(1).pdf, score=0.2310.

The test set should not be used for selecting K because it would introduce data leakage and lead to overly optimistic performance estimates. Instead, validation data is utilized to prevent this issue by allowing the model's hyperparameters (like K) to be tuned without compromising the integrity of the evaluation process.
Evidence: [Evidence 1], [Evidence 2]",8d1244d95258;9c15f8ecc779,"Lecture2-2026-COMP5541(1).pdf, page 82, chunk 8d1244d95258;Lecture2-2026-COMP5541(1).pdf, page 81, chunk 9c15f8ecc779",ollama,qwen2.5:3b,12.319325208998634,3,2019,343,"draft_then_verifier_rejected_overcorrection;route={""in_scope"": ""yes"", ""question_type"": ""comparison"", ""lecture_topic"": ""model_selection_and_validation"", ""search_query"": ""Lecture 2 KNN Why should K in KNN be selected using validation data instead of the test set?""}",1.0,1.0,1,,,auto-score; manually sanity-check before final submission
B016,reasoning_comparison,L2,Why should K in KNN be selected using validation data instead of the test set?,"Validation data is for hyperparameter selection, while the test set should remain reserved for final unbiased evaluation.",Lecture 2 validation test split,validation;hyperparameter;test set;final evaluation,no,answer,A4_full_without_calculation_guard,"Why should K in KNN be selected using validation data instead of the test set? The most appropriate approach for selecting the hyperparameter K is to use a validation set or cross-validation (Evidence: [Evidence 3]). This method allows for effective estimation of hyperparameters without compromising model performance evaluation, which is crucial for ensuring robustness and generalization.

Key terms:
- Hyperparameter
- Validation set
- Cross-validation

Evidence: [Evidence 1], [Evidence 2], [Evidence 3]",8d1244d95258;9c15f8ecc779;2d50f93df5e7;46399ba258fb;a37cb6ad8f7f,"Lecture2-2026-COMP5541(1).pdf, page 82, chunk 8d1244d95258;Lecture2-2026-COMP5541(1).pdf, page 81, chunk 9c15f8ecc779;Lecture2-2026-COMP5541(1).pdf, page 36, chunk 2d50f93df5e7;Lecture2-2026-COMP5541(1).pdf, page 29, chunk 46399ba258fb;Lecture2-2026-COMP5541(1).pdf, page 24, chunk a37cb6ad8f7f",ollama,qwen2.5:3b,11.633609166994574,3,2747,285,"draft_then_verifier_rejected_overcorrection;route={""in_scope"": ""yes"", ""question_type"": ""comparison"", ""lecture_topic"": ""model_selection_and_validation"", ""search_query"": ""Lecture 2 KNN Why should K in KNN be selected using validation data instead of the test set?""}",1.0,1.0,1,,,auto-score; manually sanity-check before final submission
B017,reasoning_comparison,L2,Why can a very flexible model have high variance?,"A very flexible model can fit training noise and become sensitive to the sampled training data, causing overfitting.",Lecture 2 bias variance,flexible model;training noise;sensitive;overfitting,no,answer,V0_baseline_single_call,"A very flexible model can have high variance because it is able to fit random noise or outliers in the training data as if they were actual patterns, leading to overfitting. This flexibility allows the model to capture complex relationships that may not generalize well to unseen data.

[COMP5541-Evidence03]",,,ollama,qwen2.5:3b,2.021388958004536,1,91,77,,1.0,0.5,0,,,auto-score; manually sanity-check before final submission
B017,reasoning_comparison,L2,Why can a very flexible model have high variance?,"A very flexible model can fit training noise and become sensitive to the sampled training data, causing overfitting.",Lecture 2 bias variance,flexible model;training noise;sensitive;overfitting,no,answer,V1_retrieval_only,"A very flexible model can have high variance because it is too simple to capture the underlying complex pattern in the data, instead of just capturing noise. This aligns with the concept that overfitting occurs when a model has high variance.

Evidence: [Evidence 1], [Evidence 2], [Evidence 3]",cf13f894f1d1;e3d9918d3deb;1f51571182c2;ca6c6044b150;6d6e4a7803ce,"Lecture2-2026-COMP5541(1).pdf, page 80, chunk cf13f894f1d1;Lecture3-2026.pdf, page 9, chunk e3d9918d3deb;Lecture 4.pdf, page 2, chunk 1f51571182c2;Lecture3-2026.pdf, page 8, chunk ca6c6044b150;Lecture3-2026.pdf, page 11, chunk 6d6e4a7803ce",ollama,qwen2.5:3b,3.078996707990882,1,728,73,,0.5,1.0,1,,,auto-score; manually sanity-check before final submission
B017,reasoning_comparison,L2,Why can a very flexible model have high variance?,"A very flexible model can fit training noise and become sensitive to the sampled training data, causing overfitting.",Lecture 2 bias variance,flexible model;training noise;sensitive;overfitting,no,answer,V2_router_rewrite_retrieval,"A very flexible model can have high variance because it overfits the training data. This aligns with the concept that a simpler model has low bias, but high variance, while a more complex model like a very flexible one may capture noise as well as the underlying pattern in the data.

Evidence: [Evidence 1], [Evidence 2]",ca6c6044b150;cbd10035b62d;6d6e4a7803ce;a97881440ee7;cf13f894f1d1,"Lecture3-2026.pdf, page 8, chunk ca6c6044b150;Lecture3-2026.pdf, page 7, chunk cbd10035b62d;Lecture3-2026.pdf, page 11, chunk 6d6e4a7803ce;Lecture 4.pdf, page 4, chunk a97881440ee7;Lecture2-2026-COMP5541(1).pdf, page 80, chunk cf13f894f1d1",ollama,qwen2.5:3b,5.575288332984201,2,809,164,"route={'in_scope': 'yes', 'question_type': 'concept', 'lecture_topic': 'model flexibility and generalization', 'search_query': 'Lecture 2 bias variance Why can a very flexible model have high variance?'}",0.5,1.0,1,,,auto-score; manually sanity-check before final submission
B017,reasoning_comparison,L2,Why can a very flexible model have high variance?,"A very flexible model can fit training noise and become sensitive to the sampled training data, causing overfitting.",Lecture 2 bias variance,flexible model;training noise;sensitive;overfitting,no,answer,V3_retrieval_verifier,"A very flexible model can have high variance because it is too simple to capture the underlying complex pattern in the data, instead of just capturing noise. This aligns with the concept that overfitting occurs when a model has high variance.

Evidence: [Evidence 1], [Evidence 2], [Evidence 3]",cf13f894f1d1;e3d9918d3deb;1f51571182c2;ca6c6044b150;6d6e4a7803ce,"Lecture2-2026-COMP5541(1).pdf, page 80, chunk cf13f894f1d1;Lecture3-2026.pdf, page 9, chunk e3d9918d3deb;Lecture 4.pdf, page 2, chunk 1f51571182c2;Lecture3-2026.pdf, page 8, chunk ca6c6044b150;Lecture3-2026.pdf, page 11, chunk 6d6e4a7803ce",ollama,qwen2.5:3b,6.263481582995155,2,1669,145,draft_then_verifier_rejected_overcorrection,0.5,1.0,1,,,auto-score; manually sanity-check before final submission
B017,reasoning_comparison,L2,Why can a very flexible model have high variance?,"A very flexible model can fit training noise and become sensitive to the sampled training data, causing overfitting.",Lecture 2 bias variance,flexible model;training noise;sensitive;overfitting,no,answer,V4_full_router_retrieval_verifier,"A very flexible model can have high variance because it overfits the training data. This aligns with the concept that a simpler model has low bias, but high variance, while a more complex model like a very flexible one may capture noise as well as the underlying pattern in the data.

Evidence: [Evidence 1], [Evidence 2]",ca6c6044b150;cbd10035b62d;6d6e4a7803ce;a97881440ee7;cf13f894f1d1,"Lecture3-2026.pdf, page 8, chunk ca6c6044b150;Lecture3-2026.pdf, page 7, chunk cbd10035b62d;Lecture3-2026.pdf, page 11, chunk 6d6e4a7803ce;Lecture 4.pdf, page 4, chunk a97881440ee7;Lecture2-2026-COMP5541(1).pdf, page 80, chunk cf13f894f1d1",ollama,qwen2.5:3b,8.246499373984989,3,1685,218,"draft_then_verifier_rejected_overcorrection;route={""in_scope"": ""yes"", ""question_type"": ""concept"", ""lecture_topic"": ""model flexibility and generalization"", ""search_query"": ""Lecture 2 bias variance Why can a very flexible model have high variance?""}",0.5,1.0,1,,,auto-score; manually sanity-check before final submission
B017,reasoning_comparison,L2,Why can a very flexible model have high variance?,"A very flexible model can fit training noise and become sensitive to the sampled training data, causing overfitting.",Lecture 2 bias variance,flexible model;training noise;sensitive;overfitting,no,answer,A1_full_without_router,"A very flexible model can have high variance because it overfits the training data. This aligns with the concept that a simpler model has low bias, but high variance, while a more complex model like a very flexible one may capture noise as well as the underlying pattern in the data.

Evidence: [Evidence 1], [Evidence 2]",ca6c6044b150;cbd10035b62d;6d6e4a7803ce;a97881440ee7;cf13f894f1d1,"Lecture3-2026.pdf, page 8, chunk ca6c6044b150;Lecture3-2026.pdf, page 7, chunk cbd10035b62d;Lecture3-2026.pdf, page 11, chunk 6d6e4a7803ce;Lecture 4.pdf, page 4, chunk a97881440ee7;Lecture2-2026-COMP5541(1).pdf, page 80, chunk cf13f894f1d1",ollama,qwen2.5:3b,5.82202820800012,2,1528,134,"draft_then_verifier_rejected_overcorrection;route={""in_scope"": ""yes"", ""question_type"": ""comparison"", ""lecture_topic"": ""Lecture 2 bias variance"", ""search_query"": ""Lecture 2 bias variance Why can a very flexible model have high variance?""}",0.5,1.0,1,,,auto-score; manually sanity-check before final submission
B017,reasoning_comparison,L2,Why can a very flexible model have high variance?,"A very flexible model can fit training noise and become sensitive to the sampled training data, causing overfitting.",Lecture 2 bias variance,flexible model;training noise;sensitive;overfitting,no,answer,A2_full_without_verifier,"A very flexible model can have high variance because it overfits the training data. This aligns with the concept that a simpler model has low bias, but high variance, while a more complex model like a very flexible one may capture noise as well as the underlying pattern in the data.

Evidence: [Evidence 1], [Evidence 2]",ca6c6044b150;cbd10035b62d;6d6e4a7803ce;a97881440ee7;cf13f894f1d1,"Lecture3-2026.pdf, page 8, chunk ca6c6044b150;Lecture3-2026.pdf, page 7, chunk cbd10035b62d;Lecture3-2026.pdf, page 11, chunk 6d6e4a7803ce;Lecture 4.pdf, page 4, chunk a97881440ee7;Lecture2-2026-COMP5541(1).pdf, page 80, chunk cf13f894f1d1",ollama,qwen2.5:3b,5.575288332984201,2,809,164,"route={""in_scope"": ""yes"", ""question_type"": ""concept"", ""lecture_topic"": ""model flexibility and generalization"", ""search_query"": ""Lecture 2 bias variance Why can a very flexible model have high variance?""}",0.5,1.0,1,,,auto-score; manually sanity-check before final submission
B017,reasoning_comparison,L2,Why can a very flexible model have high variance?,"A very flexible model can fit training noise and become sensitive to the sampled training data, causing overfitting.",Lecture 2 bias variance,flexible model;training noise;sensitive;overfitting,no,answer,A3_full_topk2,"Direct Answer: A very flexible model can have high variance because it can well capture the relationship between variables, leading to different sum of squared errors for various datasets.

Key Terms: Bias-Variance Tradeoff, Variance

Explanation: The lecture notes indicate that a Squiggly Line (a highly flexible model) has low bias due to its ability to closely fit complex relationships in data. However, this flexibility also leads to high variance as the model can produce wildly different predictions for similar datasets, resulting in varying sum of squared errors. In contrast, a Straight Line, while having higher bias, exhibits lower variance because it cannot capture more intricate patterns and thus produces consistent error across different datasets.

Evidence: [Evidence 1], [Evidence 2]",ca6c6044b150;cbd10035b62d,"Lecture3-2026.pdf, page 8, chunk ca6c6044b150;Lecture3-2026.pdf, page 7, chunk cbd10035b62d",ollama,qwen2.5:3b,11.998779207991902,3,1376,416,"draft_then_verifier_rejected_overcorrection;route={""in_scope"": ""yes"", ""question_type"": ""concept"", ""lecture_topic"": ""model flexibility and generalization"", ""search_query"": ""Lecture 2 bias variance Why can a very flexible model have high variance?""}",0.0,1.0,0,,,auto-score; manually sanity-check before final submission
B017,reasoning_comparison,L2,Why can a very flexible model have high variance?,"A very flexible model can fit training noise and become sensitive to the sampled training data, causing overfitting.",Lecture 2 bias variance,flexible model;training noise;sensitive;overfitting,no,answer,A4_full_without_calculation_guard,"A very flexible model can have high variance because it overfits the training data. This aligns with the concept that a simpler model has low bias, but high variance, while a more complex model like a very flexible one may capture noise as well as the underlying pattern in the data.

Evidence: [Evidence 1], [Evidence 2]",ca6c6044b150;cbd10035b62d;6d6e4a7803ce;a97881440ee7;cf13f894f1d1,"Lecture3-2026.pdf, page 8, chunk ca6c6044b150;Lecture3-2026.pdf, page 7, chunk cbd10035b62d;Lecture3-2026.pdf, page 11, chunk 6d6e4a7803ce;Lecture 4.pdf, page 4, chunk a97881440ee7;Lecture2-2026-COMP5541(1).pdf, page 80, chunk cf13f894f1d1",ollama,qwen2.5:3b,8.246499373984989,3,1685,218,"draft_then_verifier_rejected_overcorrection;route={""in_scope"": ""yes"", ""question_type"": ""concept"", ""lecture_topic"": ""model flexibility and generalization"", ""search_query"": ""Lecture 2 bias variance Why can a very flexible model have high variance?""}",0.5,1.0,1,,,auto-score; manually sanity-check before final submission
B018,reasoning_comparison,L3,How do L1 and L2 regularization differ in their effect on weights?,"L1 encourages sparse weights, while L2 shrinks weights more smoothly without usually making them exactly zero.",Lecture 3 regularization,L1;sparse;L2;shrink,no,answer,V0_baseline_single_call,"L1 and L2 regularization both influence the magnitude of model parameters (weights) but through different mechanisms.

- **L2 Regularization** (also known as Ridge Regression): This method adds a penalty equivalent to square of the magnitude of coefficients. The objective function for an L2 regularized model is minimized by balancing the loss function with the sum of squares of weights, encouraging smaller weights while allowing them to remain non-zero. Hence, L2 regularization can help in reducing overfitting but does not drive any weight to exactly zero.

- **L1 Regularization** (also known as Lasso Regression): This method adds a penalty equivalent to the absolute value of the magnitude of coefficients. The objective function for an L1 regularized model is minimized by balancing the loss function with the sum of absolute values of weights, which can drive some weights exactly to zero. Therefore, in addition to reducing overfitting and shrinking weights towards zero, L1 regularization has the capability of performing feature selection by setting certain coefficients to zero.

In summary, while both methods aim to reduce model complexity (and potentially prevent overfitting), they do so differently: L2 shrinks weights but does not set them to zero, whereas L1 can drive some weights to exactly zero.",,,ollama,qwen2.5:3b,4.045858416000556,1,95,330,,1.0,0.5,0,,,auto-score; manually sanity-check before final submission
B018,reasoning_comparison,L3,How do L1 and L2 regularization differ in their effect on weights?,"L1 encourages sparse weights, while L2 shrinks weights more smoothly without usually making them exactly zero.",Lecture 3 regularization,L1;sparse;L2;shrink,no,answer,V1_retrieval_only,"Direct Answer: L1 regularization tends to produce sparse models with some non-zero weights, while L2 regularization results in smaller but non-zero weights for all features.

Key Course Terms:
- Regularization
- Sparsity
- Weight decay

Explanation:
L1 regularization encourages sparsity by penalizing the absolute value of the weights. This means that it can set some weight values to exactly zero, effectively removing those features from the model. In contrast, L2 regularization tends to keep all weights small but non-zero, as it penalizes large weights more heavily than smaller ones.

Formula:
For a given weight vector 𝜃, the L1 penalty is represented by |𝜃!| + |𝜃""|. The L2 penalty is represented by 𝜃!"" + 𝜃"". When minimizing both data loss and regularization terms together, the minimizer of the combined objective will be influenced by which type of regularization is applied. In cases where L1 is used, some weights may approach zero (sparse solution), whereas with L2, all weights remain small but non-zero.

Evidence: [Evidence 1], [Evidence 5]",2c661181b333;1beef16d6d51;f48c16f8f7ba;e77ac5127f88;c2bd08203c6c,"Lecture3-2026.pdf, page 18, chunk 2c661181b333;Lecture3-2026.pdf, page 15, chunk 1beef16d6d51;Lecture 6(2).pdf, page 65, chunk f48c16f8f7ba;Lecture3-2026.pdf, page 16, chunk e77ac5127f88;Lecture3-2026.pdf, page 17, chunk c2bd08203c6c",ollama,qwen2.5:3b,5.008398250000028,1,732,264,,1.0,1.0,1,,,auto-score; manually sanity-check before final submission
B018,reasoning_comparison,L3,How do L1 and L2 regularization differ in their effect on weights?,"L1 encourages sparse weights, while L2 shrinks weights more smoothly without usually making them exactly zero.",Lecture 3 regularization,L1;sparse;L2;shrink,no,answer,V2_router_rewrite_retrieval,"Direct Answer: L1 regularization tends to produce sparse models with some non-zero weights, while L2 regularization results in smaller but non-zero weights for all features.

Key Course Terms:
- Regularization
- Sparsity
- Weight decay

Explanation:
L1 regularization encourages sparsity by penalizing the absolute value of the weights. This means that it can set some weight values to exactly zero, effectively removing those features from the model. In contrast, L2 regularization tends to keep all weights small but non-zero, as it penalizes large weights more heavily than smaller ones.

Formula:
For a given weight vector 𝜃, the combined objective function for minimizing both data loss and regularization is represented by:
- For L1 regularization: 𝑅(𝑤) = |𝜃! | + |𝜃"" |
- For L2 regularization: 𝐿(𝑤) = 𝜃!"" + 𝜃""

Evidence: [Evidence 1], [Evidence 5]",2c661181b333;1beef16d6d51;f48c16f8f7ba;e77ac5127f88;c2bd08203c6c,"Lecture3-2026.pdf, page 18, chunk 2c661181b333;Lecture3-2026.pdf, page 15, chunk 1beef16d6d51;Lecture 6(2).pdf, page 65, chunk f48c16f8f7ba;Lecture3-2026.pdf, page 16, chunk e77ac5127f88;Lecture3-2026.pdf, page 17, chunk c2bd08203c6c",ollama,qwen2.5:3b,5.2882505409979785,2,891,254,"route={'in_scope': 'yes', 'question_type': 'comparison', 'lecture_topic': 'regularization_methods', 'search_query': 'COMP5541 Lectures 2-9 How do L1 and L2 regularization differ in their effect on weights?'}",1.0,1.0,1,,,auto-score; manually sanity-check before final submission
B018,reasoning_comparison,L3,How do L1 and L2 regularization differ in their effect on weights?,"L1 encourages sparse weights, while L2 shrinks weights more smoothly without usually making them exactly zero.",Lecture 3 regularization,L1;sparse;L2;shrink,no,answer,V3_retrieval_verifier,"Direct Answer: L1 regularization tends to produce sparse models with some non-zero weights, while L2 regularization results in smaller but non-zero weights for all features.

Key Course Terms:
- Regularization
- Sparsity
- Weight decay

Explanation:
L1 regularization encourages sparsity by penalizing the absolute value of the weights. This means that it can set some weight values to exactly zero, effectively removing those features from the model. In contrast, L2 regularization tends to keep all weights small but non-zero, as it penalizes large weights more heavily than smaller ones.

Formula:
For a given weight vector 𝜃, the L1 penalty is represented by |𝜃!| + |𝜃""|. The L2 penalty is represented by 𝜃!"" + 𝜃"". When minimizing both data loss and regularization terms together, the minimizer of the combined objective will be influenced by which type of regularization is applied. In cases where L1 is used, some weights may approach zero (sparse solution), whereas with L2, all weights remain small but non-zero.

Evidence: [Evidence 1], [Evidence 5]",2c661181b333;1beef16d6d51;f48c16f8f7ba;e77ac5127f88;c2bd08203c6c,"Lecture3-2026.pdf, page 18, chunk 2c661181b333;Lecture3-2026.pdf, page 15, chunk 1beef16d6d51;Lecture 6(2).pdf, page 65, chunk f48c16f8f7ba;Lecture3-2026.pdf, page 16, chunk e77ac5127f88;Lecture3-2026.pdf, page 17, chunk c2bd08203c6c",ollama,qwen2.5:3b,10.632091874998878,2,1871,527,draft_then_verifier_rejected_overcorrection,1.0,1.0,1,,,auto-score; manually sanity-check before final submission
B018,reasoning_comparison,L3,How do L1 and L2 regularization differ in their effect on weights?,"L1 encourages sparse weights, while L2 shrinks weights more smoothly without usually making them exactly zero.",Lecture 3 regularization,L1;sparse;L2;shrink,no,answer,V4_full_router_retrieval_verifier,"Direct Answer: L1 regularization tends to produce sparse models with some non-zero weights, while L2 regularization results in smaller but non-zero weights for all features.

Key Course Terms:
- Regularization
- Sparsity
- Weight decay

Explanation:
L1 regularization encourages sparsity by penalizing the absolute value of the weights. This means that it can set some weight values to exactly zero, effectively removing those features from the model. In contrast, L2 regularization tends to keep all weights small but non-zero, as it penalizes large weights more heavily than smaller ones.

Formula:
For a given weight vector 𝜃, the combined objective function for minimizing both data loss and regularization is represented by:
- For L1 regularization: 𝑅(𝑤) = |𝜃! | + |𝜃"" |
- For L2 regularization: 𝐿(𝑤) = 𝜃!"" + 𝜃""

Evidence: [Evidence 1], [Evidence 5]",2c661181b333;1beef16d6d51;f48c16f8f7ba;e77ac5127f88;c2bd08203c6c,"Lecture3-2026.pdf, page 18, chunk 2c661181b333;Lecture3-2026.pdf, page 15, chunk 1beef16d6d51;Lecture 6(2).pdf, page 65, chunk f48c16f8f7ba;Lecture3-2026.pdf, page 16, chunk e77ac5127f88;Lecture3-2026.pdf, page 17, chunk c2bd08203c6c",ollama,qwen2.5:3b,10.26393799899597,3,1980,466,"draft_then_verifier_rejected_overcorrection;route={""in_scope"": ""yes"", ""question_type"": ""comparison"", ""lecture_topic"": ""regularization_methods"", ""search_query"": ""COMP5541 Lectures 2-9 How do L1 and L2 regularization differ in their effect on weights?""}",1.0,1.0,1,,,auto-score; manually sanity-check before final submission
B018,reasoning_comparison,L3,How do L1 and L2 regularization differ in their effect on weights?,"L1 encourages sparse weights, while L2 shrinks weights more smoothly without usually making them exactly zero.",Lecture 3 regularization,L1;sparse;L2;shrink,no,answer,A1_full_without_router,"Direct Answer: L1 regularization tends to produce sparse models with some non-zero weights, while L2 regularization results in smaller but non-zero weights for all features.

Key Course Terms:
- Regularization
- Sparsity
- Weight decay

Explanation:
L1 regularization encourages sparsity by penalizing the absolute value of the weights. This means that it can set some weight values to exactly zero, effectively removing those features from the model. In contrast, L2 regularization tends to keep all weights small but non-zero, as it penalizes large weights more heavily than smaller ones.

Formula:
For a given weight vector 𝜃, the combined objective function for minimizing both data loss and regularization is represented by:
- For L1 regularization: 𝑅(𝑤) = |𝜃! | + |𝜃"" |
- For L2 regularization: 𝐿(𝑤) = 𝜃!"" + 𝜃""

Evidence: [Evidence 1], [Evidence 5]",2c661181b333;1beef16d6d51;f48c16f8f7ba;e77ac5127f88;c2bd08203c6c,"Lecture3-2026.pdf, page 18, chunk 2c661181b333;Lecture3-2026.pdf, page 15, chunk 1beef16d6d51;Lecture 6(2).pdf, page 65, chunk f48c16f8f7ba;Lecture3-2026.pdf, page 16, chunk e77ac5127f88;Lecture3-2026.pdf, page 17, chunk c2bd08203c6c",ollama,qwen2.5:3b,9.18005358299706,2,1820,425,"draft_then_verifier_rejected_overcorrection;route={""in_scope"": ""yes"", ""question_type"": ""concept"", ""lecture_topic"": ""COMP5541 Lectures 2-9"", ""search_query"": ""COMP5541 Lectures 2-9 How do L1 and L2 regularization differ in their effect on weights?""}",1.0,1.0,1,,,auto-score; manually sanity-check before final submission
B018,reasoning_comparison,L3,How do L1 and L2 regularization differ in their effect on weights?,"L1 encourages sparse weights, while L2 shrinks weights more smoothly without usually making them exactly zero.",Lecture 3 regularization,L1;sparse;L2;shrink,no,answer,A2_full_without_verifier,"Direct Answer: L1 regularization tends to produce sparse models with some non-zero weights, while L2 regularization results in smaller but non-zero weights for all features.

Key Course Terms:
- Regularization
- Sparsity
- Weight decay

Explanation:
L1 regularization encourages sparsity by penalizing the absolute value of the weights. This means that it can set some weight values to exactly zero, effectively removing those features from the model. In contrast, L2 regularization tends to keep all weights small but non-zero, as it penalizes large weights more heavily than smaller ones.

Formula:
For a given weight vector 𝜃, the combined objective function for minimizing both data loss and regularization is represented by:
- For L1 regularization: 𝑅(𝑤) = |𝜃! | + |𝜃"" |
- For L2 regularization: 𝐿(𝑤) = 𝜃!"" + 𝜃""

Evidence: [Evidence 1], [Evidence 5]",2c661181b333;1beef16d6d51;f48c16f8f7ba;e77ac5127f88;c2bd08203c6c,"Lecture3-2026.pdf, page 18, chunk 2c661181b333;Lecture3-2026.pdf, page 15, chunk 1beef16d6d51;Lecture 6(2).pdf, page 65, chunk f48c16f8f7ba;Lecture3-2026.pdf, page 16, chunk e77ac5127f88;Lecture3-2026.pdf, page 17, chunk c2bd08203c6c",ollama,qwen2.5:3b,5.2882505409979785,2,891,254,"route={""in_scope"": ""yes"", ""question_type"": ""comparison"", ""lecture_topic"": ""regularization_methods"", ""search_query"": ""COMP5541 Lectures 2-9 How do L1 and L2 regularization differ in their effect on weights?""}",1.0,1.0,1,,,auto-score; manually sanity-check before final submission
B018,reasoning_comparison,L3,How do L1 and L2 regularization differ in their effect on weights?,"L1 encourages sparse weights, while L2 shrinks weights more smoothly without usually making them exactly zero.",Lecture 3 regularization,L1;sparse;L2;shrink,no,answer,A3_full_topk2,"Direct Answer: L1 regularization tends to produce sparse models by setting some weights to zero, while L2 regularization keeps all coefficients small but non-zero.

Key Course Terms:
- Regularization
- Sparse Models

Explanation:
The provided evidence discusses the effects of L1 and L2 regularization on model weights. Evidence 1 explains that L2 regularization results in smaller but non-zero weights for all features, whereas L1 regularization can set some feature weights to exactly zero, leading to a sparse model where only important features have non-zero coefficients.

Evidence: [Evidence 1], [Evidence 2]",2c661181b333;1beef16d6d51,"Lecture3-2026.pdf, page 18, chunk 2c661181b333;Lecture3-2026.pdf, page 15, chunk 1beef16d6d51",ollama,qwen2.5:3b,5.817054998999083,3,1312,274,"draft_then_verifier_rejected_overcorrection;route={""in_scope"": ""yes"", ""question_type"": ""comparison"", ""lecture_topic"": ""regularization_methods"", ""search_query"": ""COMP5541 Lectures 2-9 How do L1 and L2 regularization differ in their effect on weights?""}",1.0,1.0,1,,,auto-score; manually sanity-check before final submission
B018,reasoning_comparison,L3,How do L1 and L2 regularization differ in their effect on weights?,"L1 encourages sparse weights, while L2 shrinks weights more smoothly without usually making them exactly zero.",Lecture 3 regularization,L1;sparse;L2;shrink,no,answer,A4_full_without_calculation_guard,"Direct Answer: L1 regularization tends to produce sparse models with some non-zero weights, while L2 regularization results in smaller but non-zero weights for all features.

Key Course Terms:
- Regularization
- Sparsity
- Weight decay

Explanation:
L1 regularization encourages sparsity by penalizing the absolute value of the weights. This means that it can set some weight values to exactly zero, effectively removing those features from the model. In contrast, L2 regularization tends to keep all weights small but non-zero, as it penalizes large weights more heavily than smaller ones.

Formula:
For a given weight vector 𝜃, the combined objective function for minimizing both data loss and regularization is represented by:
- For L1 regularization: 𝑅(𝑤) = |𝜃! | + |𝜃"" |
- For L2 regularization: 𝐿(𝑤) = 𝜃!"" + 𝜃""

Evidence: [Evidence 1], [Evidence 5]",2c661181b333;1beef16d6d51;f48c16f8f7ba;e77ac5127f88;c2bd08203c6c,"Lecture3-2026.pdf, page 18, chunk 2c661181b333;Lecture3-2026.pdf, page 15, chunk 1beef16d6d51;Lecture 6(2).pdf, page 65, chunk f48c16f8f7ba;Lecture3-2026.pdf, page 16, chunk e77ac5127f88;Lecture3-2026.pdf, page 17, chunk c2bd08203c6c",ollama,qwen2.5:3b,10.26393799899597,3,1980,466,"draft_then_verifier_rejected_overcorrection;route={""in_scope"": ""yes"", ""question_type"": ""comparison"", ""lecture_topic"": ""regularization_methods"", ""search_query"": ""COMP5541 Lectures 2-9 How do L1 and L2 regularization differ in their effect on weights?""}",1.0,1.0,1,,,auto-score; manually sanity-check before final submission
B019,reasoning_comparison,L3,Why can minibatch gradient descent be noisier than full-batch gradient descent?,"A minibatch uses only a subset of examples, so its gradient estimate has higher variance than a full-batch gradient.",Lecture 3 minibatch SGD,subset;higher variance;full batch,no,answer,V0_baseline_single_call,"Minibatch gradient descent introduces noise into the optimization process due to its use of smaller subsets (minibatches) of the training data for computing gradients at each iteration. This is in contrast to full-batch gradient descent, which uses all available data points for computing gradients. The variance introduced by using different mini-batches can lead to more fluctuating updates towards the minimum, hence making the optimization process noisier compared to full-batch gradient descent.

[COMP5541-ConceptOfGradientDescent]",,,ollama,qwen2.5:3b,3.5455747499945574,1,99,134,,0.5,0.5,0,,,auto-score; manually sanity-check before final submission
B019,reasoning_comparison,L3,Why can minibatch gradient descent be noisier than full-batch gradient descent?,"A minibatch uses only a subset of examples, so its gradient estimate has higher variance than a full-batch gradient.",Lecture 3 minibatch SGD,subset;higher variance;full batch,no,answer,V1_retrieval_only,"Why can minibatch gradient descent be noisier than full-batch gradient descent?
Because minibatch gradient descent uses only a subset of the data to estimate the gradient at each step, leading to more noisy and less stable updates compared to using all data points in full batch gradient descent. This noise arises from the variability in the mini-batches and can lead to quicker convergence but also more oscillations around the minimum.

Key Course Terms:
- Stochastic Gradient Descent (SGD)
- Noisy gradient
- Local Minima

Evidence: [Evidence 1], [Evidence 5]",730e00f2152e;8587594d8f49;7d0d459a6e0e;d9ffcb4ea568;fed080afe9dd,"Lecture 4.pdf, page 6, chunk 730e00f2152e;T2-Review on Calculus.pdf, page 47, chunk 8587594d8f49;Lecture2-2026-COMP5541(1).pdf, page 52, chunk 7d0d459a6e0e;Lecture2-2026-COMP5541(1).pdf, page 57, chunk d9ffcb4ea568;Lecture 4.pdf, page 5, chunk fed080afe9dd",ollama,qwen2.5:3b,4.400458125004661,1,714,140,,0.5,1.0,0,,,auto-score; manually sanity-check before final submission
B019,reasoning_comparison,L3,Why can minibatch gradient descent be noisier than full-batch gradient descent?,"A minibatch uses only a subset of examples, so its gradient estimate has higher variance than a full-batch gradient.",Lecture 3 minibatch SGD,subset;higher variance;full batch,no,answer,V2_router_rewrite_retrieval,"Why can minibatch gradient descent be noisier than full-batch gradient descent?
Because minibatch gradient descent uses only a subset of the data to estimate the gradient at each step, leading to more noisy and less stable updates compared to using all data points in full batch gradient descent. This noise arises from the variability in the mini-batches and can lead to faster convergence but also more oscillations around the minimum.

Key Course Terms:
- Stochastic Gradient Descent (SGD)
- Noisy gradient
- Local Minima

Evidence: [Evidence 1], [Evidence 5]",730e00f2152e;8587594d8f49;7d0d459a6e0e;d9ffcb4ea568;fed080afe9dd,"Lecture 4.pdf, page 6, chunk 730e00f2152e;T2-Review on Calculus.pdf, page 47, chunk 8587594d8f49;Lecture2-2026-COMP5541(1).pdf, page 52, chunk 7d0d459a6e0e;Lecture2-2026-COMP5541(1).pdf, page 57, chunk d9ffcb4ea568;Lecture 4.pdf, page 5, chunk fed080afe9dd",ollama,qwen2.5:3b,8.569329124991782,2,877,290,"route={'in_scope': 'yes', 'question_type': 'comparison', 'lecture_topic': 'mini-batch gradient descent vs. full batch gradient descent', 'search_query': 'COMP5541 Lectures 2-9 Why can minibatch gradient descent be noisier than full-batch gradient descent?'}",0.5,1.0,0,,,auto-score; manually sanity-check before final submission
B019,reasoning_comparison,L3,Why can minibatch gradient descent be noisier than full-batch gradient descent?,"A minibatch uses only a subset of examples, so its gradient estimate has higher variance than a full-batch gradient.",Lecture 3 minibatch SGD,subset;higher variance;full batch,no,answer,V3_retrieval_verifier,"Why can minibatch gradient descent be noisier than full-batch gradient descent?
Because minibatch gradient descent uses only a subset of the data to estimate the gradient at each step, leading to more noisy and less stable updates compared to using all data points in full batch gradient descent. This noise arises from the variability in the mini-batches and can lead to quicker convergence but also more oscillations around the minimum.

Key Course Terms:
- Stochastic Gradient Descent (SGD)
- Noisy gradient
- Local Minima

Evidence: [Evidence 1], [Evidence 5]",730e00f2152e;8587594d8f49;7d0d459a6e0e;d9ffcb4ea568;fed080afe9dd,"Lecture 4.pdf, page 6, chunk 730e00f2152e;T2-Review on Calculus.pdf, page 47, chunk 8587594d8f49;Lecture2-2026-COMP5541(1).pdf, page 52, chunk 7d0d459a6e0e;Lecture2-2026-COMP5541(1).pdf, page 57, chunk d9ffcb4ea568;Lecture 4.pdf, page 5, chunk fed080afe9dd",ollama,qwen2.5:3b,9.782336292002585,2,1716,287,draft_then_verifier_rejected_overcorrection,0.5,1.0,0,,,auto-score; manually sanity-check before final submission
B019,reasoning_comparison,L3,Why can minibatch gradient descent be noisier than full-batch gradient descent?,"A minibatch uses only a subset of examples, so its gradient estimate has higher variance than a full-batch gradient.",Lecture 3 minibatch SGD,subset;higher variance;full batch,no,answer,V4_full_router_retrieval_verifier,"Why can minibatch gradient descent be noisier than full-batch gradient descent?
Because minibatch gradient descent uses only a subset of the data to estimate the gradient at each step, leading to more noisy and less stable updates compared to using all data points in full batch gradient descent. This noise arises from the variability in the mini-batches and can lead to faster convergence but also more oscillations around the minimum.

Key Course Terms:
- Stochastic Gradient Descent (SGD)
- Noisy gradient
- Local Minima

Evidence: [Evidence 1], [Evidence 5]",730e00f2152e;8587594d8f49;7d0d459a6e0e;d9ffcb4ea568;fed080afe9dd,"Lecture 4.pdf, page 6, chunk 730e00f2152e;T2-Review on Calculus.pdf, page 47, chunk 8587594d8f49;Lecture2-2026-COMP5541(1).pdf, page 52, chunk 7d0d459a6e0e;Lecture2-2026-COMP5541(1).pdf, page 57, chunk d9ffcb4ea568;Lecture 4.pdf, page 5, chunk fed080afe9dd",ollama,qwen2.5:3b,13.917796374997124,3,1888,437,"draft_then_verifier_rejected_overcorrection;route={""in_scope"": ""yes"", ""question_type"": ""comparison"", ""lecture_topic"": ""mini-batch gradient descent vs. full batch gradient descent"", ""search_query"": ""COMP5541 Lectures 2-9 Why can minibatch gradient descent be noisier than full-batch gradient descent?""}",0.5,1.0,0,,,auto-score; manually sanity-check before final submission
B019,reasoning_comparison,L3,Why can minibatch gradient descent be noisier than full-batch gradient descent?,"A minibatch uses only a subset of examples, so its gradient estimate has higher variance than a full-batch gradient.",Lecture 3 minibatch SGD,subset;higher variance;full batch,no,answer,A1_full_without_router,"Why can minibatch gradient descent be noisier than full-batch gradient descent?
Because minibatch gradient descent uses only a subset of the data to estimate the gradient at each step, leading to more noisy and less stable updates compared to using all data points in full batch gradient descent. This noise arises from the variability in the mini-batches and can lead to faster convergence but also more oscillations around the minimum.

Key Course Terms:
- Stochastic Gradient Descent (SGD)
- Noisy gradient
- Local Minima

Evidence: [Evidence 1], [Evidence 5]",730e00f2152e;8587594d8f49;7d0d459a6e0e;d9ffcb4ea568;fed080afe9dd,"Lecture 4.pdf, page 6, chunk 730e00f2152e;T2-Review on Calculus.pdf, page 47, chunk 8587594d8f49;Lecture2-2026-COMP5541(1).pdf, page 52, chunk 7d0d459a6e0e;Lecture2-2026-COMP5541(1).pdf, page 57, chunk d9ffcb4ea568;Lecture 4.pdf, page 5, chunk fed080afe9dd",ollama,qwen2.5:3b,10.127422499994282,2,1715,287,"draft_then_verifier_rejected_overcorrection;route={""in_scope"": ""yes"", ""question_type"": ""calculation"", ""lecture_topic"": ""COMP5541 Lectures 2-9"", ""search_query"": ""COMP5541 Lectures 2-9 Why can minibatch gradient descent be noisier than full-batch gradient descent?""}",0.5,1.0,0,,,auto-score; manually sanity-check before final submission
B019,reasoning_comparison,L3,Why can minibatch gradient descent be noisier than full-batch gradient descent?,"A minibatch uses only a subset of examples, so its gradient estimate has higher variance than a full-batch gradient.",Lecture 3 minibatch SGD,subset;higher variance;full batch,no,answer,A2_full_without_verifier,"Why can minibatch gradient descent be noisier than full-batch gradient descent?
Because minibatch gradient descent uses only a subset of the data to estimate the gradient at each step, leading to more noisy and less stable updates compared to using all data points in full batch gradient descent. This noise arises from the variability in the mini-batches and can lead to faster convergence but also more oscillations around the minimum.

Key Course Terms:
- Stochastic Gradient Descent (SGD)
- Noisy gradient
- Local Minima

Evidence: [Evidence 1], [Evidence 5]",730e00f2152e;8587594d8f49;7d0d459a6e0e;d9ffcb4ea568;fed080afe9dd,"Lecture 4.pdf, page 6, chunk 730e00f2152e;T2-Review on Calculus.pdf, page 47, chunk 8587594d8f49;Lecture2-2026-COMP5541(1).pdf, page 52, chunk 7d0d459a6e0e;Lecture2-2026-COMP5541(1).pdf, page 57, chunk d9ffcb4ea568;Lecture 4.pdf, page 5, chunk fed080afe9dd",ollama,qwen2.5:3b,8.569329124991782,2,877,290,"route={""in_scope"": ""yes"", ""question_type"": ""comparison"", ""lecture_topic"": ""mini-batch gradient descent vs. full batch gradient descent"", ""search_query"": ""COMP5541 Lectures 2-9 Why can minibatch gradient descent be noisier than full-batch gradient descent?""}",0.5,1.0,0,,,auto-score; manually sanity-check before final submission
B019,reasoning_comparison,L3,Why can minibatch gradient descent be noisier than full-batch gradient descent?,"A minibatch uses only a subset of examples, so its gradient estimate has higher variance than a full-batch gradient.",Lecture 3 minibatch SGD,subset;higher variance;full batch,no,answer,A3_full_topk2,"Minibatch gradient descent can be noisier than full-batch gradient descent due to the stochastic nature of sampling subsets of data for each update.

Key Course Terms:
- Gradient Descent
- Saddle points

Mechanism:
The noise in minibatch gradient descent arises from the fact that it uses a subset (minibatch) of the entire dataset rather than all samples. This introduces variability in the computed gradients, leading to more fluctuation and hence ""noisier"" updates.

Formula/Caveat:
- The update rule for minibatch gradient descent is given by: θ := θ - η * ∇L(θ), where L(θ) is the loss function, η is the learning rate, and ∇L(θ) is the gradient of the loss function with respect to θ. This process introduces stochasticity due to sampling.

Evidence:
[Evidence 1], [Evidence 2]",730e00f2152e;8587594d8f49,"Lecture 4.pdf, page 6, chunk 730e00f2152e;T2-Review on Calculus.pdf, page 47, chunk 8587594d8f49",ollama,qwen2.5:3b,13.542183582991129,3,1237,430,"draft_then_verifier_rejected_overcorrection;route={""in_scope"": ""yes"", ""question_type"": ""comparison"", ""lecture_topic"": ""mini-batch gradient descent vs. full batch gradient descent"", ""search_query"": ""COMP5541 Lectures 2-9 Why can minibatch gradient descent be noisier than full-batch gradient descent?""}",0.5,1.0,0,,,auto-score; manually sanity-check before final submission
B019,reasoning_comparison,L3,Why can minibatch gradient descent be noisier than full-batch gradient descent?,"A minibatch uses only a subset of examples, so its gradient estimate has higher variance than a full-batch gradient.",Lecture 3 minibatch SGD,subset;higher variance;full batch,no,answer,A4_full_without_calculation_guard,"Why can minibatch gradient descent be noisier than full-batch gradient descent?
Because minibatch gradient descent uses only a subset of the data to estimate the gradient at each step, leading to more noisy and less stable updates compared to using all data points in full batch gradient descent. This noise arises from the variability in the mini-batches and can lead to faster convergence but also more oscillations around the minimum.

Key Course Terms:
- Stochastic Gradient Descent (SGD)
- Noisy gradient
- Local Minima

Evidence: [Evidence 1], [Evidence 5]",730e00f2152e;8587594d8f49;7d0d459a6e0e;d9ffcb4ea568;fed080afe9dd,"Lecture 4.pdf, page 6, chunk 730e00f2152e;T2-Review on Calculus.pdf, page 47, chunk 8587594d8f49;Lecture2-2026-COMP5541(1).pdf, page 52, chunk 7d0d459a6e0e;Lecture2-2026-COMP5541(1).pdf, page 57, chunk d9ffcb4ea568;Lecture 4.pdf, page 5, chunk fed080afe9dd",ollama,qwen2.5:3b,13.917796374997124,3,1888,437,"draft_then_verifier_rejected_overcorrection;route={""in_scope"": ""yes"", ""question_type"": ""comparison"", ""lecture_topic"": ""mini-batch gradient descent vs. full batch gradient descent"", ""search_query"": ""COMP5541 Lectures 2-9 Why can minibatch gradient descent be noisier than full-batch gradient descent?""}",0.5,1.0,0,,,auto-score; manually sanity-check before final submission
B020,reasoning_comparison,L3,Why can AdaGrad's effective learning rate become too small over training?,"AdaGrad accumulates squared gradients in the denominator, so the effective learning rate can decay continually.",Lecture 3 AdaGrad,accumulates squared gradients;learning rate;decay,no,answer,V0_baseline_single_call,"AdaGrad's effective learning rate can become too small over time due to the accumulation of squared gradient magnitudes used in its denominator for adaptive scaling. This mechanism, designed to help with sparse and noisy gradients by gradually increasing the step size as it observes more data, can lead to diminishing updates if not properly managed. As the algorithm progresses through training, the accumulated sum of squared gradients (which acts as a form of moving average) grows larger, causing the denominator in AdaGrad's learning rate adjustment formula to increase significantly. Consequently, this results in smaller adjustments to the weights during subsequent iterations, effectively reducing the effective learning rate and potentially leading to slow or stagnant convergence.",,,ollama,qwen2.5:3b,4.129921875006403,1,97,197,,0.0,0.5,0,,,auto-score; manually sanity-check before final submission
B020,reasoning_comparison,L3,Why can AdaGrad's effective learning rate become too small over training?,"AdaGrad accumulates squared gradients in the denominator, so the effective learning rate can decay continually.",Lecture 3 AdaGrad,accumulates squared gradients;learning rate;decay,no,answer,V1_retrieval_only,"AdaGrad's effective learning rate can become too small over training due to the mechanism where weights that receive high gradients have their effective learning rate reduced. This is a consequence of AdaGrad adding an element-wise scaling of the gradient based on the historical sum of squares in each dimension, which damps progress along ""steep"" directions.

Key Course Terms:
- AdaGrad
- Effective Learning Rate
- Steep Directions

Evidence: [Evidence 1], [Evidence 5]",e43d18f2ef06;647cb3801605;cf257da6290c;3bf53de7574f;5db87bea127f,"Lecture3-2026.pdf, page 59, chunk e43d18f2ef06;Lecture 6(2).pdf, page 62, chunk 647cb3801605;Lecture 6(2).pdf, page 54, chunk cf257da6290c;Lecture 6(2).pdf, page 58, chunk 3bf53de7574f;Lecture 6(2).pdf, page 57, chunk 5db87bea127f",ollama,qwen2.5:3b,4.2179380409943406,1,801,118,,0.0,1.0,1,,,auto-score; manually sanity-check before final submission
B020,reasoning_comparison,L3,Why can AdaGrad's effective learning rate become too small over training?,"AdaGrad accumulates squared gradients in the denominator, so the effective learning rate can decay continually.",Lecture 3 AdaGrad,accumulates squared gradients;learning rate;decay,no,answer,V2_router_rewrite_retrieval,"Why can AdaGrad's effective learning rate become too small over training?
Direct Answer: AdaGrad's effective learning rate can become too small over training due to the accumulation of squared gradient magnitudes.

Key Course Terms:
- Learning Rate Accumulation

Caveat:
AdaGrad adjusts its learning rate dynamically based on past gradients, which can lead to very small or even zero learning rates for certain parameters if they have encountered large gradients in earlier stages of training. This mechanism is designed to help escape flat or bad local minima and prevent overshooting, but it can also result in overly conservative updates as the model progresses through more epochs.

Evidence:
[Evidence 1], [Evidence 5]",647cb3801605;3bf53de7574f;fce1bd9cd41f;5db87bea127f;cf257da6290c,"Lecture 6(2).pdf, page 62, chunk 647cb3801605;Lecture 6(2).pdf, page 58, chunk 3bf53de7574f;Lecture 6(2).pdf, page 56, chunk fce1bd9cd41f;Lecture 6(2).pdf, page 57, chunk 5db87bea127f;Lecture 6(2).pdf, page 54, chunk cf257da6290c",ollama,qwen2.5:3b,7.041883166995831,2,885,233,"route={'in_scope': 'yes', 'question_type': 'calculation', 'lecture_topic': 'AdaGrad optimization algorithm and its limitations', 'search_query': ""Lecture 6 learning rate scheduler Why can AdaGrad's effective learning rate become too small over training?""}",0.0,1.0,0,,,auto-score; manually sanity-check before final submission
B020,reasoning_comparison,L3,Why can AdaGrad's effective learning rate become too small over training?,"AdaGrad accumulates squared gradients in the denominator, so the effective learning rate can decay continually.",Lecture 3 AdaGrad,accumulates squared gradients;learning rate;decay,no,answer,V3_retrieval_verifier,"AdaGrad's effective learning rate can become too small over training due to the mechanism where weights that receive high gradients have their effective learning rate reduced. This is a consequence of AdaGrad adding an element-wise scaling of the gradient based on the historical sum of squares in each dimension, which damps progress along ""steep"" directions.

Key Course Terms:
- AdaGrad
- Effective Learning Rate
- Steep Directions

Evidence: [Evidence 1], [Evidence 5]",e43d18f2ef06;647cb3801605;cf257da6290c;3bf53de7574f;5db87bea127f,"Lecture3-2026.pdf, page 59, chunk e43d18f2ef06;Lecture 6(2).pdf, page 62, chunk 647cb3801605;Lecture 6(2).pdf, page 54, chunk cf257da6290c;Lecture 6(2).pdf, page 58, chunk 3bf53de7574f;Lecture 6(2).pdf, page 57, chunk 5db87bea127f",ollama,qwen2.5:3b,8.37758412398398,2,1870,224,draft_then_verifier_rejected_overcorrection,0.0,1.0,1,,,auto-score; manually sanity-check before final submission
B020,reasoning_comparison,L3,Why can AdaGrad's effective learning rate become too small over training?,"AdaGrad accumulates squared gradients in the denominator, so the effective learning rate can decay continually.",Lecture 3 AdaGrad,accumulates squared gradients;learning rate;decay,no,answer,V4_full_router_retrieval_verifier,"Why can AdaGrad's effective learning rate become too small over training?
Direct Answer: AdaGrad's effective learning rate can become too small over training due to the accumulation of squared gradient magnitudes.

Key Course Terms:
- Learning Rate Accumulation

Caveat:
AdaGrad adjusts its learning rate dynamically based on past gradients, which can lead to very small or even zero learning rates for certain parameters if they have encountered large gradients in earlier stages of training. This mechanism is designed to help escape flat or bad local minima and prevent overshooting, but it can also result in overly conservative updates as the model progresses through more epochs.

Evidence:
[Evidence 1], [Evidence 5]",647cb3801605;3bf53de7574f;fce1bd9cd41f;5db87bea127f;cf257da6290c,"Lecture 6(2).pdf, page 62, chunk 647cb3801605;Lecture 6(2).pdf, page 58, chunk 3bf53de7574f;Lecture 6(2).pdf, page 56, chunk fce1bd9cd41f;Lecture 6(2).pdf, page 57, chunk 5db87bea127f;Lecture 6(2).pdf, page 54, chunk cf257da6290c",ollama,qwen2.5:3b,10.051004499997362,3,1945,293,"draft_then_verifier_rejected_overcorrection;route={""in_scope"": ""yes"", ""question_type"": ""calculation"", ""lecture_topic"": ""AdaGrad optimization algorithm and its limitations"", ""search_query"": ""Lecture 6 learning rate scheduler Why can AdaGrad's effective learning rate become too small over training?""}",0.0,1.0,0,,,auto-score; manually sanity-check before final submission
B020,reasoning_comparison,L3,Why can AdaGrad's effective learning rate become too small over training?,"AdaGrad accumulates squared gradients in the denominator, so the effective learning rate can decay continually.",Lecture 3 AdaGrad,accumulates squared gradients;learning rate;decay,no,answer,A1_full_without_router,"Why can AdaGrad's effective learning rate become too small over training?
Direct Answer: AdaGrad's effective learning rate can become too small over training due to the accumulation of squared gradient magnitudes.

Key Course Terms:
- Learning Rate Accumulation

Caveat:
AdaGrad adjusts its learning rate dynamically based on past gradients, which can lead to very small or even zero learning rates for certain parameters if they have encountered large gradients in earlier stages of training. This mechanism is designed to help escape flat or bad local minima and prevent overshooting, but it can also result in overly conservative updates as the model progresses through more epochs.

Evidence:
[Evidence 1], [Evidence 5]",647cb3801605;3bf53de7574f;fce1bd9cd41f;5db87bea127f;cf257da6290c,"Lecture 6(2).pdf, page 62, chunk 647cb3801605;Lecture 6(2).pdf, page 58, chunk 3bf53de7574f;Lecture 6(2).pdf, page 56, chunk fce1bd9cd41f;Lecture 6(2).pdf, page 57, chunk 5db87bea127f;Lecture 6(2).pdf, page 54, chunk cf257da6290c",ollama,qwen2.5:3b,8.353481291997014,2,1780,240,"draft_then_verifier_rejected_overcorrection;route={""in_scope"": ""yes"", ""question_type"": ""comparison"", ""lecture_topic"": ""Lecture 6 learning rate scheduler"", ""search_query"": ""Lecture 6 learning rate scheduler Why can AdaGrad's effective learning rate become too small over training?""}",0.0,1.0,0,,,auto-score; manually sanity-check before final submission
B020,reasoning_comparison,L3,Why can AdaGrad's effective learning rate become too small over training?,"AdaGrad accumulates squared gradients in the denominator, so the effective learning rate can decay continually.",Lecture 3 AdaGrad,accumulates squared gradients;learning rate;decay,no,answer,A2_full_without_verifier,"Why can AdaGrad's effective learning rate become too small over training?
Direct Answer: AdaGrad's effective learning rate can become too small over training due to the accumulation of squared gradient magnitudes.

Key Course Terms:
- Learning Rate Accumulation

Caveat:
AdaGrad adjusts its learning rate dynamically based on past gradients, which can lead to very small or even zero learning rates for certain parameters if they have encountered large gradients in earlier stages of training. This mechanism is designed to help escape flat or bad local minima and prevent overshooting, but it can also result in overly conservative updates as the model progresses through more epochs.

Evidence:
[Evidence 1], [Evidence 5]",647cb3801605;3bf53de7574f;fce1bd9cd41f;5db87bea127f;cf257da6290c,"Lecture 6(2).pdf, page 62, chunk 647cb3801605;Lecture 6(2).pdf, page 58, chunk 3bf53de7574f;Lecture 6(2).pdf, page 56, chunk fce1bd9cd41f;Lecture 6(2).pdf, page 57, chunk 5db87bea127f;Lecture 6(2).pdf, page 54, chunk cf257da6290c",ollama,qwen2.5:3b,7.041883166995831,2,885,233,"route={""in_scope"": ""yes"", ""question_type"": ""calculation"", ""lecture_topic"": ""AdaGrad optimization algorithm and its limitations"", ""search_query"": ""Lecture 6 learning rate scheduler Why can AdaGrad's effective learning rate become too small over training?""}",0.0,1.0,0,,,auto-score; manually sanity-check before final submission
B020,reasoning_comparison,L3,Why can AdaGrad's effective learning rate become too small over training?,"AdaGrad accumulates squared gradients in the denominator, so the effective learning rate can decay continually.",Lecture 3 AdaGrad,accumulates squared gradients;learning rate;decay,no,answer,A3_full_topk2,"Direct Answer: AdaGrad's effective learning rate can become too small over training due to the adaptive nature of its learning rate update mechanism.

Key Terms:
- Learning Rate
- Adaptive Learning Rate Mechanism

Explanation:
AdaGrad adjusts the learning rate for each parameter based on the historical sum of squares of gradients. This means that as the model trains, it accumulates a history of squared gradient values for each parameter. As this accumulation grows, the effective learning rate for those parameters decreases, potentially leading to overly cautious updates and causing the learning rate to become too small over time.

Evidence:
[Evidence 1]
[Evidence 2]",647cb3801605;3bf53de7574f,"Lecture 6(2).pdf, page 62, chunk 647cb3801605;Lecture 6(2).pdf, page 58, chunk 3bf53de7574f",ollama,qwen2.5:3b,11.57433133298764,3,1389,398,"draft_then_verifier_rejected_overcorrection;route={""in_scope"": ""yes"", ""question_type"": ""calculation"", ""lecture_topic"": ""AdaGrad optimization algorithm and its limitations"", ""search_query"": ""Lecture 6 learning rate scheduler Why can AdaGrad's effective learning rate become too small over training?""}",0.5,1.0,0,,,auto-score; manually sanity-check before final submission
B020,reasoning_comparison,L3,Why can AdaGrad's effective learning rate become too small over training?,"AdaGrad accumulates squared gradients in the denominator, so the effective learning rate can decay continually.",Lecture 3 AdaGrad,accumulates squared gradients;learning rate;decay,no,answer,A4_full_without_calculation_guard,"Why can AdaGrad's effective learning rate become too small over training?
Direct Answer: AdaGrad's effective learning rate can become too small over training due to the accumulation of squared gradient magnitudes.

Key Course Terms:
- Learning Rate Accumulation

Caveat:
AdaGrad adjusts its learning rate dynamically based on past gradients, which can lead to very small or even zero learning rates for certain parameters if they have encountered large gradients in earlier stages of training. This mechanism is designed to help escape flat or bad local minima and prevent overshooting, but it can also result in overly conservative updates as the model progresses through more epochs.

Evidence:
[Evidence 1], [Evidence 5]",647cb3801605;3bf53de7574f;fce1bd9cd41f;5db87bea127f;cf257da6290c,"Lecture 6(2).pdf, page 62, chunk 647cb3801605;Lecture 6(2).pdf, page 58, chunk 3bf53de7574f;Lecture 6(2).pdf, page 56, chunk fce1bd9cd41f;Lecture 6(2).pdf, page 57, chunk 5db87bea127f;Lecture 6(2).pdf, page 54, chunk cf257da6290c",ollama,qwen2.5:3b,10.051004499997362,3,1945,293,"draft_then_verifier_rejected_overcorrection;route={""in_scope"": ""yes"", ""question_type"": ""calculation"", ""lecture_topic"": ""AdaGrad optimization algorithm and its limitations"", ""search_query"": ""Lecture 6 learning rate scheduler Why can AdaGrad's effective learning rate become too small over training?""}",0.0,1.0,0,,,auto-score; manually sanity-check before final submission
B021,reasoning_comparison,L4,Why does ReLU often train better than sigmoid in hidden layers?,ReLU is non-saturating on the positive side and can reduce vanishing-gradient problems compared with saturated sigmoid units.,Lecture 4 ReLU sigmoid,ReLU;non-saturating;vanishing gradient;sigmoid,no,answer,V0_baseline_single_call,"ReLU (Rectified Linear Unit) often trains better than sigmoid in hidden layers due to its computational efficiency and ability to mitigate the vanishing gradient problem, as stated in (P34, Lecture 6). The non-linear activation function of ReLU allows for faster convergence during training compared to sigmoid. Additionally, ReLU does not suffer from the vanishing gradient issue that can occur with sigmoid when applied to deep neural networks, which helps in maintaining stable and effective learning throughout deeper layers.",,,ollama,qwen2.5:3b,3.119113042004756,1,95,132,,1.0,0.5,0,,,auto-score; manually sanity-check before final submission
B021,reasoning_comparison,L4,Why does ReLU often train better than sigmoid in hidden layers?,ReLU is non-saturating on the positive side and can reduce vanishing-gradient problems compared with saturated sigmoid units.,Lecture 4 ReLU sigmoid,ReLU;non-saturating;vanishing gradient;sigmoid,no,answer,V1_retrieval_only,"Direct Answer: ReLU often trains better than sigmoid in hidden layers because it does not saturate, leading to faster and more stable training.

Key Course Terms: Activation Function, Sigmoid, ReLU

Explanation: The paper by Goodfellow et al. (2013) on page 27 of Lecture 6(2).pdf explains that the Maxout activation function, which includes ReLU as a special case, does not saturate like sigmoid. This non-saturating property allows for faster and more stable training during deep learning models.

Evidence: [Evidence 1], [Evidence 5]",d5da07e269ef;36875f7d53a2;6a1807e0251a;5925e8496b7f;0de2f047389f,"Lecture 6(2).pdf, page 27, chunk d5da07e269ef;Lecture 5.pdf, page 70, chunk 36875f7d53a2;Lecture 5.pdf, page 75, chunk 6a1807e0251a;Lecture 5.pdf, page 65, chunk 5925e8496b7f;Lecture 4.pdf, page 19, chunk 0de2f047389f",ollama,qwen2.5:3b,4.821634042004007,1,540,134,,1.0,1.0,1,,,auto-score; manually sanity-check before final submission
B021,reasoning_comparison,L4,Why does ReLU often train better than sigmoid in hidden layers?,ReLU is non-saturating on the positive side and can reduce vanishing-gradient problems compared with saturated sigmoid units.,Lecture 4 ReLU sigmoid,ReLU;non-saturating;vanishing gradient;sigmoid,no,answer,V2_router_rewrite_retrieval,"Direct Answer: ReLU often trains better than sigmoid in hidden layers because it does not saturate, which leads to faster and more stable training.

Key Course Terms:
- Activation Functions

Mechanism:
ReLU (Rectified Linear Unit) activation function does not allow the input value to pass through when it is negative. This prevents the gradient from dying during backpropagation, a common issue with sigmoid activations that can lead to vanishing gradients.

Caveat:
While ReLU helps in avoiding the ""dying"" problem of sigmoid, it introduces its own challenge known as the ""exploding"" problem where very large values can occur due to the linear region when inputs are positive but not too large. This is mitigated by techniques like leaky ReLU or parametric ReLUs.

Evidence:
[Evidence 1], [Evidence 2], [Evidence 3], [Evidence 4], [Evidence 5]",0de2f047389f;d5da07e269ef;2e7f9f28fa19;c95acd62841c;1dfe3785b7f9,"Lecture 4.pdf, page 19, chunk 0de2f047389f;Lecture 6(2).pdf, page 27, chunk d5da07e269ef;Lecture 6(2).pdf, page 13, chunk 2e7f9f28fa19;Lecture 5.pdf, page 29, chunk c95acd62841c;Lecture 6(2).pdf, page 28, chunk 1dfe3785b7f9",ollama,qwen2.5:3b,8.619318083001417,2,711,258,"route={'in_scope': 'yes', 'question_type': 'concept', 'lecture_topic': 'neural_networks_and_activation_functions', 'search_query': 'Lecture 4 activation ReLU Why does ReLU often train better than sigmoid in hidden layers?'}",1.0,1.0,1,,,auto-score; manually sanity-check before final submission
B021,reasoning_comparison,L4,Why does ReLU often train better than sigmoid in hidden layers?,ReLU is non-saturating on the positive side and can reduce vanishing-gradient problems compared with saturated sigmoid units.,Lecture 4 ReLU sigmoid,ReLU;non-saturating;vanishing gradient;sigmoid,no,answer,V3_retrieval_verifier,"Direct Answer: ReLU often trains better than sigmoid in hidden layers because it does not saturate, leading to faster and more stable training.

Key Course Terms: Activation Function, Sigmoid, ReLU

Explanation: The paper by Goodfellow et al. (2013) on page 27 of Lecture 6(2).pdf explains that the Maxout activation function, which includes ReLU as a special case, does not saturate like sigmoid. This non-saturating property allows for faster and more stable training during deep learning models.

Evidence: [Evidence 1], [Evidence 5]",d5da07e269ef;36875f7d53a2;6a1807e0251a;5925e8496b7f;0de2f047389f,"Lecture 6(2).pdf, page 27, chunk d5da07e269ef;Lecture 5.pdf, page 70, chunk 36875f7d53a2;Lecture 5.pdf, page 75, chunk 6a1807e0251a;Lecture 5.pdf, page 65, chunk 5925e8496b7f;Lecture 4.pdf, page 19, chunk 0de2f047389f",ollama,qwen2.5:3b,9.303702459001215,2,1358,250,draft_then_verifier_rejected_overcorrection,1.0,1.0,1,,,auto-score; manually sanity-check before final submission
B021,reasoning_comparison,L4,Why does ReLU often train better than sigmoid in hidden layers?,ReLU is non-saturating on the positive side and can reduce vanishing-gradient problems compared with saturated sigmoid units.,Lecture 4 ReLU sigmoid,ReLU;non-saturating;vanishing gradient;sigmoid,no,answer,V4_full_router_retrieval_verifier,"Direct Answer: ReLU often trains better than sigmoid in hidden layers because it does not saturate, which leads to faster and more stable training.

Key Course Terms:
- Activation Functions

Mechanism:
ReLU (Rectified Linear Unit) activation function does not allow the input value to pass through when it is negative. This prevents the gradient from dying during backpropagation, a common issue with sigmoid activations that can lead to vanishing gradients.

Caveat:
While ReLU helps in avoiding the ""dying"" problem of sigmoid, it introduces its own challenge known as the ""exploding"" problem where very large values can occur due to the linear region when inputs are positive but not too large. This is mitigated by techniques like leaky ReLU or parametric ReLUs.

Evidence:
[Evidence 1], [Evidence 2], [Evidence 3], [Evidence 4], [Evidence 5]",0de2f047389f;d5da07e269ef;2e7f9f28fa19;c95acd62841c;1dfe3785b7f9,"Lecture 4.pdf, page 19, chunk 0de2f047389f;Lecture 6(2).pdf, page 27, chunk d5da07e269ef;Lecture 6(2).pdf, page 13, chunk 2e7f9f28fa19;Lecture 5.pdf, page 29, chunk c95acd62841c;Lecture 6(2).pdf, page 28, chunk 1dfe3785b7f9",ollama,qwen2.5:3b,18.68709879099333,3,1621,514,"draft_then_verifier_rejected_overcorrection;route={""in_scope"": ""yes"", ""question_type"": ""concept"", ""lecture_topic"": ""neural_networks_and_activation_functions"", ""search_query"": ""Lecture 4 activation ReLU Why does ReLU often train better than sigmoid in hidden layers?""}",1.0,1.0,1,,,auto-score; manually sanity-check before final submission
B021,reasoning_comparison,L4,Why does ReLU often train better than sigmoid in hidden layers?,ReLU is non-saturating on the positive side and can reduce vanishing-gradient problems compared with saturated sigmoid units.,Lecture 4 ReLU sigmoid,ReLU;non-saturating;vanishing gradient;sigmoid,no,answer,A1_full_without_router,"Direct Answer: ReLU often trains better than sigmoid in hidden layers because it does not saturate, which leads to faster and more stable training.

Key Course Terms:
- Activation Functions

Mechanism:
ReLU (Rectified Linear Unit) activation function does not allow the input value to pass through when it is negative. This prevents the gradient from dying during backpropagation, a common issue with sigmoid activations that can lead to vanishing gradients.

Caveat:
While ReLU helps in avoiding the ""dying"" problem of sigmoid, it introduces its own challenge known as the ""exploding"" problem where very large values can occur due to the linear region when inputs are positive but not too large. This is mitigated by techniques like leaky ReLU or parametric ReLUs.

Evidence:
[Evidence 1], [Evidence 2], [Evidence 3], [Evidence 4], [Evidence 5]",0de2f047389f;d5da07e269ef;2e7f9f28fa19;c95acd62841c;1dfe3785b7f9,"Lecture 4.pdf, page 19, chunk 0de2f047389f;Lecture 6(2).pdf, page 27, chunk d5da07e269ef;Lecture 6(2).pdf, page 13, chunk 2e7f9f28fa19;Lecture 5.pdf, page 29, chunk c95acd62841c;Lecture 6(2).pdf, page 28, chunk 1dfe3785b7f9",ollama,qwen2.5:3b,15.654898374996264,2,1459,471,"draft_then_verifier_rejected_overcorrection;route={""in_scope"": ""yes"", ""question_type"": ""comparison"", ""lecture_topic"": ""Lecture 4 activation ReLU"", ""search_query"": ""Lecture 4 activation ReLU Why does ReLU often train better than sigmoid in hidden layers?""}",1.0,1.0,1,,,auto-score; manually sanity-check before final submission
B021,reasoning_comparison,L4,Why does ReLU often train better than sigmoid in hidden layers?,ReLU is non-saturating on the positive side and can reduce vanishing-gradient problems compared with saturated sigmoid units.,Lecture 4 ReLU sigmoid,ReLU;non-saturating;vanishing gradient;sigmoid,no,answer,A2_full_without_verifier,"Direct Answer: ReLU often trains better than sigmoid in hidden layers because it does not saturate, which leads to faster and more stable training.

Key Course Terms:
- Activation Functions

Mechanism:
ReLU (Rectified Linear Unit) activation function does not allow the input value to pass through when it is negative. This prevents the gradient from dying during backpropagation, a common issue with sigmoid activations that can lead to vanishing gradients.

Caveat:
While ReLU helps in avoiding the ""dying"" problem of sigmoid, it introduces its own challenge known as the ""exploding"" problem where very large values can occur due to the linear region when inputs are positive but not too large. This is mitigated by techniques like leaky ReLU or parametric ReLUs.

Evidence:
[Evidence 1], [Evidence 2], [Evidence 3], [Evidence 4], [Evidence 5]",0de2f047389f;d5da07e269ef;2e7f9f28fa19;c95acd62841c;1dfe3785b7f9,"Lecture 4.pdf, page 19, chunk 0de2f047389f;Lecture 6(2).pdf, page 27, chunk d5da07e269ef;Lecture 6(2).pdf, page 13, chunk 2e7f9f28fa19;Lecture 5.pdf, page 29, chunk c95acd62841c;Lecture 6(2).pdf, page 28, chunk 1dfe3785b7f9",ollama,qwen2.5:3b,8.619318083001417,2,711,258,"route={""in_scope"": ""yes"", ""question_type"": ""concept"", ""lecture_topic"": ""neural_networks_and_activation_functions"", ""search_query"": ""Lecture 4 activation ReLU Why does ReLU often train better than sigmoid in hidden layers?""}",1.0,1.0,1,,,auto-score; manually sanity-check before final submission
B021,reasoning_comparison,L4,Why does ReLU often train better than sigmoid in hidden layers?,ReLU is non-saturating on the positive side and can reduce vanishing-gradient problems compared with saturated sigmoid units.,Lecture 4 ReLU sigmoid,ReLU;non-saturating;vanishing gradient;sigmoid,no,answer,A3_full_topk2,"Direct Answer: ReLU often trains better than sigmoid in hidden layers because it does not saturate, which leads to faster and more stable training.

Key Course Terms: Activation Function, Sigmoid, Leaky Relu, ReLU

Caveat: The saturation issue with sigmoid can cause the gradient to vanish during backpropagation, leading to slow or non-converging training. In contrast, ReLU does not saturate, which helps in maintaining a stable and fast training process.

Evidence: [Evidence 1], [Evidence 2]",0de2f047389f;d5da07e269ef,"Lecture 4.pdf, page 19, chunk 0de2f047389f;Lecture 6(2).pdf, page 27, chunk d5da07e269ef",ollama,qwen2.5:3b,8.696399331995053,3,1152,235,"draft_then_verifier_rejected_overcorrection;route={""in_scope"": ""yes"", ""question_type"": ""concept"", ""lecture_topic"": ""neural_networks_and_activation_functions"", ""search_query"": ""Lecture 4 activation ReLU Why does ReLU often train better than sigmoid in hidden layers?""}",0.5,1.0,1,,,auto-score; manually sanity-check before final submission
B021,reasoning_comparison,L4,Why does ReLU often train better than sigmoid in hidden layers?,ReLU is non-saturating on the positive side and can reduce vanishing-gradient problems compared with saturated sigmoid units.,Lecture 4 ReLU sigmoid,ReLU;non-saturating;vanishing gradient;sigmoid,no,answer,A4_full_without_calculation_guard,"Direct Answer: ReLU often trains better than sigmoid in hidden layers because it does not saturate, which leads to faster and more stable training.

Key Course Terms:
- Activation Functions

Mechanism:
ReLU (Rectified Linear Unit) activation function does not allow the input value to pass through when it is negative. This prevents the gradient from dying during backpropagation, a common issue with sigmoid activations that can lead to vanishing gradients.

Caveat:
While ReLU helps in avoiding the ""dying"" problem of sigmoid, it introduces its own challenge known as the ""exploding"" problem where very large values can occur due to the linear region when inputs are positive but not too large. This is mitigated by techniques like leaky ReLU or parametric ReLUs.

Evidence:
[Evidence 1], [Evidence 2], [Evidence 3], [Evidence 4], [Evidence 5]",0de2f047389f;d5da07e269ef;2e7f9f28fa19;c95acd62841c;1dfe3785b7f9,"Lecture 4.pdf, page 19, chunk 0de2f047389f;Lecture 6(2).pdf, page 27, chunk d5da07e269ef;Lecture 6(2).pdf, page 13, chunk 2e7f9f28fa19;Lecture 5.pdf, page 29, chunk c95acd62841c;Lecture 6(2).pdf, page 28, chunk 1dfe3785b7f9",ollama,qwen2.5:3b,18.68709879099333,3,1621,514,"draft_then_verifier_rejected_overcorrection;route={""in_scope"": ""yes"", ""question_type"": ""concept"", ""lecture_topic"": ""neural_networks_and_activation_functions"", ""search_query"": ""Lecture 4 activation ReLU Why does ReLU often train better than sigmoid in hidden layers?""}",1.0,1.0,1,,,auto-score; manually sanity-check before final submission
B022,reasoning_comparison,L4,Why is a deep network without nonlinearities no more expressive than a linear model?,"A composition of linear transformations is still a single linear transformation, so depth alone does not create nonlinear decision boundaries.",Lecture 4 nonlinear activation,linear transformations;single linear transformation;nonlinear decision boundary,no,answer,V0_baseline_single_call,Not enough information in the provided course materials.,,,ollama,qwen2.5:3b,0.3723476669983938,1,100,14,,0.0,1.0,0,,,auto-score; manually sanity-check before final submission
B022,reasoning_comparison,L4,Why is a deep network without nonlinearities no more expressive than a linear model?,"A composition of linear transformations is still a single linear transformation, so depth alone does not create nonlinear decision boundaries.",Lecture 4 nonlinear activation,linear transformations;single linear transformation;nonlinear decision boundary,no,answer,V1_retrieval_only,"A deep network without nonlinearities is no more expressive than a linear model because both can only achieve linear decision boundaries. This limitation stems from the fundamental nature of linear models such as Linear Regression and Logistic Regression (Evidence [3]).

Key Course Terms:
- Linear Decision Boundaries

Mechanism/Caveat:
Linear models cannot learn to separate non-linearly separable data, which is a critical limitation for deep networks without nonlinear activation functions. This inability to capture complex patterns in the data means that such networks are equivalent in their expressive power to simpler linear models.

Evidence: [1], [3]",82530212ecdd;2018f213759c;1a54fdf8bbe5;4c27a100bc98;c9f5209de556,"Lecture 4.pdf, page 16, chunk 82530212ecdd;Lecture 4.pdf, page 41, chunk 2018f213759c;Lecture 4.pdf, page 8, chunk 1a54fdf8bbe5;Lecture 4.pdf, page 10, chunk 4c27a100bc98;Lecture 5.pdf, page 11, chunk c9f5209de556",ollama,qwen2.5:3b,5.601576625005691,1,662,165,,0.0,1.0,1,,,auto-score; manually sanity-check before final submission
B022,reasoning_comparison,L4,Why is a deep network without nonlinearities no more expressive than a linear model?,"A composition of linear transformations is still a single linear transformation, so depth alone does not create nonlinear decision boundaries.",Lecture 4 nonlinear activation,linear transformations;single linear transformation;nonlinear decision boundary,no,answer,V2_router_rewrite_retrieval,"A deep network without nonlinearities is no more expressive than a linear model because stacking multiple layers of activation functions does not increase its expressiveness beyond what a single layer can achieve.

Key Course Terms:
- Activation function
- Linear regression models

Caveat:
Linear regression models are equivalent when stacked in multiple layers. This means that the complexity and ability to fit non-linear data is not enhanced by adding more layers without introducing nonlinearities through activation functions.

Evidence: [Evidence 1], [Evidence 5]",82530212ecdd;139ca51e5549;2291a5993c5a;2018f213759c;1a54fdf8bbe5,"Lecture 4.pdf, page 16, chunk 82530212ecdd;Tutorial 1-Review on Linear Algebra.pdf, page 36, chunk 139ca51e5549;Lecture 4.pdf, page 1, chunk 2291a5993c5a;Lecture 4.pdf, page 41, chunk 2018f213759c;Lecture 4.pdf, page 8, chunk 1a54fdf8bbe5",ollama,qwen2.5:3b,7.4726377919869265,2,881,257,"route={'in_scope': 'yes', 'question_type': 'concept', 'lecture_topic': 'deep_learning_theory', 'search_query': 'COMP5541 Lectures 2-9 Why is a deep network without nonlinearities no more expressive than a linear model?'}",0.0,1.0,1,,,auto-score; manually sanity-check before final submission
B022,reasoning_comparison,L4,Why is a deep network without nonlinearities no more expressive than a linear model?,"A composition of linear transformations is still a single linear transformation, so depth alone does not create nonlinear decision boundaries.",Lecture 4 nonlinear activation,linear transformations;single linear transformation;nonlinear decision boundary,no,answer,V3_retrieval_verifier,"A deep network without nonlinearities is no more expressive than a linear model because both can only achieve linear decision boundaries. This limitation stems from the fundamental nature of linear models such as Linear Regression and Logistic Regression (Evidence [3]).

Key Course Terms:
- Linear Decision Boundaries

Mechanism/Caveat:
Linear models cannot learn to separate non-linearly separable data, which is a critical limitation for deep networks without nonlinear activation functions. This inability to capture complex patterns in the data means that such networks are equivalent in their expressive power to simpler linear models.

Evidence: [1], [3]",82530212ecdd;2018f213759c;1a54fdf8bbe5;4c27a100bc98;c9f5209de556,"Lecture 4.pdf, page 16, chunk 82530212ecdd;Lecture 4.pdf, page 41, chunk 2018f213759c;Lecture 4.pdf, page 8, chunk 1a54fdf8bbe5;Lecture 4.pdf, page 10, chunk 4c27a100bc98;Lecture 5.pdf, page 11, chunk c9f5209de556",ollama,qwen2.5:3b,10.75639195900294,2,1637,322,draft_then_verifier_rejected_overcorrection,0.0,1.0,1,,,auto-score; manually sanity-check before final submission
B022,reasoning_comparison,L4,Why is a deep network without nonlinearities no more expressive than a linear model?,"A composition of linear transformations is still a single linear transformation, so depth alone does not create nonlinear decision boundaries.",Lecture 4 nonlinear activation,linear transformations;single linear transformation;nonlinear decision boundary,no,answer,V4_full_router_retrieval_verifier,"A deep network without nonlinearities is no more expressive than a linear model because stacking multiple layers of activation functions does not increase its expressiveness beyond what a single layer can achieve.

Key Course Terms:
- Activation function
- Linear regression models

Caveat:
Linear regression models are equivalent when stacked in multiple layers. This means that the complexity and ability to fit non-linear data is not enhanced by adding more layers without introducing nonlinearities through activation functions.

Evidence: [Evidence 1], [Evidence 5]",82530212ecdd;139ca51e5549;2291a5993c5a;2018f213759c;1a54fdf8bbe5,"Lecture 4.pdf, page 16, chunk 82530212ecdd;Tutorial 1-Review on Linear Algebra.pdf, page 36, chunk 139ca51e5549;Lecture 4.pdf, page 1, chunk 2291a5993c5a;Lecture 4.pdf, page 41, chunk 2018f213759c;Lecture 4.pdf, page 8, chunk 1a54fdf8bbe5",ollama,qwen2.5:3b,10.851873749998049,3,1887,336,"draft_then_verifier_rejected_overcorrection;route={""in_scope"": ""yes"", ""question_type"": ""concept"", ""lecture_topic"": ""deep_learning_theory"", ""search_query"": ""COMP5541 Lectures 2-9 Why is a deep network without nonlinearities no more expressive than a linear model?""}",0.0,1.0,1,,,auto-score; manually sanity-check before final submission
B022,reasoning_comparison,L4,Why is a deep network without nonlinearities no more expressive than a linear model?,"A composition of linear transformations is still a single linear transformation, so depth alone does not create nonlinear decision boundaries.",Lecture 4 nonlinear activation,linear transformations;single linear transformation;nonlinear decision boundary,no,answer,A1_full_without_router,"A deep network without nonlinearities is no more expressive than a linear model because stacking multiple layers of activation functions does not increase its expressiveness beyond what a single layer can achieve.

Key Course Terms:
- Activation function
- Linear regression models

Caveat:
Linear regression models are equivalent when stacked in multiple layers. This means that the complexity and ability to fit non-linear data is not enhanced by adding more layers without introducing nonlinearities through activation functions.

Evidence: [Evidence 1], [Evidence 5]",82530212ecdd;139ca51e5549;2291a5993c5a;2018f213759c;1a54fdf8bbe5,"Lecture 4.pdf, page 16, chunk 82530212ecdd;Tutorial 1-Review on Linear Algebra.pdf, page 36, chunk 139ca51e5549;Lecture 4.pdf, page 1, chunk 2291a5993c5a;Lecture 4.pdf, page 41, chunk 2018f213759c;Lecture 4.pdf, page 8, chunk 1a54fdf8bbe5",ollama,qwen2.5:3b,7.743982333980966,2,1724,221,"draft_then_verifier_rejected_overcorrection;route={""in_scope"": ""yes"", ""question_type"": ""comparison"", ""lecture_topic"": ""COMP5541 Lectures 2-9"", ""search_query"": ""COMP5541 Lectures 2-9 Why is a deep network without nonlinearities no more expressive than a linear model?""}",0.0,1.0,1,,,auto-score; manually sanity-check before final submission
B022,reasoning_comparison,L4,Why is a deep network without nonlinearities no more expressive than a linear model?,"A composition of linear transformations is still a single linear transformation, so depth alone does not create nonlinear decision boundaries.",Lecture 4 nonlinear activation,linear transformations;single linear transformation;nonlinear decision boundary,no,answer,A2_full_without_verifier,"A deep network without nonlinearities is no more expressive than a linear model because stacking multiple layers of activation functions does not increase its expressiveness beyond what a single layer can achieve.

Key Course Terms:
- Activation function
- Linear regression models

Caveat:
Linear regression models are equivalent when stacked in multiple layers. This means that the complexity and ability to fit non-linear data is not enhanced by adding more layers without introducing nonlinearities through activation functions.

Evidence: [Evidence 1], [Evidence 5]",82530212ecdd;139ca51e5549;2291a5993c5a;2018f213759c;1a54fdf8bbe5,"Lecture 4.pdf, page 16, chunk 82530212ecdd;Tutorial 1-Review on Linear Algebra.pdf, page 36, chunk 139ca51e5549;Lecture 4.pdf, page 1, chunk 2291a5993c5a;Lecture 4.pdf, page 41, chunk 2018f213759c;Lecture 4.pdf, page 8, chunk 1a54fdf8bbe5",ollama,qwen2.5:3b,7.4726377919869265,2,881,257,"route={""in_scope"": ""yes"", ""question_type"": ""concept"", ""lecture_topic"": ""deep_learning_theory"", ""search_query"": ""COMP5541 Lectures 2-9 Why is a deep network without nonlinearities no more expressive than a linear model?""}",0.0,1.0,1,,,auto-score; manually sanity-check before final submission
B022,reasoning_comparison,L4,Why is a deep network without nonlinearities no more expressive than a linear model?,"A composition of linear transformations is still a single linear transformation, so depth alone does not create nonlinear decision boundaries.",Lecture 4 nonlinear activation,linear transformations;single linear transformation;nonlinear decision boundary,no,answer,A3_full_topk2,"Direct Answer: A deep network without nonlinearities is no more expressive than a linear model because the activation function in such networks can be simplified to a linear form, making them equivalent to stacking multiple linear layers.

Key Terms: Activation Function, Linear Regression Models

Explanation: The provided evidence indicates that an activation function in neural networks simplifies to a linear form (Equation [Evidence 1]). This means that adding more layers does not increase the model's expressiveness beyond what can be achieved with a single layer. Therefore, a deep network without nonlinearities is equivalent to a shallow network and thus no more expressive than a linear model.

Evidence: [Evidence 1], [Evidence 2]",82530212ecdd;139ca51e5549,"Lecture 4.pdf, page 16, chunk 82530212ecdd;Tutorial 1-Review on Linear Algebra.pdf, page 36, chunk 139ca51e5549",ollama,qwen2.5:3b,11.223491083990666,3,1380,386,"draft_then_verifier_rejected_overcorrection;route={""in_scope"": ""yes"", ""question_type"": ""concept"", ""lecture_topic"": ""deep_learning_theory"", ""search_query"": ""COMP5541 Lectures 2-9 Why is a deep network without nonlinearities no more expressive than a linear model?""}",0.0,1.0,1,,,auto-score; manually sanity-check before final submission
B022,reasoning_comparison,L4,Why is a deep network without nonlinearities no more expressive than a linear model?,"A composition of linear transformations is still a single linear transformation, so depth alone does not create nonlinear decision boundaries.",Lecture 4 nonlinear activation,linear transformations;single linear transformation;nonlinear decision boundary,no,answer,A4_full_without_calculation_guard,"A deep network without nonlinearities is no more expressive than a linear model because stacking multiple layers of activation functions does not increase its expressiveness beyond what a single layer can achieve.

Key Course Terms:
- Activation function
- Linear regression models

Caveat:
Linear regression models are equivalent when stacked in multiple layers. This means that the complexity and ability to fit non-linear data is not enhanced by adding more layers without introducing nonlinearities through activation functions.

Evidence: [Evidence 1], [Evidence 5]",82530212ecdd;139ca51e5549;2291a5993c5a;2018f213759c;1a54fdf8bbe5,"Lecture 4.pdf, page 16, chunk 82530212ecdd;Tutorial 1-Review on Linear Algebra.pdf, page 36, chunk 139ca51e5549;Lecture 4.pdf, page 1, chunk 2291a5993c5a;Lecture 4.pdf, page 41, chunk 2018f213759c;Lecture 4.pdf, page 8, chunk 1a54fdf8bbe5",ollama,qwen2.5:3b,10.851873749998049,3,1887,336,"draft_then_verifier_rejected_overcorrection;route={""in_scope"": ""yes"", ""question_type"": ""concept"", ""lecture_topic"": ""deep_learning_theory"", ""search_query"": ""COMP5541 Lectures 2-9 Why is a deep network without nonlinearities no more expressive than a linear model?""}",0.0,1.0,1,,,auto-score; manually sanity-check before final submission
B023,reasoning_comparison,L5,Why are convolutional layers more parameter-efficient than fully connected layers for images?,Convolutional layers use local connectivity and weight sharing instead of separate weights for every input-output pair.,Lecture 5 convolution motivation,local connectivity;weight sharing;fewer parameters,no,answer,V0_baseline_single_call,"Convolutional layers are more parameter-efficient for images due to their architecture which inherently reduces the number of parameters compared to fully connected (FC) layers. In a convolutional layer, each neuron in the output layer is only connected to a small region of input features defined by its kernel size and stride, rather than all input features as in FC layers. This results in significantly fewer parameters, making them more efficient for image data where spatial hierarchies are preserved through multiple convolutional layers.

Moreover, convolutional layers use kernels (also known as filters) that slide across the input feature map to compute a dot product with each local region of the input, effectively learning different features at various scales and locations. This mechanism allows them to capture both low-level details like edges and textures, and high-level abstractions such as shapes and objects without requiring an excessive number of parameters.

In contrast, fully connected layers connect every neuron in one layer to every neuron in the next layer, leading to a much larger parameter count that scales with the product of input and output dimensions. For image data, this results in a prohibitively large number of parameters if not pruned or regularized carefully, making convolutional layers more suitable for efficient learning on images.

For further details, refer to [COMP5541 Lecture 3](#).",,,ollama,qwen2.5:3b,8.165219499991508,1,102,359,,0.0,0.5,0,,,auto-score; manually sanity-check before final submission
B023,reasoning_comparison,L5,Why are convolutional layers more parameter-efficient than fully connected layers for images?,Convolutional layers use local connectivity and weight sharing instead of separate weights for every input-output pair.,Lecture 5 convolution motivation,local connectivity;weight sharing;fewer parameters,no,answer,V1_retrieval_only,"Direct Answer: Convolutional layers are more parameter-efficient than fully connected layers for images because they have fewer parameters, which reduces memory storage requirements and improves scalability for large images.

Key Course Terms:
- Fully Connected Layers

Mechanism/Caveat:
- In convolutional layers, each neuron is only connected to a small region of the input space (its receptive field), rather than all neurons in the previous layer as in fully connected layers. This reduces the number of parameters significantly.
- The fewer connections mean less memory storage and computation required for large images.

Evidence: [Evidence 1], [Evidence 2], [Evidence 3], [Evidence 4], [Evidence 5]",9ae959333cce;443a442ac76e;007f699d73e7;19d8704cd660;a6da992763aa,"Lecture 6(2).pdf, page 3, chunk 9ae959333cce;Lecture 5.pdf, page 12, chunk 443a442ac76e;Lecture 5.pdf, page 62, chunk 007f699d73e7;Lecture 8(2).pdf, page 49, chunk 19d8704cd660;Lecture 5.pdf, page 14, chunk a6da992763aa",ollama,qwen2.5:3b,5.160956874999101,1,574,176,,0.0,1.0,1,,,auto-score; manually sanity-check before final submission
B023,reasoning_comparison,L5,Why are convolutional layers more parameter-efficient than fully connected layers for images?,Convolutional layers use local connectivity and weight sharing instead of separate weights for every input-output pair.,Lecture 5 convolution motivation,local connectivity;weight sharing;fewer parameters,no,answer,V2_router_rewrite_retrieval,"Direct Answer: Convolutional layers are more parameter-efficient than fully connected layers for images because they have fewer parameters, which reduces memory storage requirements and improves scalability for large images.

Key Course Terms:
- Fully Connected Layers

Mechanism/Caveat:
- In convolutional layers, each neuron is only connected to a small region of the input space (its receptive field), rather than all neurons in the preceding layer as in fully connected layers. This reduces the number of parameters significantly.
- The fewer connections mean less memory storage and computation required for large images.

Evidence: [Evidence 1], [Evidence 2], [Evidence 3], [Evidence 4], [Evidence 5]",9ae959333cce;443a442ac76e;007f699d73e7;19d8704cd660;a6da992763aa,"Lecture 6(2).pdf, page 3, chunk 9ae959333cce;Lecture 5.pdf, page 12, chunk 443a442ac76e;Lecture 5.pdf, page 62, chunk 007f699d73e7;Lecture 8(2).pdf, page 49, chunk 19d8704cd660;Lecture 5.pdf, page 14, chunk a6da992763aa",ollama,qwen2.5:3b,7.081534082986764,2,740,236,"route={'in_scope': 'yes', 'question_type': 'comparison', 'lecture_topic': 'Convolutional Neural Networks (CNNs) and their architecture', 'search_query': 'Lecture 5 convolution output size parameters Why are convolutional layers more parameter-efficient than fully connected layers for images?'}",0.0,1.0,1,,,auto-score; manually sanity-check before final submission
B023,reasoning_comparison,L5,Why are convolutional layers more parameter-efficient than fully connected layers for images?,Convolutional layers use local connectivity and weight sharing instead of separate weights for every input-output pair.,Lecture 5 convolution motivation,local connectivity;weight sharing;fewer parameters,no,answer,V3_retrieval_verifier,"Direct Answer: Convolutional layers are more parameter-efficient than fully connected layers for images because they have fewer parameters, which reduces memory storage requirements and improves scalability for large images.

Key Course Terms:
- Fully Connected Layers

Mechanism/Caveat:
- In convolutional layers, each neuron is only connected to a small region of the input space (its receptive field), rather than all neurons in the previous layer as in fully connected layers. This reduces the number of parameters significantly.
- The fewer connections mean less memory storage and computation required for large images.

Evidence: [Evidence 1], [Evidence 2], [Evidence 3], [Evidence 4], [Evidence 5]",9ae959333cce;443a442ac76e;007f699d73e7;19d8704cd660;a6da992763aa,"Lecture 6(2).pdf, page 3, chunk 9ae959333cce;Lecture 5.pdf, page 12, chunk 443a442ac76e;Lecture 5.pdf, page 62, chunk 007f699d73e7;Lecture 8(2).pdf, page 49, chunk 19d8704cd660;Lecture 5.pdf, page 14, chunk a6da992763aa",ollama,qwen2.5:3b,11.04917949999799,2,1486,355,draft_then_verifier_rejected_overcorrection,0.0,1.0,1,,,auto-score; manually sanity-check before final submission
B023,reasoning_comparison,L5,Why are convolutional layers more parameter-efficient than fully connected layers for images?,Convolutional layers use local connectivity and weight sharing instead of separate weights for every input-output pair.,Lecture 5 convolution motivation,local connectivity;weight sharing;fewer parameters,no,answer,V4_full_router_retrieval_verifier,"Direct Answer: Convolutional layers are more parameter-efficient than fully connected layers for images because they have fewer parameters, which reduces memory storage requirements and improves scalability for large images.

Key Course Terms:
- Fully Connected Layers

Mechanism/Caveat:
- In convolutional layers, each neuron is only connected to a small region of the input space (its receptive field), rather than all neurons in the preceding layer as in fully connected layers. This reduces the number of parameters significantly.
- The fewer connections mean less memory storage and computation required for large images.

Evidence: [Evidence 1], [Evidence 2], [Evidence 3], [Evidence 4], [Evidence 5]",9ae959333cce;443a442ac76e;007f699d73e7;19d8704cd660;a6da992763aa,"Lecture 6(2).pdf, page 3, chunk 9ae959333cce;Lecture 5.pdf, page 12, chunk 443a442ac76e;Lecture 5.pdf, page 62, chunk 007f699d73e7;Lecture 8(2).pdf, page 49, chunk 19d8704cd660;Lecture 5.pdf, page 14, chunk a6da992763aa",ollama,qwen2.5:3b,12.890278623992344,3,1655,415,"draft_then_verifier_rejected_overcorrection;route={""in_scope"": ""yes"", ""question_type"": ""comparison"", ""lecture_topic"": ""Convolutional Neural Networks (CNNs) and their architecture"", ""search_query"": ""Lecture 5 convolution output size parameters Why are convolutional layers more parameter-efficient than fully connected layers for images?""}",0.0,1.0,1,,,auto-score; manually sanity-check before final submission
B023,reasoning_comparison,L5,Why are convolutional layers more parameter-efficient than fully connected layers for images?,Convolutional layers use local connectivity and weight sharing instead of separate weights for every input-output pair.,Lecture 5 convolution motivation,local connectivity;weight sharing;fewer parameters,no,answer,A1_full_without_router,"Direct Answer: Convolutional layers are more parameter-efficient than fully connected layers for images because they have fewer parameters, which reduces memory storage requirements and improves scalability for large images.

Key Course Terms:
- Fully Connected Layers

Mechanism/Caveat:
- In convolutional layers, each neuron is only connected to a small region of the input space (its receptive field), rather than all neurons in the preceding layer as in fully connected layers. This reduces the number of parameters significantly.
- The fewer connections mean less memory storage and computation required for large images.

Evidence: [Evidence 1], [Evidence 2], [Evidence 3], [Evidence 4], [Evidence 5]",9ae959333cce;443a442ac76e;007f699d73e7;19d8704cd660;a6da992763aa,"Lecture 6(2).pdf, page 3, chunk 9ae959333cce;Lecture 5.pdf, page 12, chunk 443a442ac76e;Lecture 5.pdf, page 62, chunk 007f699d73e7;Lecture 8(2).pdf, page 49, chunk 19d8704cd660;Lecture 5.pdf, page 14, chunk a6da992763aa",ollama,qwen2.5:3b,10.855539500000305,2,1486,355,"draft_then_verifier_rejected_overcorrection;route={""in_scope"": ""yes"", ""question_type"": ""calculation"", ""lecture_topic"": ""Lecture 5 convolution output size parameters"", ""search_query"": ""Lecture 5 convolution output size parameters Why are convolutional layers more parameter-efficient than fully connected layers for images?""}",0.0,1.0,1,,,auto-score; manually sanity-check before final submission
B023,reasoning_comparison,L5,Why are convolutional layers more parameter-efficient than fully connected layers for images?,Convolutional layers use local connectivity and weight sharing instead of separate weights for every input-output pair.,Lecture 5 convolution motivation,local connectivity;weight sharing;fewer parameters,no,answer,A2_full_without_verifier,"Direct Answer: Convolutional layers are more parameter-efficient than fully connected layers for images because they have fewer parameters, which reduces memory storage requirements and improves scalability for large images.

Key Course Terms:
- Fully Connected Layers

Mechanism/Caveat:
- In convolutional layers, each neuron is only connected to a small region of the input space (its receptive field), rather than all neurons in the preceding layer as in fully connected layers. This reduces the number of parameters significantly.
- The fewer connections mean less memory storage and computation required for large images.

Evidence: [Evidence 1], [Evidence 2], [Evidence 3], [Evidence 4], [Evidence 5]",9ae959333cce;443a442ac76e;007f699d73e7;19d8704cd660;a6da992763aa,"Lecture 6(2).pdf, page 3, chunk 9ae959333cce;Lecture 5.pdf, page 12, chunk 443a442ac76e;Lecture 5.pdf, page 62, chunk 007f699d73e7;Lecture 8(2).pdf, page 49, chunk 19d8704cd660;Lecture 5.pdf, page 14, chunk a6da992763aa",ollama,qwen2.5:3b,7.081534082986764,2,740,236,"route={""in_scope"": ""yes"", ""question_type"": ""comparison"", ""lecture_topic"": ""Convolutional Neural Networks (CNNs) and their architecture"", ""search_query"": ""Lecture 5 convolution output size parameters Why are convolutional layers more parameter-efficient than fully connected layers for images?""}",0.0,1.0,1,,,auto-score; manually sanity-check before final submission
B023,reasoning_comparison,L5,Why are convolutional layers more parameter-efficient than fully connected layers for images?,Convolutional layers use local connectivity and weight sharing instead of separate weights for every input-output pair.,Lecture 5 convolution motivation,local connectivity;weight sharing;fewer parameters,no,answer,A3_full_topk2,"Direct Answer: Convolutional layers are more parameter-efficient than fully connected layers for images because they use fewer parameters, which is crucial given the high-dimensional nature of image data. This efficiency stems from their ability to capture spatial hierarchies and patterns in an input space (like images) through convolution operations.

Key Course Terms:
- Convolution Layers
- Pooling Layers
- Activation Function
- Fully-Connected Layers

Evidence: [Evidence 1], [Evidence 2]",9ae959333cce;443a442ac76e,"Lecture 6(2).pdf, page 3, chunk 9ae959333cce;Lecture 5.pdf, page 12, chunk 443a442ac76e",ollama,qwen2.5:3b,9.296677166988957,3,1119,309,"draft_then_verifier_rejected_overcorrection;route={""in_scope"": ""yes"", ""question_type"": ""comparison"", ""lecture_topic"": ""Convolutional Neural Networks (CNNs) and their architecture"", ""search_query"": ""Lecture 5 convolution output size parameters Why are convolutional layers more parameter-efficient than fully connected layers for images?""}",0.0,1.0,1,,,auto-score; manually sanity-check before final submission
B023,reasoning_comparison,L5,Why are convolutional layers more parameter-efficient than fully connected layers for images?,Convolutional layers use local connectivity and weight sharing instead of separate weights for every input-output pair.,Lecture 5 convolution motivation,local connectivity;weight sharing;fewer parameters,no,answer,A4_full_without_calculation_guard,"Direct Answer: Convolutional layers are more parameter-efficient than fully connected layers for images because they have fewer parameters, which reduces memory storage requirements and improves scalability for large images.

Key Course Terms:
- Fully Connected Layers

Mechanism/Caveat:
- In convolutional layers, each neuron is only connected to a small region of the input space (its receptive field), rather than all neurons in the preceding layer as in fully connected layers. This reduces the number of parameters significantly.
- The fewer connections mean less memory storage and computation required for large images.

Evidence: [Evidence 1], [Evidence 2], [Evidence 3], [Evidence 4], [Evidence 5]",9ae959333cce;443a442ac76e;007f699d73e7;19d8704cd660;a6da992763aa,"Lecture 6(2).pdf, page 3, chunk 9ae959333cce;Lecture 5.pdf, page 12, chunk 443a442ac76e;Lecture 5.pdf, page 62, chunk 007f699d73e7;Lecture 8(2).pdf, page 49, chunk 19d8704cd660;Lecture 5.pdf, page 14, chunk a6da992763aa",ollama,qwen2.5:3b,12.890278623992344,3,1655,415,"draft_then_verifier_rejected_overcorrection;route={""in_scope"": ""yes"", ""question_type"": ""comparison"", ""lecture_topic"": ""Convolutional Neural Networks (CNNs) and their architecture"", ""search_query"": ""Lecture 5 convolution output size parameters Why are convolutional layers more parameter-efficient than fully connected layers for images?""}",0.0,1.0,1,,,auto-score; manually sanity-check before final submission
B024,reasoning_comparison,L5,Why can stacking several 3x3 convolution layers be useful?,Stacking 3x3 layers increases the receptive field while adding nonlinearities and often using fewer parameters than one large filter.,Lecture 5 receptive field,3x3;receptive field;nonlinearities;fewer parameters,no,answer,V0_baseline_single_call,"Stacking several 3x3 convolution layers can be useful because it allows for the application of multiple feature detectors with varying receptive fields, enhancing the model's ability to capture complex spatial hierarchies and features in the input data. This approach is detailed in [Course Material 4.2].",,,ollama,qwen2.5:3b,1.0996437499998135,1,93,76,,0.5,0.5,0,,,auto-score; manually sanity-check before final submission
B024,reasoning_comparison,L5,Why can stacking several 3x3 convolution layers be useful?,Stacking 3x3 layers increases the receptive field while adding nonlinearities and often using fewer parameters than one large filter.,Lecture 5 receptive field,3x3;receptive field;nonlinearities;fewer parameters,no,answer,V1_retrieval_only,"Direct Answer: Stacking several 3x3 convolution layers can be useful because it allows for deeper and more complex feature extraction, maintaining a consistent effective receptive field size. This is achieved by stacking multiple 3x3 convolutional layers with appropriate strides.

Key Course Terms:
- Convolution Layers
- Pooling Layers
- Activation Function
- Fully-Connected Layers

Caveat: The effectiveness of stacking convolutional layers depends on the architecture and design, such as using a stack of three 3x3 convolutions (with stride 1) maintaining the same effective receptive field size as one 7x7 convolution layer.

Evidence:
[Evidence 1], [Evidence 2], [Evidence 3], [Evidence 4], [Evidence 5]",9ae959333cce;443a442ac76e;007f699d73e7;d19e7ad595a6;707f904836b1,"Lecture 6(2).pdf, page 3, chunk 9ae959333cce;Lecture 5.pdf, page 12, chunk 443a442ac76e;Lecture 5.pdf, page 62, chunk 007f699d73e7;Lecture 5.pdf, page 72, chunk d19e7ad595a6;Lecture 5.pdf, page 60, chunk 707f904836b1",ollama,qwen2.5:3b,3.483081833001052,1,518,177,,0.5,1.0,1,,,auto-score; manually sanity-check before final submission
B024,reasoning_comparison,L5,Why can stacking several 3x3 convolution layers be useful?,Stacking 3x3 layers increases the receptive field while adding nonlinearities and often using fewer parameters than one large filter.,Lecture 5 receptive field,3x3;receptive field;nonlinearities;fewer parameters,no,answer,V2_router_rewrite_retrieval,"Direct Answer: Stacking several 3x3 convolution layers can be useful because each additional layer can increase the depth of features learned by the network without significantly increasing the spatial dimensions. This is possible due to the output size calculation formula for a convolutional layer, which shows that with stride values greater than 1, the output size decreases, allowing for multiple layers to be stacked.

Key Course Terms: Convolution Layer, Pooling Layers, Activation Function, Fully-Connected Layers

Evidence: [Evidence 1], [Evidence 5]",cf6d61794e98;9ae959333cce;443a442ac76e;0d24f3d911af;007f699d73e7,"Lecture 5.pdf, page 38, chunk cf6d61794e98;Lecture 6(2).pdf, page 3, chunk 9ae959333cce;Lecture 5.pdf, page 12, chunk 443a442ac76e;Lecture 5.pdf, page 37, chunk 0d24f3d911af;Lecture 5.pdf, page 62, chunk 007f699d73e7",ollama,qwen2.5:3b,3.6393662089940335,2,673,194,"route={'in_scope': 'yes', 'question_type': 'concept', 'lecture_topic': 'Convolutional Neural Networks (CNNs) and their architectures', 'search_query': 'Lecture 5 convolution output size parameters Why can stacking several 3x3 convolution layers be useful?'}",0.0,1.0,1,,,auto-score; manually sanity-check before final submission
B024,reasoning_comparison,L5,Why can stacking several 3x3 convolution layers be useful?,Stacking 3x3 layers increases the receptive field while adding nonlinearities and often using fewer parameters than one large filter.,Lecture 5 receptive field,3x3;receptive field;nonlinearities;fewer parameters,no,answer,V3_retrieval_verifier,"Direct Answer: Stacking several 3x3 convolution layers can be useful because it allows for deeper and more complex feature extraction, maintaining a consistent effective receptive field size. This is achieved by stacking multiple 3x3 convolutional layers with appropriate strides.

Key Course Terms:
- Convolution Layers
- Pooling Layers
- Activation Function
- Fully-Connected Layers

Caveat: The effectiveness of stacking convolutional layers depends on the architecture and design, such as using a stack of three 3x3 convolutions (with stride 1) maintaining the same effective receptive field size as one 7x7 convolution layer.

Evidence:
[Evidence 1], [Evidence 2], [Evidence 3], [Evidence 4], [Evidence 5]",9ae959333cce;443a442ac76e;007f699d73e7;d19e7ad595a6;707f904836b1,"Lecture 6(2).pdf, page 3, chunk 9ae959333cce;Lecture 5.pdf, page 12, chunk 443a442ac76e;Lecture 5.pdf, page 62, chunk 007f699d73e7;Lecture 5.pdf, page 72, chunk d19e7ad595a6;Lecture 5.pdf, page 60, chunk 707f904836b1",ollama,qwen2.5:3b,6.055624166001508,2,1366,258,draft_then_verifier_rejected_overcorrection,0.5,1.0,1,,,auto-score; manually sanity-check before final submission
B024,reasoning_comparison,L5,Why can stacking several 3x3 convolution layers be useful?,Stacking 3x3 layers increases the receptive field while adding nonlinearities and often using fewer parameters than one large filter.,Lecture 5 receptive field,3x3;receptive field;nonlinearities;fewer parameters,no,answer,V4_full_router_retrieval_verifier,"Direct Answer: Stacking several 3x3 convolution layers can be useful because each additional layer can increase the depth of features learned by the network without significantly increasing the spatial dimensions. This is possible due to the output size calculation formula for a convolutional layer, which shows that with stride values greater than 1, the output size decreases, allowing for multiple layers to be stacked.

Key Course Terms: Convolution Layer, Pooling Layers, Activation Function, Fully-Connected Layers

Evidence: [Evidence 1], [Evidence 5]",cf6d61794e98;9ae959333cce;443a442ac76e;0d24f3d911af;007f699d73e7,"Lecture 5.pdf, page 38, chunk cf6d61794e98;Lecture 6(2).pdf, page 3, chunk 9ae959333cce;Lecture 5.pdf, page 12, chunk 443a442ac76e;Lecture 5.pdf, page 37, chunk 0d24f3d911af;Lecture 5.pdf, page 62, chunk 007f699d73e7",ollama,qwen2.5:3b,6.118069833992195,3,1485,284,"draft_then_verifier_rejected_overcorrection;route={""in_scope"": ""yes"", ""question_type"": ""concept"", ""lecture_topic"": ""Convolutional Neural Networks (CNNs) and their architectures"", ""search_query"": ""Lecture 5 convolution output size parameters Why can stacking several 3x3 convolution layers be useful?""}",0.0,1.0,1,,,auto-score; manually sanity-check before final submission
B024,reasoning_comparison,L5,Why can stacking several 3x3 convolution layers be useful?,Stacking 3x3 layers increases the receptive field while adding nonlinearities and often using fewer parameters than one large filter.,Lecture 5 receptive field,3x3;receptive field;nonlinearities;fewer parameters,no,answer,A1_full_without_router,"Direct Answer: Stacking several 3x3 convolution layers can be useful because each additional layer can increase the depth of features learned by the network without significantly increasing the spatial dimensions. This is possible due to the output size calculation formula for a convolutional layer, which shows that with stride values greater than 1, the output size decreases, allowing for multiple layers to be stacked.

Key Course Terms: Convolution Layer, Pooling Layers, Activation Function, Fully-Connected Layers

Evidence: [Evidence 1], [Evidence 5]",cf6d61794e98;9ae959333cce;443a442ac76e;0d24f3d911af;007f699d73e7,"Lecture 5.pdf, page 38, chunk cf6d61794e98;Lecture 6(2).pdf, page 3, chunk 9ae959333cce;Lecture 5.pdf, page 12, chunk 443a442ac76e;Lecture 5.pdf, page 37, chunk 0d24f3d911af;Lecture 5.pdf, page 62, chunk 007f699d73e7",ollama,qwen2.5:3b,5.053813334001461,2,1325,229,"draft_then_verifier_rejected_overcorrection;route={""in_scope"": ""yes"", ""question_type"": ""comparison"", ""lecture_topic"": ""Lecture 5 convolution output size parameters"", ""search_query"": ""Lecture 5 convolution output size parameters Why can stacking several 3x3 convolution layers be useful?""}",0.0,1.0,1,,,auto-score; manually sanity-check before final submission
B024,reasoning_comparison,L5,Why can stacking several 3x3 convolution layers be useful?,Stacking 3x3 layers increases the receptive field while adding nonlinearities and often using fewer parameters than one large filter.,Lecture 5 receptive field,3x3;receptive field;nonlinearities;fewer parameters,no,answer,A2_full_without_verifier,"Direct Answer: Stacking several 3x3 convolution layers can be useful because each additional layer can increase the depth of features learned by the network without significantly increasing the spatial dimensions. This is possible due to the output size calculation formula for a convolutional layer, which shows that with stride values greater than 1, the output size decreases, allowing for multiple layers to be stacked.

Key Course Terms: Convolution Layer, Pooling Layers, Activation Function, Fully-Connected Layers

Evidence: [Evidence 1], [Evidence 5]",cf6d61794e98;9ae959333cce;443a442ac76e;0d24f3d911af;007f699d73e7,"Lecture 5.pdf, page 38, chunk cf6d61794e98;Lecture 6(2).pdf, page 3, chunk 9ae959333cce;Lecture 5.pdf, page 12, chunk 443a442ac76e;Lecture 5.pdf, page 37, chunk 0d24f3d911af;Lecture 5.pdf, page 62, chunk 007f699d73e7",ollama,qwen2.5:3b,3.6393662089940335,2,673,194,"route={""in_scope"": ""yes"", ""question_type"": ""concept"", ""lecture_topic"": ""Convolutional Neural Networks (CNNs) and their architectures"", ""search_query"": ""Lecture 5 convolution output size parameters Why can stacking several 3x3 convolution layers be useful?""}",0.0,1.0,1,,,auto-score; manually sanity-check before final submission
B024,reasoning_comparison,L5,Why can stacking several 3x3 convolution layers be useful?,Stacking 3x3 layers increases the receptive field while adding nonlinearities and often using fewer parameters than one large filter.,Lecture 5 receptive field,3x3;receptive field;nonlinearities;fewer parameters,no,answer,A3_full_topk2,"Direct Answer: Stacking several 3x3 convolution layers can be useful because it allows for deeper feature extraction, enabling the model to learn more complex and abstract features from the input data. This is achieved through repeated application of convolutional operations that progressively reduce spatial dimensions.

Key Terms:
- Convolution Layer

Mechanism:
- Each subsequent layer applies a 3x3 filter across the output of the previous layer, reducing its size.
- The reduction in size can be mitigated by increasing the stride or using max pooling layers between convolutional layers to maintain feature maps with similar spatial dimensions.

Evidence: [Evidence 1], [Evidence 2]",cf6d61794e98;9ae959333cce,"Lecture 5.pdf, page 38, chunk cf6d61794e98;Lecture 6(2).pdf, page 3, chunk 9ae959333cce",ollama,qwen2.5:3b,7.071031416995538,3,1191,402,"draft_then_verifier_rejected_overcorrection;route={""in_scope"": ""yes"", ""question_type"": ""concept"", ""lecture_topic"": ""Convolutional Neural Networks (CNNs) and their architectures"", ""search_query"": ""Lecture 5 convolution output size parameters Why can stacking several 3x3 convolution layers be useful?""}",0.0,1.0,1,,,auto-score; manually sanity-check before final submission
B024,reasoning_comparison,L5,Why can stacking several 3x3 convolution layers be useful?,Stacking 3x3 layers increases the receptive field while adding nonlinearities and often using fewer parameters than one large filter.,Lecture 5 receptive field,3x3;receptive field;nonlinearities;fewer parameters,no,answer,A4_full_without_calculation_guard,"Direct Answer: Stacking several 3x3 convolution layers can be useful because each additional layer can increase the depth of features learned by the network without significantly increasing the spatial dimensions. This is possible due to the output size calculation formula for a convolutional layer, which shows that with stride values greater than 1, the output size decreases, allowing for multiple layers to be stacked.

Key Course Terms: Convolution Layer, Pooling Layers, Activation Function, Fully-Connected Layers

Evidence: [Evidence 1], [Evidence 5]",cf6d61794e98;9ae959333cce;443a442ac76e;0d24f3d911af;007f699d73e7,"Lecture 5.pdf, page 38, chunk cf6d61794e98;Lecture 6(2).pdf, page 3, chunk 9ae959333cce;Lecture 5.pdf, page 12, chunk 443a442ac76e;Lecture 5.pdf, page 37, chunk 0d24f3d911af;Lecture 5.pdf, page 62, chunk 007f699d73e7",ollama,qwen2.5:3b,6.118069833992195,3,1485,284,"draft_then_verifier_rejected_overcorrection;route={""in_scope"": ""yes"", ""question_type"": ""concept"", ""lecture_topic"": ""Convolutional Neural Networks (CNNs) and their architectures"", ""search_query"": ""Lecture 5 convolution output size parameters Why can stacking several 3x3 convolution layers be useful?""}",0.0,1.0,1,,,auto-score; manually sanity-check before final submission
B025,reasoning_comparison,L6,Why is horizontal flip often safer than upside-down augmentation for natural images?,"Horizontal flipping often preserves semantics, while upside-down images can change semantics or create a train-test distribution mismatch.",Lecture 6 augmentation,horizontal flip;semantics;upside-down;distribution mismatch,no,answer,V0_baseline_single_call,"Horizontal flip is often considered safer than upside-down augmentation for natural images because it preserves the spatial relationships between objects more accurately compared to flipping an image upside down. In many real-world scenarios, such as face recognition and object detection tasks, maintaining these relationships is crucial for model performance (COMP5541-03). Upside-down transformations can lead to significant distortions that break these relationships, making it harder for models to recognize objects correctly. Horizontal flip, on the other hand, does not alter the relative positions of objects within an image, thus preserving more meaningful information for training purposes.",,,ollama,qwen2.5:3b,1.9250559159991096,1,100,175,,0.5,0.5,0,,,auto-score; manually sanity-check before final submission
B025,reasoning_comparison,L6,Why is horizontal flip often safer than upside-down augmentation for natural images?,"Horizontal flipping often preserves semantics, while upside-down images can change semantics or create a train-test distribution mismatch.",Lecture 6 augmentation,horizontal flip;semantics;upside-down;distribution mismatch,no,answer,V1_retrieval_only,"Horizontal flip is often safer than upside-down augmentation for natural images because horizontal flips mirror an image along its vertical axis without altering the object's identity, which is particularly useful in scenarios where the object’s identity does not depend on its left-right orientation.

Key Course Terms:
- Data Augmentation

Mechanism:
- Horizontal Flips: Mirroring images along their vertical axes
- Upside-down Augmentation: Rotating images 180 degrees

Caveat:
- Object Identity Dependence: Horizontal flips preserve object identity, making them safer for datasets where the object's identity is not influenced by its orientation.

Evidence:
[Evidence 1], [Evidence 2]",f4ee56455fd4;9695697b4de7;1623b0dad05e;4955be0b9151;835950434e0c,"Lecture 6(2).pdf, page 40, chunk f4ee56455fd4;Lecture 6(2).pdf, page 36, chunk 9695697b4de7;Lecture 6(2).pdf, page 38, chunk 1623b0dad05e;Lecture 6(2).pdf, page 34, chunk 4955be0b9151;Lecture 6(2).pdf, page 42, chunk 835950434e0c",ollama,qwen2.5:3b,3.169102625004598,1,597,172,,0.5,1.0,1,,,auto-score; manually sanity-check before final submission
B025,reasoning_comparison,L6,Why is horizontal flip often safer than upside-down augmentation for natural images?,"Horizontal flipping often preserves semantics, while upside-down images can change semantics or create a train-test distribution mismatch.",Lecture 6 augmentation,horizontal flip;semantics;upside-down;distribution mismatch,no,answer,V2_router_rewrite_retrieval,"Horizontal flip is often safer than upside-down augmentation for natural images because horizontal flips mirror an image along its vertical axis without altering object identity that depends on left-right orientation.

Key Course Terms: Data Augmentation, Horizontal Flip

Explanation:
The provided evidence indicates that horizontal flips are used in training sets to artificially expand the dataset by applying random but realistic transformations. They do not change the object's identity based on its left-right orientation, which is crucial for natural images where such orientation does not affect the image's meaning or classification.

Upside-down augmentation, on the other hand, would invert an image completely, potentially altering the object’s identity and making it harder to distinguish between different objects. This can lead to overfitting and poor generalization of models trained with such data augmentations.

Evidence: [Evidence 1], [Evidence 2]",f4ee56455fd4;9695697b4de7;1623b0dad05e;4955be0b9151;835950434e0c,"Lecture 6(2).pdf, page 40, chunk f4ee56455fd4;Lecture 6(2).pdf, page 36, chunk 9695697b4de7;Lecture 6(2).pdf, page 38, chunk 1623b0dad05e;Lecture 6(2).pdf, page 34, chunk 4955be0b9151;Lecture 6(2).pdf, page 42, chunk 835950434e0c",ollama,qwen2.5:3b,4.488405831998534,2,761,300,"route={'in_scope': 'yes', 'question_type': 'comparison', 'lecture_topic': 'image augmentation techniques and their effects on image quality', 'search_query': 'COMP5541 Lectures 2-9 Why is horizontal flip often safer than upside-down augmentation for natural images?'}",0.5,1.0,1,,,auto-score; manually sanity-check before final submission
B025,reasoning_comparison,L6,Why is horizontal flip often safer than upside-down augmentation for natural images?,"Horizontal flipping often preserves semantics, while upside-down images can change semantics or create a train-test distribution mismatch.",Lecture 6 augmentation,horizontal flip;semantics;upside-down;distribution mismatch,no,answer,V3_retrieval_verifier,"The premise is incorrect: standard CNNs are not naturally invariant to a 180-degree rotation. Training on upside-down images can create a train-test distribution mismatch, so performance on normal test images can be hurt.

Evidence: Evidence 1; Evidence 2; Evidence 3",f4ee56455fd4;9695697b4de7;1623b0dad05e;4955be0b9151;835950434e0c,"Lecture 6(2).pdf, page 40, chunk f4ee56455fd4;Lecture 6(2).pdf, page 36, chunk 9695697b4de7;Lecture 6(2).pdf, page 38, chunk 1623b0dad05e;Lecture 6(2).pdf, page 34, chunk 4955be0b9151;Lecture 6(2).pdf, page 42, chunk 835950434e0c",ollama,qwen2.5:3b,3.169102625004598,1,597,172,draft_then_rule_guard,0.5,1.0,1,,,auto-score; manually sanity-check before final submission
B025,reasoning_comparison,L6,Why is horizontal flip often safer than upside-down augmentation for natural images?,"Horizontal flipping often preserves semantics, while upside-down images can change semantics or create a train-test distribution mismatch.",Lecture 6 augmentation,horizontal flip;semantics;upside-down;distribution mismatch,no,answer,V4_full_router_retrieval_verifier,"The premise is incorrect: standard CNNs are not naturally invariant to a 180-degree rotation. Training on upside-down images can create a train-test distribution mismatch, so performance on normal test images can be hurt.

Evidence: Evidence 1; Evidence 2; Evidence 3",f4ee56455fd4;9695697b4de7;1623b0dad05e;4955be0b9151;835950434e0c,"Lecture 6(2).pdf, page 40, chunk f4ee56455fd4;Lecture 6(2).pdf, page 36, chunk 9695697b4de7;Lecture 6(2).pdf, page 38, chunk 1623b0dad05e;Lecture 6(2).pdf, page 34, chunk 4955be0b9151;Lecture 6(2).pdf, page 42, chunk 835950434e0c",ollama,qwen2.5:3b,4.488405831998534,2,761,300,"draft_then_rule_guard;route={""in_scope"": ""yes"", ""question_type"": ""comparison"", ""lecture_topic"": ""image augmentation techniques and their effects on image quality"", ""search_query"": ""COMP5541 Lectures 2-9 Why is horizontal flip often safer than upside-down augmentation for natural images?""}",0.5,1.0,1,,,auto-score; manually sanity-check before final submission
B025,reasoning_comparison,L6,Why is horizontal flip often safer than upside-down augmentation for natural images?,"Horizontal flipping often preserves semantics, while upside-down images can change semantics or create a train-test distribution mismatch.",Lecture 6 augmentation,horizontal flip;semantics;upside-down;distribution mismatch,no,answer,A1_full_without_router,"The premise is incorrect: standard CNNs are not naturally invariant to a 180-degree rotation. Training on upside-down images can create a train-test distribution mismatch, so performance on normal test images can be hurt.

Evidence: Evidence 1; Evidence 2; Evidence 3",f4ee56455fd4;9695697b4de7;1623b0dad05e;4955be0b9151;835950434e0c,"Lecture 6(2).pdf, page 40, chunk f4ee56455fd4;Lecture 6(2).pdf, page 36, chunk 9695697b4de7;Lecture 6(2).pdf, page 38, chunk 1623b0dad05e;Lecture 6(2).pdf, page 34, chunk 4955be0b9151;Lecture 6(2).pdf, page 42, chunk 835950434e0c",ollama,qwen2.5:3b,3.4702214159988216,1,597,241,"draft_then_rule_guard;route={""in_scope"": ""yes"", ""question_type"": ""comparison"", ""lecture_topic"": ""COMP5541 Lectures 2-9"", ""search_query"": ""COMP5541 Lectures 2-9 Why is horizontal flip often safer than upside-down augmentation for natural images?""}",0.5,1.0,1,,,auto-score; manually sanity-check before final submission
B025,reasoning_comparison,L6,Why is horizontal flip often safer than upside-down augmentation for natural images?,"Horizontal flipping often preserves semantics, while upside-down images can change semantics or create a train-test distribution mismatch.",Lecture 6 augmentation,horizontal flip;semantics;upside-down;distribution mismatch,no,answer,A2_full_without_verifier,"Horizontal flip is often safer than upside-down augmentation for natural images because horizontal flips mirror an image along its vertical axis without altering object identity that depends on left-right orientation.

Key Course Terms: Data Augmentation, Horizontal Flip

Explanation:
The provided evidence indicates that horizontal flips are used in training sets to artificially expand the dataset by applying random but realistic transformations. They do not change the object's identity based on its left-right orientation, which is crucial for natural images where such orientation does not affect the image's meaning or classification.

Upside-down augmentation, on the other hand, would invert an image completely, potentially altering the object’s identity and making it harder to distinguish between different objects. This can lead to overfitting and poor generalization of models trained with such data augmentations.

Evidence: [Evidence 1], [Evidence 2]",f4ee56455fd4;9695697b4de7;1623b0dad05e;4955be0b9151;835950434e0c,"Lecture 6(2).pdf, page 40, chunk f4ee56455fd4;Lecture 6(2).pdf, page 36, chunk 9695697b4de7;Lecture 6(2).pdf, page 38, chunk 1623b0dad05e;Lecture 6(2).pdf, page 34, chunk 4955be0b9151;Lecture 6(2).pdf, page 42, chunk 835950434e0c",ollama,qwen2.5:3b,4.488405831998534,2,761,300,"route={""in_scope"": ""yes"", ""question_type"": ""comparison"", ""lecture_topic"": ""image augmentation techniques and their effects on image quality"", ""search_query"": ""COMP5541 Lectures 2-9 Why is horizontal flip often safer than upside-down augmentation for natural images?""}",0.5,1.0,1,,,auto-score; manually sanity-check before final submission
B025,reasoning_comparison,L6,Why is horizontal flip often safer than upside-down augmentation for natural images?,"Horizontal flipping often preserves semantics, while upside-down images can change semantics or create a train-test distribution mismatch.",Lecture 6 augmentation,horizontal flip;semantics;upside-down;distribution mismatch,no,answer,A3_full_topk2,"The premise is incorrect: standard CNNs are not naturally invariant to a 180-degree rotation. Training on upside-down images can create a train-test distribution mismatch, so performance on normal test images can be hurt.

Evidence: Evidence 1; Evidence 2",f4ee56455fd4;9695697b4de7,"Lecture 6(2).pdf, page 40, chunk f4ee56455fd4;Lecture 6(2).pdf, page 36, chunk 9695697b4de7",ollama,qwen2.5:3b,2.479705832000036,2,539,166,"draft_then_rule_guard;route={""in_scope"": ""yes"", ""question_type"": ""comparison"", ""lecture_topic"": ""image augmentation techniques and their effects on image quality"", ""search_query"": ""COMP5541 Lectures 2-9 Why is horizontal flip often safer than upside-down augmentation for natural images?""}",0.5,1.0,1,,,auto-score; manually sanity-check before final submission
B025,reasoning_comparison,L6,Why is horizontal flip often safer than upside-down augmentation for natural images?,"Horizontal flipping often preserves semantics, while upside-down images can change semantics or create a train-test distribution mismatch.",Lecture 6 augmentation,horizontal flip;semantics;upside-down;distribution mismatch,no,answer,A4_full_without_calculation_guard,"The premise is incorrect: standard CNNs are not naturally invariant to a 180-degree rotation. Training on upside-down images can create a train-test distribution mismatch, so performance on normal test images can be hurt.

Evidence: Evidence 1; Evidence 2; Evidence 3",f4ee56455fd4;9695697b4de7;1623b0dad05e;4955be0b9151;835950434e0c,"Lecture 6(2).pdf, page 40, chunk f4ee56455fd4;Lecture 6(2).pdf, page 36, chunk 9695697b4de7;Lecture 6(2).pdf, page 38, chunk 1623b0dad05e;Lecture 6(2).pdf, page 34, chunk 4955be0b9151;Lecture 6(2).pdf, page 42, chunk 835950434e0c",ollama,qwen2.5:3b,4.488405831998534,2,761,300,"draft_then_rule_guard;route={""in_scope"": ""yes"", ""question_type"": ""comparison"", ""lecture_topic"": ""image augmentation techniques and their effects on image quality"", ""search_query"": ""COMP5541 Lectures 2-9 Why is horizontal flip often safer than upside-down augmentation for natural images?""}",0.5,1.0,1,,,auto-score; manually sanity-check before final submission
B026,reasoning_comparison,L6,Why should a model be able to overfit a tiny dataset during sanity checking?,"If the model cannot overfit a tiny dataset, there may be a bug in the data pipeline, model, loss, or optimizer.",Lecture 6 sanity check,overfit tiny dataset;bug;pipeline;optimizer,no,answer,V0_baseline_single_call,Not enough information in the provided course materials.,,,ollama,qwen2.5:3b,0.3003097500040894,1,98,14,,0.0,1.0,0,,,auto-score; manually sanity-check before final submission
B026,reasoning_comparison,L6,Why should a model be able to overfit a tiny dataset during sanity checking?,"If the model cannot overfit a tiny dataset, there may be a bug in the data pipeline, model, loss, or optimizer.",Lecture 6 sanity check,overfit tiny dataset;bug;pipeline;optimizer,no,answer,V1_retrieval_only,"Why should a model be able to overfit a tiny dataset during sanity checking?
Direct Answer: A model should be able to overfit a tiny dataset during sanity checking because it helps identify hyperparameters and learning rates that lead to poor generalization, which is crucial for choosing an appropriate architecture and training regime.

Key Course Terms:
- Overfitting
- Hyperparameter tuning
- Learning rate

Explanation: Sanity checks involve trying to overfit on small subsets of the data. This allows for identifying hyperparameters (like learning rates) that cause the model to fit too closely to the training data, leading to poor generalization performance on unseen data. By observing how a model performs on such a small dataset, one can determine if it is overly complex or has an inappropriate learning rate, which are critical factors in determining whether the chosen architecture and training regime will generalize well to new data.",d327d6301b2d;c61633010b1a;1fc2c91a6e55;88a5041d54ae;1b7c970253f8,"COMP5541_2026_assignment.pdf, page 4, chunk d327d6301b2d;Lecture 6(2).pdf, page 82, chunk c61633010b1a;Lecture 6(2).pdf, page 86, chunk 1fc2c91a6e55;Lecture 6(2).pdf, page 81, chunk 88a5041d54ae;T4-pytorch.pdf, page 9, chunk 1b7c970253f8",ollama,qwen2.5:3b,6.084148750000168,1,1066,237,,0.0,0.5,1,,,auto-score; manually sanity-check before final submission
B026,reasoning_comparison,L6,Why should a model be able to overfit a tiny dataset during sanity checking?,"If the model cannot overfit a tiny dataset, there may be a bug in the data pipeline, model, loss, or optimizer.",Lecture 6 sanity check,overfit tiny dataset;bug;pipeline;optimizer,no,answer,V2_router_rewrite_retrieval,"Why should a model be able to overfit a tiny dataset during sanity checking?
Direct Answer: A model should be able to overfit a tiny dataset during sanity checking because it helps identify hyperparameters and learning rates that lead to poor generalization, which is crucial for choosing an appropriate architecture and training regime.

Key Course Terms:
- Overfitting
- Hyperparameter tuning
- Learning rate

Evidence:
[Evidence 1]
[Evidence 2]
[Evidence 3]
[Evidence 4]",d327d6301b2d;c61633010b1a;1fc2c91a6e55;88a5041d54ae;1b7c970253f8,"COMP5541_2026_assignment.pdf, page 4, chunk d327d6301b2d;Lecture 6(2).pdf, page 82, chunk c61633010b1a;Lecture 6(2).pdf, page 86, chunk 1fc2c91a6e55;Lecture 6(2).pdf, page 81, chunk 88a5041d54ae;T4-pytorch.pdf, page 9, chunk 1b7c970253f8",ollama,qwen2.5:3b,6.531637958003557,2,1228,165,"route={'in_scope': 'yes', 'question_type': 'unanswerable', 'lecture_topic': 'model validation and evaluation techniques', 'search_query': 'COMP5541 Lectures 2-9 Why should a model be able to overfit a tiny dataset during sanity checking?'}",0.0,1.0,1,,,auto-score; manually sanity-check before final submission
B026,reasoning_comparison,L6,Why should a model be able to overfit a tiny dataset during sanity checking?,"If the model cannot overfit a tiny dataset, there may be a bug in the data pipeline, model, loss, or optimizer.",Lecture 6 sanity check,overfit tiny dataset;bug;pipeline;optimizer,no,answer,V3_retrieval_verifier,"Why should a model be able to overfit a tiny dataset during sanity checking?
Direct Answer: A model should be able to overfit a tiny dataset during sanity checking because it helps identify hyperparameters and learning rates that lead to poor generalization, which is crucial for choosing an appropriate architecture and training regime.

Key Course Terms:
- Overfitting
- Hyperparameter tuning
- Learning rate

Explanation: Sanity checks involve trying to overfit on small subsets of the data. This allows for identifying hyperparameters (like learning rates) that cause the model to fit too closely to the training data, leading to poor generalization performance on unseen data. By observing how a model performs on such a small dataset, one can determine if it is overly complex or has an inappropriate learning rate, which are critical factors in determining whether the chosen architecture and training regime will generalize well to new data.",d327d6301b2d;c61633010b1a;1fc2c91a6e55;88a5041d54ae;1b7c970253f8,"COMP5541_2026_assignment.pdf, page 4, chunk d327d6301b2d;Lecture 6(2).pdf, page 82, chunk c61633010b1a;Lecture 6(2).pdf, page 86, chunk 1fc2c91a6e55;Lecture 6(2).pdf, page 81, chunk 88a5041d54ae;T4-pytorch.pdf, page 9, chunk 1b7c970253f8",ollama,qwen2.5:3b,14.378237375000026,2,2515,464,draft_then_verifier_rejected_overcorrection,0.0,0.5,1,,,auto-score; manually sanity-check before final submission
B026,reasoning_comparison,L6,Why should a model be able to overfit a tiny dataset during sanity checking?,"If the model cannot overfit a tiny dataset, there may be a bug in the data pipeline, model, loss, or optimizer.",Lecture 6 sanity check,overfit tiny dataset;bug;pipeline;optimizer,no,answer,V4_full_router_retrieval_verifier,"Why should a model be able to overfit a tiny dataset during sanity checking?
Direct Answer: A model should be able to overfit a tiny dataset during sanity checking because it helps identify hyperparameters and learning rates that lead to poor generalization, which is crucial for choosing an appropriate architecture and training regime.

Key Course Terms:
- Overfitting
- Hyperparameter tuning
- Learning rate

Evidence:
[Evidence 1]
[Evidence 2]
[Evidence 3]
[Evidence 4]",d327d6301b2d;c61633010b1a;1fc2c91a6e55;88a5041d54ae;1b7c970253f8,"COMP5541_2026_assignment.pdf, page 4, chunk d327d6301b2d;Lecture 6(2).pdf, page 82, chunk c61633010b1a;Lecture 6(2).pdf, page 86, chunk 1fc2c91a6e55;Lecture 6(2).pdf, page 81, chunk 88a5041d54ae;T4-pytorch.pdf, page 9, chunk 1b7c970253f8",ollama,qwen2.5:3b,10.223111166997114,3,2563,225,"draft_then_verifier_rejected_overcorrection;route={""in_scope"": ""yes"", ""question_type"": ""unanswerable"", ""lecture_topic"": ""model validation and evaluation techniques"", ""search_query"": ""COMP5541 Lectures 2-9 Why should a model be able to overfit a tiny dataset during sanity checking?""}",0.0,1.0,1,,,auto-score; manually sanity-check before final submission
B026,reasoning_comparison,L6,Why should a model be able to overfit a tiny dataset during sanity checking?,"If the model cannot overfit a tiny dataset, there may be a bug in the data pipeline, model, loss, or optimizer.",Lecture 6 sanity check,overfit tiny dataset;bug;pipeline;optimizer,no,answer,A1_full_without_router,"Why should a model be able to overfit a tiny dataset during sanity checking?
Direct Answer: A model should be able to overfit a tiny dataset during sanity checking because it helps identify hyperparameters and learning rates that lead to poor generalization, which is crucial for choosing an appropriate architecture and training regime.

Key Course Terms:
- Overfitting
- Hyperparameter tuning
- Learning rate

Evidence:
[Evidence 1]
[Evidence 2]
[Evidence 3]
[Evidence 4]",d327d6301b2d;c61633010b1a;1fc2c91a6e55;88a5041d54ae;1b7c970253f8,"COMP5541_2026_assignment.pdf, page 4, chunk d327d6301b2d;Lecture 6(2).pdf, page 82, chunk c61633010b1a;Lecture 6(2).pdf, page 86, chunk 1fc2c91a6e55;Lecture 6(2).pdf, page 81, chunk 88a5041d54ae;T4-pytorch.pdf, page 9, chunk 1b7c970253f8",ollama,qwen2.5:3b,9.511986666999292,2,2396,209,"draft_then_verifier_rejected_overcorrection;route={""in_scope"": ""yes"", ""question_type"": ""comparison"", ""lecture_topic"": ""COMP5541 Lectures 2-9"", ""search_query"": ""COMP5541 Lectures 2-9 Why should a model be able to overfit a tiny dataset during sanity checking?""}",0.0,1.0,1,,,auto-score; manually sanity-check before final submission
B026,reasoning_comparison,L6,Why should a model be able to overfit a tiny dataset during sanity checking?,"If the model cannot overfit a tiny dataset, there may be a bug in the data pipeline, model, loss, or optimizer.",Lecture 6 sanity check,overfit tiny dataset;bug;pipeline;optimizer,no,answer,A2_full_without_verifier,"Why should a model be able to overfit a tiny dataset during sanity checking?
Direct Answer: A model should be able to overfit a tiny dataset during sanity checking because it helps identify hyperparameters and learning rates that lead to poor generalization, which is crucial for choosing an appropriate architecture and training regime.

Key Course Terms:
- Overfitting
- Hyperparameter tuning
- Learning rate

Evidence:
[Evidence 1]
[Evidence 2]
[Evidence 3]
[Evidence 4]",d327d6301b2d;c61633010b1a;1fc2c91a6e55;88a5041d54ae;1b7c970253f8,"COMP5541_2026_assignment.pdf, page 4, chunk d327d6301b2d;Lecture 6(2).pdf, page 82, chunk c61633010b1a;Lecture 6(2).pdf, page 86, chunk 1fc2c91a6e55;Lecture 6(2).pdf, page 81, chunk 88a5041d54ae;T4-pytorch.pdf, page 9, chunk 1b7c970253f8",ollama,qwen2.5:3b,6.531637958003557,2,1228,165,"route={""in_scope"": ""yes"", ""question_type"": ""unanswerable"", ""lecture_topic"": ""model validation and evaluation techniques"", ""search_query"": ""COMP5541 Lectures 2-9 Why should a model be able to overfit a tiny dataset during sanity checking?""}",0.0,1.0,1,,,auto-score; manually sanity-check before final submission
B026,reasoning_comparison,L6,Why should a model be able to overfit a tiny dataset during sanity checking?,"If the model cannot overfit a tiny dataset, there may be a bug in the data pipeline, model, loss, or optimizer.",Lecture 6 sanity check,overfit tiny dataset;bug;pipeline;optimizer,no,answer,A3_full_topk2,"Why should a model be able to overfit a tiny dataset during sanity checking? During sanity checking, it is beneficial for a model to overfit a small subset of the data. This allows one to verify that the chosen hyperparameters are appropriate and that the training process is functioning correctly.

Key Course Terms:
- Sanity Check
- Overfitting

Explanation:
The provided evidence suggests that during the sanity check phase, a model should be able to overfit a tiny dataset. This practice helps in verifying whether the selected hyperparameters are suitable for the given data and ensures that the training process is working as expected.

Evidence: [Evidence 1], [Evidence 2]",d327d6301b2d;c61633010b1a,"COMP5541_2026_assignment.pdf, page 4, chunk d327d6301b2d;Lecture 6(2).pdf, page 82, chunk c61633010b1a",ollama,qwen2.5:3b,11.666296291994511,3,1847,308,"draft_then_verifier_rejected_overcorrection;route={""in_scope"": ""yes"", ""question_type"": ""unanswerable"", ""lecture_topic"": ""model validation and evaluation techniques"", ""search_query"": ""COMP5541 Lectures 2-9 Why should a model be able to overfit a tiny dataset during sanity checking?""}",0.0,1.0,1,,,auto-score; manually sanity-check before final submission
B026,reasoning_comparison,L6,Why should a model be able to overfit a tiny dataset during sanity checking?,"If the model cannot overfit a tiny dataset, there may be a bug in the data pipeline, model, loss, or optimizer.",Lecture 6 sanity check,overfit tiny dataset;bug;pipeline;optimizer,no,answer,A4_full_without_calculation_guard,"Why should a model be able to overfit a tiny dataset during sanity checking?
Direct Answer: A model should be able to overfit a tiny dataset during sanity checking because it helps identify hyperparameters and learning rates that lead to poor generalization, which is crucial for choosing an appropriate architecture and training regime.

Key Course Terms:
- Overfitting
- Hyperparameter tuning
- Learning rate

Evidence:
[Evidence 1]
[Evidence 2]
[Evidence 3]
[Evidence 4]",d327d6301b2d;c61633010b1a;1fc2c91a6e55;88a5041d54ae;1b7c970253f8,"COMP5541_2026_assignment.pdf, page 4, chunk d327d6301b2d;Lecture 6(2).pdf, page 82, chunk c61633010b1a;Lecture 6(2).pdf, page 86, chunk 1fc2c91a6e55;Lecture 6(2).pdf, page 81, chunk 88a5041d54ae;T4-pytorch.pdf, page 9, chunk 1b7c970253f8",ollama,qwen2.5:3b,10.223111166997114,3,2563,225,"draft_then_verifier_rejected_overcorrection;route={""in_scope"": ""yes"", ""question_type"": ""unanswerable"", ""lecture_topic"": ""model validation and evaluation techniques"", ""search_query"": ""COMP5541 Lectures 2-9 Why should a model be able to overfit a tiny dataset during sanity checking?""}",0.0,1.0,1,,,auto-score; manually sanity-check before final submission
B027,reasoning_comparison,L7,Why was LSTM introduced compared with vanilla RNNs?,LSTM uses gates and a cell state to preserve longer-range information and reduce vanishing-gradient issues.,Lecture 7 LSTM,gates;cell state;long-range;vanishing gradient,no,answer,V0_baseline_single_call,"LSTM (Long Short-Term Memory) networks were introduced to address the vanishing gradient problem inherent in vanilla Recurrent Neural Networks (RNNs). This issue arises because gradients, which are used during training to adjust weights and improve model performance, tend to diminish as they propagate through many time steps in RNNs. LSTM addresses this by incorporating memory cells that allow for more controlled information flow and reduced vanishing gradient problems, enabling the network to learn long-term dependencies effectively.",,,ollama,qwen2.5:3b,1.9610596670027007,1,92,135,,0.0,0.5,0,,,auto-score; manually sanity-check before final submission
B027,reasoning_comparison,L7,Why was LSTM introduced compared with vanilla RNNs?,LSTM uses gates and a cell state to preserve longer-range information and reduce vanishing-gradient issues.,Lecture 7 LSTM,gates;cell state;long-range;vanishing gradient,no,answer,V1_retrieval_only,"LSTM was introduced to alleviate the vanishing gradient problem compared with vanilla RNNs. LSTM uses gates to control information flow, which helps in better capturing long-term dependencies.

Key Terms:
- Vanishing Gradient Problem
- Long Short Term Memory (LSTM)
- Vanilla Recurrent Neural Network (RNN)

Evidence: [Evidence 1], [Evidence 3]",2703b85aa828;d51e1f8f461c;5330f2aefb4b;5c0dc444a806;14db1ca940f5,"Lecture 7(1).pdf, page 52, chunk 2703b85aa828;Lecture 7(1).pdf, page 7, chunk d51e1f8f461c;Lecture 7(1).pdf, page 59, chunk 5330f2aefb4b;Lecture 8(2).pdf, page 4, chunk 5c0dc444a806;RNN_LSTM_Name_Classification_Tutorial (1).ipynb, page 1, chunk 14db1ca940f5",ollama,qwen2.5:3b,3.307472749998851,1,1186,86,,0.5,1.0,1,,,auto-score; manually sanity-check before final submission
B027,reasoning_comparison,L7,Why was LSTM introduced compared with vanilla RNNs?,LSTM uses gates and a cell state to preserve longer-range information and reduce vanishing-gradient issues.,Lecture 7 LSTM,gates;cell state;long-range;vanishing gradient,no,answer,V2_router_rewrite_retrieval,"Why was LSTM introduced compared with vanilla RNNs? LSTM was introduced to alleviate the vanishing gradient problem, which is a challenge faced by vanilla RNNs.

Key Course Terms:
- Recurrent Neural Network (RNN)
- Long Short Term Memory (LSTM)

Mechanism/Caveat:
- Vanilla RNNs suffer from the vanishing gradient problem, where gradients flow through time and diminish exponentially.
- LSTM introduces gating mechanisms to control information flow within the cell state, thereby mitigating the vanishing gradient issue.

Evidence: [1] [3]",d51e1f8f461c;9bafece4e6fe;2703b85aa828;3cb9ec28687f;99d421eb3c97,"Lecture 7(1).pdf, page 7, chunk d51e1f8f461c;Lecture 9 .pdf, page 8, chunk 9bafece4e6fe;Lecture 7(1).pdf, page 52, chunk 2703b85aa828;Lecture 7(1).pdf, page 5, chunk 3cb9ec28687f;Lecture 7(1).pdf, page 43, chunk 99d421eb3c97",ollama,qwen2.5:3b,4.917065874993568,2,735,264,"route={'in_scope': 'yes', 'question_type': 'concept', 'lecture_topic': 'LSTM architecture and its introduction as an improvement over vanilla RNNs', 'search_query': 'Lecture 7 recurrent neural network Why was LSTM introduced compared with vanilla RNNs?'}",0.5,1.0,1,,,auto-score; manually sanity-check before final submission
B027,reasoning_comparison,L7,Why was LSTM introduced compared with vanilla RNNs?,LSTM uses gates and a cell state to preserve longer-range information and reduce vanishing-gradient issues.,Lecture 7 LSTM,gates;cell state;long-range;vanishing gradient,no,answer,V3_retrieval_verifier,"LSTM was introduced to alleviate the vanishing gradient problem compared with vanilla RNNs. LSTM uses gates to control information flow, which helps in better capturing long-term dependencies.

Key Terms:
- Vanishing Gradient Problem
- Long Short Term Memory (LSTM)
- Vanilla Recurrent Neural Network (RNN)

Evidence: [Evidence 1], [Evidence 3]",2703b85aa828;d51e1f8f461c;5330f2aefb4b;5c0dc444a806;14db1ca940f5,"Lecture 7(1).pdf, page 52, chunk 2703b85aa828;Lecture 7(1).pdf, page 7, chunk d51e1f8f461c;Lecture 7(1).pdf, page 59, chunk 5330f2aefb4b;Lecture 8(2).pdf, page 4, chunk 5c0dc444a806;RNN_LSTM_Name_Classification_Tutorial (1).ipynb, page 1, chunk 14db1ca940f5",ollama,qwen2.5:3b,6.469446874994901,2,2603,141,draft_then_verifier_rejected_overcorrection,0.5,1.0,1,,,auto-score; manually sanity-check before final submission
B027,reasoning_comparison,L7,Why was LSTM introduced compared with vanilla RNNs?,LSTM uses gates and a cell state to preserve longer-range information and reduce vanishing-gradient issues.,Lecture 7 LSTM,gates;cell state;long-range;vanishing gradient,no,answer,V4_full_router_retrieval_verifier,"Why was LSTM introduced compared with vanilla RNNs? LSTM was introduced to alleviate the vanishing gradient problem, which is a challenge faced by vanilla RNNs.

Key Course Terms:
- Recurrent Neural Network (RNN)
- Long Short Term Memory (LSTM)

Mechanism/Caveat:
- Vanilla RNNs suffer from the vanishing gradient problem, where gradients flow through time and diminish exponentially.
- LSTM introduces gating mechanisms to control information flow within the cell state, thereby mitigating the vanishing gradient issue.

Evidence: [1] [3]",d51e1f8f461c;9bafece4e6fe;2703b85aa828;3cb9ec28687f;99d421eb3c97,"Lecture 7(1).pdf, page 7, chunk d51e1f8f461c;Lecture 9 .pdf, page 8, chunk 9bafece4e6fe;Lecture 7(1).pdf, page 52, chunk 2703b85aa828;Lecture 7(1).pdf, page 5, chunk 3cb9ec28687f;Lecture 7(1).pdf, page 43, chunk 99d421eb3c97",ollama,qwen2.5:3b,8.025752833993465,3,1604,391,"draft_then_verifier_rejected_overcorrection;route={""in_scope"": ""yes"", ""question_type"": ""concept"", ""lecture_topic"": ""LSTM architecture and its introduction as an improvement over vanilla RNNs"", ""search_query"": ""Lecture 7 recurrent neural network Why was LSTM introduced compared with vanilla RNNs?""}",0.5,1.0,1,,,auto-score; manually sanity-check before final submission
B027,reasoning_comparison,L7,Why was LSTM introduced compared with vanilla RNNs?,LSTM uses gates and a cell state to preserve longer-range information and reduce vanishing-gradient issues.,Lecture 7 LSTM,gates;cell state;long-range;vanishing gradient,no,answer,A1_full_without_router,"Why was LSTM introduced compared with vanilla RNNs? LSTM was introduced to alleviate the vanishing gradient problem, which is a challenge faced by vanilla RNNs.

Key Course Terms:
- Recurrent Neural Network (RNN)
- Long Short Term Memory (LSTM)

Mechanism/Caveat:
- Vanilla RNNs suffer from the vanishing gradient problem, where gradients flow through time and diminish exponentially.
- LSTM introduces gating mechanisms to control information flow within the cell state, thereby mitigating the vanishing gradient issue.

Evidence: [1] [3]",d51e1f8f461c;9bafece4e6fe;2703b85aa828;3cb9ec28687f;99d421eb3c97,"Lecture 7(1).pdf, page 7, chunk d51e1f8f461c;Lecture 9 .pdf, page 8, chunk 9bafece4e6fe;Lecture 7(1).pdf, page 52, chunk 2703b85aa828;Lecture 7(1).pdf, page 5, chunk 3cb9ec28687f;Lecture 7(1).pdf, page 43, chunk 99d421eb3c97",ollama,qwen2.5:3b,5.944515332994342,2,1439,262,"draft_then_verifier_rejected_overcorrection;route={""in_scope"": ""yes"", ""question_type"": ""comparison"", ""lecture_topic"": ""Lecture 7 recurrent neural network"", ""search_query"": ""Lecture 7 recurrent neural network Why was LSTM introduced compared with vanilla RNNs?""}",0.5,1.0,1,,,auto-score; manually sanity-check before final submission
B027,reasoning_comparison,L7,Why was LSTM introduced compared with vanilla RNNs?,LSTM uses gates and a cell state to preserve longer-range information and reduce vanishing-gradient issues.,Lecture 7 LSTM,gates;cell state;long-range;vanishing gradient,no,answer,A2_full_without_verifier,"Why was LSTM introduced compared with vanilla RNNs? LSTM was introduced to alleviate the vanishing gradient problem, which is a challenge faced by vanilla RNNs.

Key Course Terms:
- Recurrent Neural Network (RNN)
- Long Short Term Memory (LSTM)

Mechanism/Caveat:
- Vanilla RNNs suffer from the vanishing gradient problem, where gradients flow through time and diminish exponentially.
- LSTM introduces gating mechanisms to control information flow within the cell state, thereby mitigating the vanishing gradient issue.

Evidence: [1] [3]",d51e1f8f461c;9bafece4e6fe;2703b85aa828;3cb9ec28687f;99d421eb3c97,"Lecture 7(1).pdf, page 7, chunk d51e1f8f461c;Lecture 9 .pdf, page 8, chunk 9bafece4e6fe;Lecture 7(1).pdf, page 52, chunk 2703b85aa828;Lecture 7(1).pdf, page 5, chunk 3cb9ec28687f;Lecture 7(1).pdf, page 43, chunk 99d421eb3c97",ollama,qwen2.5:3b,4.917065874993568,2,735,264,"route={""in_scope"": ""yes"", ""question_type"": ""concept"", ""lecture_topic"": ""LSTM architecture and its introduction as an improvement over vanilla RNNs"", ""search_query"": ""Lecture 7 recurrent neural network Why was LSTM introduced compared with vanilla RNNs?""}",0.5,1.0,1,,,auto-score; manually sanity-check before final submission
B027,reasoning_comparison,L7,Why was LSTM introduced compared with vanilla RNNs?,LSTM uses gates and a cell state to preserve longer-range information and reduce vanishing-gradient issues.,Lecture 7 LSTM,gates;cell state;long-range;vanishing gradient,no,answer,A3_full_topk2,"Direct Answer: LSTM was introduced to address the vanishing gradient problem in vanilla RNNs.

Key Course Terms:
vanilla RNNs, LSTM, GRU

Explanation: The introduction of LSTM (Long Short-Term Memory) networks was primarily aimed at mitigating a significant issue with vanilla Recurrent Neural Networks (RNNs). Vanilla RNNs suffer from the vanishing gradient problem, where gradients flow through time in a sequence and diminish rapidly. This makes it difficult for the network to learn long-term dependencies.

Evidence:
[Evidence 1]
[Evidence 2]",d51e1f8f461c;9bafece4e6fe,"Lecture 7(1).pdf, page 7, chunk d51e1f8f461c;Lecture 9 .pdf, page 8, chunk 9bafece4e6fe",ollama,qwen2.5:3b,6.598463750000519,3,1226,324,"draft_then_verifier_rejected_overcorrection;route={""in_scope"": ""yes"", ""question_type"": ""concept"", ""lecture_topic"": ""LSTM architecture and its introduction as an improvement over vanilla RNNs"", ""search_query"": ""Lecture 7 recurrent neural network Why was LSTM introduced compared with vanilla RNNs?""}",0.0,1.0,1,,,auto-score; manually sanity-check before final submission
B027,reasoning_comparison,L7,Why was LSTM introduced compared with vanilla RNNs?,LSTM uses gates and a cell state to preserve longer-range information and reduce vanishing-gradient issues.,Lecture 7 LSTM,gates;cell state;long-range;vanishing gradient,no,answer,A4_full_without_calculation_guard,"Why was LSTM introduced compared with vanilla RNNs? LSTM was introduced to alleviate the vanishing gradient problem, which is a challenge faced by vanilla RNNs.

Key Course Terms:
- Recurrent Neural Network (RNN)
- Long Short Term Memory (LSTM)

Mechanism/Caveat:
- Vanilla RNNs suffer from the vanishing gradient problem, where gradients flow through time and diminish exponentially.
- LSTM introduces gating mechanisms to control information flow within the cell state, thereby mitigating the vanishing gradient issue.

Evidence: [1] [3]",d51e1f8f461c;9bafece4e6fe;2703b85aa828;3cb9ec28687f;99d421eb3c97,"Lecture 7(1).pdf, page 7, chunk d51e1f8f461c;Lecture 9 .pdf, page 8, chunk 9bafece4e6fe;Lecture 7(1).pdf, page 52, chunk 2703b85aa828;Lecture 7(1).pdf, page 5, chunk 3cb9ec28687f;Lecture 7(1).pdf, page 43, chunk 99d421eb3c97",ollama,qwen2.5:3b,8.025752833993465,3,1604,391,"draft_then_verifier_rejected_overcorrection;route={""in_scope"": ""yes"", ""question_type"": ""concept"", ""lecture_topic"": ""LSTM architecture and its introduction as an improvement over vanilla RNNs"", ""search_query"": ""Lecture 7 recurrent neural network Why was LSTM introduced compared with vanilla RNNs?""}",0.5,1.0,1,,,auto-score; manually sanity-check before final submission
B028,reasoning_comparison,L8,Why are Transformers more parallelizable than RNNs?,"Transformers use attention rather than recurrent step-by-step state updates, so token computations can be parallelized.",Lecture 8 Transformer,attention;not recurrent;parallel,no,answer,V0_baseline_single_call,"Transformers are more parallelizable than RNNs due to their reliance on self-attention mechanisms which process each position in the sequence independently of others, allowing for concurrent processing. This contrasts with RNNs and LSTMs that have a sequential dependency structure, making them inherently less amenable to parallelization across different time steps.",,,ollama,qwen2.5:3b,2.103511166991666,1,92,91,,0.5,0.5,0,,,auto-score; manually sanity-check before final submission
B028,reasoning_comparison,L8,Why are Transformers more parallelizable than RNNs?,"Transformers use attention rather than recurrent step-by-step state updates, so token computations can be parallelized.",Lecture 8 Transformer,attention;not recurrent;parallel,no,answer,V1_retrieval_only,"Direct Answer: Transformers are more parallelizable than RNNs because they use self-attention for interactions between vectors, which allows them to process all input tokens simultaneously without the need for sequential processing.

Key Course Terms:
- Self-Attention
- Parallelization

Caveat:
- While Transformers offer high scalability and parallelizability, their high memory usage is a trade-off.

Evidence: [Evidence 4], [Evidence 5]",d51e1f8f461c;d426ae82afb6;dd35120b4767;5330f2aefb4b;0051874af614,"Lecture 7(1).pdf, page 7, chunk d51e1f8f461c;Lecture 7(1).pdf, page 69, chunk d426ae82afb6;Lecture 7(1).pdf, page 42, chunk dd35120b4767;Lecture 7(1).pdf, page 59, chunk 5330f2aefb4b;Lecture 8(2).pdf, page 26, chunk 0051874af614",ollama,qwen2.5:3b,3.9939475419960218,1,776,110,,0.5,1.0,1,,,auto-score; manually sanity-check before final submission
B028,reasoning_comparison,L8,Why are Transformers more parallelizable than RNNs?,"Transformers use attention rather than recurrent step-by-step state updates, so token computations can be parallelized.",Lecture 8 Transformer,attention;not recurrent;parallel,no,answer,V2_router_rewrite_retrieval,"Transformers are more parallelizable than RNNs because Transformers do not rely on an internal state that is updated as a sequence is processed, unlike RNNs (evidence [Evidence 1]). This means transformers can process multiple sequences simultaneously without losing information, whereas RNNs have dependencies between time steps which limit parallel processing.

Key Course Terms:
- Recurrent Neural Network (RNN)
- Attention mechanism

Caveat:
- Transformers use self-attention mechanisms that allow them to compute queries, keys, and values independently for each element in a sequence, enabling parallel computation.",d51e1f8f461c;9bafece4e6fe;8726ed1d9ed7;3cb9ec28687f;99d421eb3c97,"Lecture 7(1).pdf, page 7, chunk d51e1f8f461c;Lecture 9 .pdf, page 8, chunk 9bafece4e6fe;Lecture 7(1).pdf, page 79, chunk 8726ed1d9ed7;Lecture 7(1).pdf, page 5, chunk 3cb9ec28687f;Lecture 7(1).pdf, page 43, chunk 99d421eb3c97",ollama,qwen2.5:3b,6.626129583004513,2,823,198,"route={'in_scope': 'yes', 'question_type': 'comparison', 'lecture_topic': 'transformers_vs_rnn_parallelism', 'search_query': 'Lecture 7 recurrent neural network Why are Transformers more parallelizable than RNNs?'}",1.0,1.0,0,,,auto-score; manually sanity-check before final submission
B028,reasoning_comparison,L8,Why are Transformers more parallelizable than RNNs?,"Transformers use attention rather than recurrent step-by-step state updates, so token computations can be parallelized.",Lecture 8 Transformer,attention;not recurrent;parallel,no,answer,V3_retrieval_verifier,"Direct Answer: Transformers are more parallelizable than RNNs because they use self-attention for interactions between vectors, which allows them to process all input tokens simultaneously without the need for sequential processing.

Key Course Terms:
- Self-Attention
- Parallelization

Caveat:
- While Transformers offer high scalability and parallelizability, their high memory usage is a trade-off.

Evidence: [Evidence 4], [Evidence 5]",d51e1f8f461c;d426ae82afb6;dd35120b4767;5330f2aefb4b;0051874af614,"Lecture 7(1).pdf, page 7, chunk d51e1f8f461c;Lecture 7(1).pdf, page 69, chunk d426ae82afb6;Lecture 7(1).pdf, page 42, chunk dd35120b4767;Lecture 7(1).pdf, page 59, chunk 5330f2aefb4b;Lecture 8(2).pdf, page 26, chunk 0051874af614",ollama,qwen2.5:3b,7.643351583988988,2,1808,193,draft_then_verifier_rejected_overcorrection,0.5,1.0,1,,,auto-score; manually sanity-check before final submission
B028,reasoning_comparison,L8,Why are Transformers more parallelizable than RNNs?,"Transformers use attention rather than recurrent step-by-step state updates, so token computations can be parallelized.",Lecture 8 Transformer,attention;not recurrent;parallel,no,answer,V4_full_router_retrieval_verifier,"Transformers are more parallelizable than RNNs because Transformers do not rely on an internal state that is updated as a sequence is processed, unlike RNNs (evidence [Evidence 1]). This means transformers can process multiple sequences simultaneously without losing information, whereas RNNs have dependencies between time steps which limit parallel processing.

Key Course Terms:
- Recurrent Neural Network (RNN)
- Attention mechanism

Caveat:
- Transformers use self-attention mechanisms that allow them to compute queries, keys, and values independently for each element in a sequence, enabling parallel computation.",d51e1f8f461c;9bafece4e6fe;8726ed1d9ed7;3cb9ec28687f;99d421eb3c97,"Lecture 7(1).pdf, page 7, chunk d51e1f8f461c;Lecture 9 .pdf, page 8, chunk 9bafece4e6fe;Lecture 7(1).pdf, page 79, chunk 8726ed1d9ed7;Lecture 7(1).pdf, page 5, chunk 3cb9ec28687f;Lecture 7(1).pdf, page 43, chunk 99d421eb3c97",ollama,qwen2.5:3b,11.827300499004195,3,1790,320,"draft_then_verifier_rejected_overcorrection;route={""in_scope"": ""yes"", ""question_type"": ""comparison"", ""lecture_topic"": ""transformers_vs_rnn_parallelism"", ""search_query"": ""Lecture 7 recurrent neural network Why are Transformers more parallelizable than RNNs?""}",1.0,1.0,0,,,auto-score; manually sanity-check before final submission
B028,reasoning_comparison,L8,Why are Transformers more parallelizable than RNNs?,"Transformers use attention rather than recurrent step-by-step state updates, so token computations can be parallelized.",Lecture 8 Transformer,attention;not recurrent;parallel,no,answer,A1_full_without_router,"Transformers are more parallelizable than RNNs because Transformers do not rely on an internal state that is updated as a sequence is processed, unlike RNNs (evidence [Evidence 1]). This means transformers can process multiple sequences simultaneously without losing information, whereas RNNs have dependencies between time steps which limit parallel processing.

Key Course Terms:
- Recurrent Neural Network (RNN)
- Attention mechanism

Caveat:
- Transformers use self-attention mechanisms that allow them to compute queries, keys, and values independently for each element in a sequence, enabling parallel computation.",d51e1f8f461c;9bafece4e6fe;8726ed1d9ed7;3cb9ec28687f;99d421eb3c97,"Lecture 7(1).pdf, page 7, chunk d51e1f8f461c;Lecture 9 .pdf, page 8, chunk 9bafece4e6fe;Lecture 7(1).pdf, page 79, chunk 8726ed1d9ed7;Lecture 7(1).pdf, page 5, chunk 3cb9ec28687f;Lecture 7(1).pdf, page 43, chunk 99d421eb3c97",ollama,qwen2.5:3b,10.00368204100232,2,1635,280,"draft_then_verifier_rejected_overcorrection;route={""in_scope"": ""yes"", ""question_type"": ""comparison"", ""lecture_topic"": ""Lecture 7 recurrent neural network"", ""search_query"": ""Lecture 7 recurrent neural network Why are Transformers more parallelizable than RNNs?""}",1.0,1.0,0,,,auto-score; manually sanity-check before final submission
B028,reasoning_comparison,L8,Why are Transformers more parallelizable than RNNs?,"Transformers use attention rather than recurrent step-by-step state updates, so token computations can be parallelized.",Lecture 8 Transformer,attention;not recurrent;parallel,no,answer,A2_full_without_verifier,"Transformers are more parallelizable than RNNs because Transformers do not rely on an internal state that is updated as a sequence is processed, unlike RNNs (evidence [Evidence 1]). This means transformers can process multiple sequences simultaneously without losing information, whereas RNNs have dependencies between time steps which limit parallel processing.

Key Course Terms:
- Recurrent Neural Network (RNN)
- Attention mechanism

Caveat:
- Transformers use self-attention mechanisms that allow them to compute queries, keys, and values independently for each element in a sequence, enabling parallel computation.",d51e1f8f461c;9bafece4e6fe;8726ed1d9ed7;3cb9ec28687f;99d421eb3c97,"Lecture 7(1).pdf, page 7, chunk d51e1f8f461c;Lecture 9 .pdf, page 8, chunk 9bafece4e6fe;Lecture 7(1).pdf, page 79, chunk 8726ed1d9ed7;Lecture 7(1).pdf, page 5, chunk 3cb9ec28687f;Lecture 7(1).pdf, page 43, chunk 99d421eb3c97",ollama,qwen2.5:3b,6.626129583004513,2,823,198,"route={""in_scope"": ""yes"", ""question_type"": ""comparison"", ""lecture_topic"": ""transformers_vs_rnn_parallelism"", ""search_query"": ""Lecture 7 recurrent neural network Why are Transformers more parallelizable than RNNs?""}",1.0,1.0,0,,,auto-score; manually sanity-check before final submission
B028,reasoning_comparison,L8,Why are Transformers more parallelizable than RNNs?,"Transformers use attention rather than recurrent step-by-step state updates, so token computations can be parallelized.",Lecture 8 Transformer,attention;not recurrent;parallel,no,answer,A3_full_topk2,"Direct Answer: Transformers are more parallelizable than RNNs because they do not rely on an ""internal state"" that is updated as a sequence is processed. Instead, Transformers use self-attention mechanisms to weigh the importance of different words in a sentence independently.

Key Terms:
- Parallelizability
- Self-Attention Mechanism

Explanation: The internal state update mechanism inherent in RNNs (as described in Evidence 1) makes them sequential and less parallelizable compared to Transformers. In contrast, Transformers process each word or token independently using attention mechanisms, allowing for greater parallelization.

Evidence: [Evidence 1], [Evidence 2]",d51e1f8f461c;9bafece4e6fe,"Lecture 7(1).pdf, page 7, chunk d51e1f8f461c;Lecture 9 .pdf, page 8, chunk 9bafece4e6fe",ollama,qwen2.5:3b,11.428400457007228,3,1248,360,"draft_then_verifier_rejected_overcorrection;route={""in_scope"": ""yes"", ""question_type"": ""comparison"", ""lecture_topic"": ""transformers_vs_rnn_parallelism"", ""search_query"": ""Lecture 7 recurrent neural network Why are Transformers more parallelizable than RNNs?""}",0.5,1.0,0,,,auto-score; manually sanity-check before final submission
B028,reasoning_comparison,L8,Why are Transformers more parallelizable than RNNs?,"Transformers use attention rather than recurrent step-by-step state updates, so token computations can be parallelized.",Lecture 8 Transformer,attention;not recurrent;parallel,no,answer,A4_full_without_calculation_guard,"Transformers are more parallelizable than RNNs because Transformers do not rely on an internal state that is updated as a sequence is processed, unlike RNNs (evidence [Evidence 1]). This means transformers can process multiple sequences simultaneously without losing information, whereas RNNs have dependencies between time steps which limit parallel processing.

Key Course Terms:
- Recurrent Neural Network (RNN)
- Attention mechanism

Caveat:
- Transformers use self-attention mechanisms that allow them to compute queries, keys, and values independently for each element in a sequence, enabling parallel computation.",d51e1f8f461c;9bafece4e6fe;8726ed1d9ed7;3cb9ec28687f;99d421eb3c97,"Lecture 7(1).pdf, page 7, chunk d51e1f8f461c;Lecture 9 .pdf, page 8, chunk 9bafece4e6fe;Lecture 7(1).pdf, page 79, chunk 8726ed1d9ed7;Lecture 7(1).pdf, page 5, chunk 3cb9ec28687f;Lecture 7(1).pdf, page 43, chunk 99d421eb3c97",ollama,qwen2.5:3b,11.827300499004195,3,1790,320,"draft_then_verifier_rejected_overcorrection;route={""in_scope"": ""yes"", ""question_type"": ""comparison"", ""lecture_topic"": ""transformers_vs_rnn_parallelism"", ""search_query"": ""Lecture 7 recurrent neural network Why are Transformers more parallelizable than RNNs?""}",1.0,1.0,0,,,auto-score; manually sanity-check before final submission
B029,reasoning_comparison,L9,Why can PixelRNN generation be slow?,"PixelRNN generates pixels sequentially, so generation cannot be fully parallelized over pixels.",Lecture 9 PixelRNN,sequentially;slow;generation,no,answer,V0_baseline_single_call,not enough information in the provided course materials,,,ollama,qwen2.5:3b,0.2691687090009509,1,88,13,,0.0,1.0,0,,,auto-score; manually sanity-check before final submission
B029,reasoning_comparison,L9,Why can PixelRNN generation be slow?,"PixelRNN generates pixels sequentially, so generation cannot be fully parallelized over pixels.",Lecture 9 PixelRNN,sequentially;slow;generation,no,answer,V1_retrieval_only,"Direct Answer: PixelRNN generation can be slow due to its dependency on previous pixels modeled using a Diagonal LSTM, which results in sequential generation being slow both during training and inference.

Key Course Terms:
Diagonal LSTM, Sequential processing

Mechanism/Caveat:
The PixelRNN generates image pixels starting from the corner (e.g., top-left), moving one step at a time. This sequential dependency on previous pixels leads to slow generation times. Additionally, the use of a Diagonal LSTM for modeling pixel dependencies results in slower inference and training processes.

Evidence: [Evidence 1], [Evidence 2]",4c35a4818d76;d4607e65ad03;bba7aaa1d89c;1f7c2cd95028;1c969f2f41ee,"Lecture 9 .pdf, page 11, chunk 4c35a4818d76;Lecture 9 .pdf, page 43, chunk d4607e65ad03;Lecture 7(1).pdf, page 76, chunk bba7aaa1d89c;Lecture 9 .pdf, page 9, chunk 1f7c2cd95028;Lecture 9 .pdf, page 10, chunk 1c969f2f41ee",ollama,qwen2.5:3b,2.9591792909996,1,540,156,,0.5,1.0,1,,,auto-score; manually sanity-check before final submission
B029,reasoning_comparison,L9,Why can PixelRNN generation be slow?,"PixelRNN generates pixels sequentially, so generation cannot be fully parallelized over pixels.",Lecture 9 PixelRNN,sequentially;slow;generation,no,answer,V2_router_rewrite_retrieval,"PixelRNN generation can be slow due to its dependency on previous pixels, as stated in Evidence [Evidence 2].

Key Course Terms: PixelRNN, Diagonal LSTM, Recurrent Neural Network (RNN), Long Short-Term Memory (LSTM)

Explanation:
The mechanism behind the slowness of PixelRNN is attributed to its use of a Diagonal LSTM model. This model inherently depends on previous pixels for generating new ones, which introduces sequential dependencies that are computationally expensive and slow during both training and inference phases.

Evidence: [Evidence 1], [Evidence 2]",9bafece4e6fe;4c35a4818d76;d51e1f8f461c;3cb9ec28687f;99d421eb3c97,"Lecture 9 .pdf, page 8, chunk 9bafece4e6fe;Lecture 9 .pdf, page 11, chunk 4c35a4818d76;Lecture 7(1).pdf, page 7, chunk d51e1f8f461c;Lecture 7(1).pdf, page 5, chunk 3cb9ec28687f;Lecture 7(1).pdf, page 43, chunk 99d421eb3c97",ollama,qwen2.5:3b,4.010170750007092,2,682,217,"route={'in_scope': 'yes', 'question_type': 'calculation', 'lecture_topic': 'training_time_and_performance', 'search_query': 'Lecture 7 recurrent neural network Why can PixelRNN generation be slow?'}",0.5,1.0,1,,,auto-score; manually sanity-check before final submission
B029,reasoning_comparison,L9,Why can PixelRNN generation be slow?,"PixelRNN generates pixels sequentially, so generation cannot be fully parallelized over pixels.",Lecture 9 PixelRNN,sequentially;slow;generation,no,answer,V3_retrieval_verifier,"Direct Answer: PixelRNN generation can be slow due to its dependency on previous pixels modeled using a Diagonal LSTM, which results in sequential generation being slow both during training and inference.

Key Course Terms:
Diagonal LSTM, Sequential processing

Mechanism/Caveat:
The PixelRNN generates image pixels starting from the corner (e.g., top-left), moving one step at a time. This sequential dependency on previous pixels leads to slow generation times. Additionally, the use of a Diagonal LSTM for modeling pixel dependencies results in slower inference and training processes.

Evidence: [Evidence 1], [Evidence 2]",4c35a4818d76;d4607e65ad03;bba7aaa1d89c;1f7c2cd95028;1c969f2f41ee,"Lecture 9 .pdf, page 11, chunk 4c35a4818d76;Lecture 9 .pdf, page 43, chunk d4607e65ad03;Lecture 7(1).pdf, page 76, chunk bba7aaa1d89c;Lecture 9 .pdf, page 9, chunk 1f7c2cd95028;Lecture 9 .pdf, page 10, chunk 1c969f2f41ee",ollama,qwen2.5:3b,6.327663207994192,2,1379,315,draft_then_verifier_rejected_overcorrection,0.5,1.0,1,,,auto-score; manually sanity-check before final submission
B029,reasoning_comparison,L9,Why can PixelRNN generation be slow?,"PixelRNN generates pixels sequentially, so generation cannot be fully parallelized over pixels.",Lecture 9 PixelRNN,sequentially;slow;generation,no,answer,V4_full_router_retrieval_verifier,"PixelRNN generation can be slow due to its dependency on previous pixels, as stated in Evidence [Evidence 2].

Key Course Terms: PixelRNN, Diagonal LSTM, Recurrent Neural Network (RNN), Long Short-Term Memory (LSTM)

Explanation:
The mechanism behind the slowness of PixelRNN is attributed to its use of a Diagonal LSTM model. This model inherently depends on previous pixels for generating new ones, which introduces sequential dependencies that are computationally expensive and slow during both training and inference phases.

Evidence: [Evidence 1], [Evidence 2]",9bafece4e6fe;4c35a4818d76;d51e1f8f461c;3cb9ec28687f;99d421eb3c97,"Lecture 9 .pdf, page 8, chunk 9bafece4e6fe;Lecture 9 .pdf, page 11, chunk 4c35a4818d76;Lecture 7(1).pdf, page 7, chunk d51e1f8f461c;Lecture 7(1).pdf, page 5, chunk 3cb9ec28687f;Lecture 7(1).pdf, page 43, chunk 99d421eb3c97",ollama,qwen2.5:3b,6.546315583007527,3,1495,318,"draft_then_verifier_rejected_overcorrection;route={""in_scope"": ""yes"", ""question_type"": ""calculation"", ""lecture_topic"": ""training_time_and_performance"", ""search_query"": ""Lecture 7 recurrent neural network Why can PixelRNN generation be slow?""}",0.5,1.0,1,,,auto-score; manually sanity-check before final submission
B029,reasoning_comparison,L9,Why can PixelRNN generation be slow?,"PixelRNN generates pixels sequentially, so generation cannot be fully parallelized over pixels.",Lecture 9 PixelRNN,sequentially;slow;generation,no,answer,A1_full_without_router,"PixelRNN generation can be slow due to its dependency on previous pixels, as stated in Evidence [Evidence 2].

Key Course Terms: PixelRNN, Diagonal LSTM, Recurrent Neural Network (RNN), Long Short-Term Memory (LSTM)

Explanation:
The mechanism behind the slowness of PixelRNN is attributed to its use of a Diagonal LSTM model. This model inherently depends on previous pixels for generating new ones, which introduces sequential dependencies that are computationally expensive and slow during both training and inference phases.

Evidence: [Evidence 1], [Evidence 2]",9bafece4e6fe;4c35a4818d76;d51e1f8f461c;3cb9ec28687f;99d421eb3c97,"Lecture 9 .pdf, page 8, chunk 9bafece4e6fe;Lecture 9 .pdf, page 11, chunk 4c35a4818d76;Lecture 7(1).pdf, page 7, chunk d51e1f8f461c;Lecture 7(1).pdf, page 5, chunk 3cb9ec28687f;Lecture 7(1).pdf, page 43, chunk 99d421eb3c97",ollama,qwen2.5:3b,5.481935333002184,2,1344,254,"draft_then_verifier_rejected_overcorrection;route={""in_scope"": ""yes"", ""question_type"": ""comparison"", ""lecture_topic"": ""Lecture 7 recurrent neural network"", ""search_query"": ""Lecture 7 recurrent neural network Why can PixelRNN generation be slow?""}",0.5,1.0,1,,,auto-score; manually sanity-check before final submission
B029,reasoning_comparison,L9,Why can PixelRNN generation be slow?,"PixelRNN generates pixels sequentially, so generation cannot be fully parallelized over pixels.",Lecture 9 PixelRNN,sequentially;slow;generation,no,answer,A2_full_without_verifier,"PixelRNN generation can be slow due to its dependency on previous pixels, as stated in Evidence [Evidence 2].

Key Course Terms: PixelRNN, Diagonal LSTM, Recurrent Neural Network (RNN), Long Short-Term Memory (LSTM)

Explanation:
The mechanism behind the slowness of PixelRNN is attributed to its use of a Diagonal LSTM model. This model inherently depends on previous pixels for generating new ones, which introduces sequential dependencies that are computationally expensive and slow during both training and inference phases.

Evidence: [Evidence 1], [Evidence 2]",9bafece4e6fe;4c35a4818d76;d51e1f8f461c;3cb9ec28687f;99d421eb3c97,"Lecture 9 .pdf, page 8, chunk 9bafece4e6fe;Lecture 9 .pdf, page 11, chunk 4c35a4818d76;Lecture 7(1).pdf, page 7, chunk d51e1f8f461c;Lecture 7(1).pdf, page 5, chunk 3cb9ec28687f;Lecture 7(1).pdf, page 43, chunk 99d421eb3c97",ollama,qwen2.5:3b,4.010170750007092,2,682,217,"route={""in_scope"": ""yes"", ""question_type"": ""calculation"", ""lecture_topic"": ""training_time_and_performance"", ""search_query"": ""Lecture 7 recurrent neural network Why can PixelRNN generation be slow?""}",0.5,1.0,1,,,auto-score; manually sanity-check before final submission
B029,reasoning_comparison,L9,Why can PixelRNN generation be slow?,"PixelRNN generates pixels sequentially, so generation cannot be fully parallelized over pixels.",Lecture 9 PixelRNN,sequentially;slow;generation,no,answer,A3_full_topk2,"Direct Answer: PixelRNN generation can be slow due to its dependency on previous pixels, which requires the model to process each pixel sequentially.

Key Terms:
Diagonal LSTM

Mechanism/Cause:
Sequential processing of pixels by Diagonal LSTM leads to slow generation times in both training and inference.

Evidence:
[Evidence 1], [Evidence 2]",9bafece4e6fe;4c35a4818d76,"Lecture 9 .pdf, page 8, chunk 9bafece4e6fe;Lecture 9 .pdf, page 11, chunk 4c35a4818d76",ollama,qwen2.5:3b,5.037950040998112,3,1070,246,"draft_then_verifier_rejected_overcorrection;route={""in_scope"": ""yes"", ""question_type"": ""calculation"", ""lecture_topic"": ""training_time_and_performance"", ""search_query"": ""Lecture 7 recurrent neural network Why can PixelRNN generation be slow?""}",1.0,1.0,1,,,auto-score; manually sanity-check before final submission
B029,reasoning_comparison,L9,Why can PixelRNN generation be slow?,"PixelRNN generates pixels sequentially, so generation cannot be fully parallelized over pixels.",Lecture 9 PixelRNN,sequentially;slow;generation,no,answer,A4_full_without_calculation_guard,"PixelRNN generation can be slow due to its dependency on previous pixels, as stated in Evidence [Evidence 2].

Key Course Terms: PixelRNN, Diagonal LSTM, Recurrent Neural Network (RNN), Long Short-Term Memory (LSTM)

Explanation:
The mechanism behind the slowness of PixelRNN is attributed to its use of a Diagonal LSTM model. This model inherently depends on previous pixels for generating new ones, which introduces sequential dependencies that are computationally expensive and slow during both training and inference phases.

Evidence: [Evidence 1], [Evidence 2]",9bafece4e6fe;4c35a4818d76;d51e1f8f461c;3cb9ec28687f;99d421eb3c97,"Lecture 9 .pdf, page 8, chunk 9bafece4e6fe;Lecture 9 .pdf, page 11, chunk 4c35a4818d76;Lecture 7(1).pdf, page 7, chunk d51e1f8f461c;Lecture 7(1).pdf, page 5, chunk 3cb9ec28687f;Lecture 7(1).pdf, page 43, chunk 99d421eb3c97",ollama,qwen2.5:3b,6.546315583007527,3,1495,318,"draft_then_verifier_rejected_overcorrection;route={""in_scope"": ""yes"", ""question_type"": ""calculation"", ""lecture_topic"": ""training_time_and_performance"", ""search_query"": ""Lecture 7 recurrent neural network Why can PixelRNN generation be slow?""}",0.5,1.0,1,,,auto-score; manually sanity-check before final submission
B030,reasoning_comparison,L9,Why can GAN loss curves be hard to interpret by themselves?,"GAN training is a dynamic two-player game, so losses can oscillate and generated samples should also be inspected.",Lecture 9 GAN training and T8 GAN tutorial,two-player game;oscillate;generated samples,no,answer,V0_baseline_single_call,Not enough information in the provided course materials.,,,ollama,qwen2.5:3b,0.3486898330011172,1,94,14,,0.0,1.0,0,,,auto-score; manually sanity-check before final submission
B030,reasoning_comparison,L9,Why can GAN loss curves be hard to interpret by themselves?,"GAN training is a dynamic two-player game, so losses can oscillate and generated samples should also be inspected.",Lecture 9 GAN training and T8 GAN tutorial,two-player game;oscillate;generated samples,no,answer,V1_retrieval_only,"### Direct Answer
GAN loss curves can be hard to interpret by themselves because the GAN training process involves two competing models (Generator and Discriminator), each with its own loss function. The Generator's loss is derived from the Discriminator's gradients, making it difficult to directly compare or interpret the Generator's performance without understanding how it interacts with the Discriminator.

### Key Course Terms
- **Generative Adversarial Network (GAN)**
- **Discriminator**
- **Generator**

### Explanation
The GAN architecture inherently involves two models working against each other. The loss function for the Generator is derived from the output of the Discriminator, which means that interpreting the Generator's loss alone does not provide a complete picture of its performance or training progress. This interplay between the two models makes it challenging to interpret the loss curves directly.

### Evidence:
[Evidence 1]
[Evidence 2]
[Evidence 3]",85afa669b7c4;e602491ff0e6;603aeea75674;3859234af03c;b3cf09a0f72d,"Lecture 9 .pdf, page 77, chunk 85afa669b7c4;Lecture 9 .pdf, page 44, chunk e602491ff0e6;T8_GAN_MNIST_Tutorial.ipynb, page 1, chunk 603aeea75674;Lecture 9 .pdf, page 41, chunk 3859234af03c;RNN_LSTM_Name_Classification_Tutorial (1).ipynb, page 1, chunk b3cf09a0f72d",ollama,qwen2.5:3b,7.861853583002812,1,949,245,,0.0,1.0,1,,,auto-score; manually sanity-check before final submission
B030,reasoning_comparison,L9,Why can GAN loss curves be hard to interpret by themselves?,"GAN training is a dynamic two-player game, so losses can oscillate and generated samples should also be inspected.",Lecture 9 GAN training and T8 GAN tutorial,two-player game;oscillate;generated samples,no,answer,V2_router_rewrite_retrieval,"Why can GAN loss curves be hard to interpret by themselves?

Direct Answer:
GAN loss curves can be hard to interpret because they do not directly indicate the quality of generated samples but rather focus on the discriminator's ability to distinguish between real and fake images.

Key Course Terms: Generative Adversarial Network (GAN), Discriminator, Generator

Explanation:
The GAN loss curves are derived from two components: the generator’s loss and the discriminator’s loss. The generator aims to produce realistic samples that fool the discriminator into thinking they are real. The discriminator's job is to correctly classify whether an image is real or fake. 

However, these loss curves do not directly show how well the generated images match the actual data distribution. Instead, they measure the performance of both networks in their adversarial game. This makes it challenging to interpret the results solely from the loss curves.

For full credit, include the following formula:
Generator Loss = -Expected Real Logits + Expected Fake Logits
Discriminator Loss = -Expected Real Labels * Expected Real Logits - (1 - Expected Real Labels) * Expected Fake Logits

Evidence: [Evidence 3], [Evidence 4]",85afa669b7c4;e602491ff0e6;2802ddbddc29;fb70fdb8a28f;1db918c38d2e,"Lecture 9 .pdf, page 77, chunk 85afa669b7c4;Lecture 9 .pdf, page 44, chunk e602491ff0e6;Lecture 9 .pdf, page 22, chunk 2802ddbddc29;Lecture 9 .pdf, page 23, chunk fb70fdb8a28f;Lecture 9 .pdf, page 24, chunk 1db918c38d2e",ollama,qwen2.5:3b,11.042892083001789,2,778,353,"route={'in_scope': 'yes', 'question_type': 'unanswerable', 'lecture_topic': 'Generative Adversarial Networks (GANs) and their training dynamics', 'search_query': 'Lecture 9 generative adversarial network Why can GAN loss curves be hard to interpret by themselves?'}",0.0,1.0,1,,,auto-score; manually sanity-check before final submission
B030,reasoning_comparison,L9,Why can GAN loss curves be hard to interpret by themselves?,"GAN training is a dynamic two-player game, so losses can oscillate and generated samples should also be inspected.",Lecture 9 GAN training and T8 GAN tutorial,two-player game;oscillate;generated samples,no,answer,V3_retrieval_verifier,"### Direct Answer
GAN loss curves can be hard to interpret by themselves because the GAN training process involves two competing models (Generator and Discriminator), each with its own loss function. The Generator's loss is derived from the Discriminator's gradients, making it difficult to directly compare or interpret the Generator's performance without understanding how it interacts with the Discriminator.

### Key Course Terms
- **Generative Adversarial Network (GAN)**
- **Discriminator**
- **Generator**

### Explanation
The GAN architecture inherently involves two models working against each other. The loss function for the Generator is derived from the output of the Discriminator, which means that interpreting the Generator's loss alone does not provide a complete picture of its performance or training progress. This interplay between the two models makes it challenging to interpret the loss curves directly.

### Evidence:
[Evidence 1]
[Evidence 2]
[Evidence 3]",85afa669b7c4;e602491ff0e6;603aeea75674;3859234af03c;b3cf09a0f72d,"Lecture 9 .pdf, page 77, chunk 85afa669b7c4;Lecture 9 .pdf, page 44, chunk e602491ff0e6;T8_GAN_MNIST_Tutorial.ipynb, page 1, chunk 603aeea75674;Lecture 9 .pdf, page 41, chunk 3859234af03c;RNN_LSTM_Name_Classification_Tutorial (1).ipynb, page 1, chunk b3cf09a0f72d",ollama,qwen2.5:3b,12.198889582999982,2,2293,331,draft_then_verifier_rejected_overcorrection,0.0,1.0,1,,,auto-score; manually sanity-check before final submission
B030,reasoning_comparison,L9,Why can GAN loss curves be hard to interpret by themselves?,"GAN training is a dynamic two-player game, so losses can oscillate and generated samples should also be inspected.",Lecture 9 GAN training and T8 GAN tutorial,two-player game;oscillate;generated samples,no,answer,V4_full_router_retrieval_verifier,"Why can GAN loss curves be hard to interpret by themselves?

Direct Answer:
GAN loss curves can be hard to interpret because they do not directly indicate the quality of generated samples but rather focus on the discriminator's ability to distinguish between real and fake images.

Key Course Terms: Generative Adversarial Network (GAN), Discriminator, Generator

Explanation:
The GAN loss curves are derived from two components: the generator’s loss and the discriminator’s loss. The generator aims to produce realistic samples that fool the discriminator into thinking they are real. The discriminator's job is to correctly classify whether an image is real or fake. 

However, these loss curves do not directly show how well the generated images match the actual data distribution. Instead, they measure the performance of both networks in their adversarial game. This makes it challenging to interpret the results solely from the loss curves.

For full credit, include the following formula:
Generator Loss = -Expected Real Logits + Expected Fake Logits
Discriminator Loss = -Expected Real Labels * Expected Real Logits - (1 - Expected Real Labels) * Expected Fake Logits

Evidence: [Evidence 3], [Evidence 4]",85afa669b7c4;e602491ff0e6;2802ddbddc29;fb70fdb8a28f;1db918c38d2e,"Lecture 9 .pdf, page 77, chunk 85afa669b7c4;Lecture 9 .pdf, page 44, chunk e602491ff0e6;Lecture 9 .pdf, page 22, chunk 2802ddbddc29;Lecture 9 .pdf, page 23, chunk fb70fdb8a28f;Lecture 9 .pdf, page 24, chunk 1db918c38d2e",ollama,qwen2.5:3b,19.94242562400177,3,1859,633,"draft_then_verifier_rejected_overcorrection;route={""in_scope"": ""yes"", ""question_type"": ""unanswerable"", ""lecture_topic"": ""Generative Adversarial Networks (GANs) and their training dynamics"", ""search_query"": ""Lecture 9 generative adversarial network Why can GAN loss curves be hard to interpret by themselves?""}",0.0,1.0,1,,,auto-score; manually sanity-check before final submission
B030,reasoning_comparison,L9,Why can GAN loss curves be hard to interpret by themselves?,"GAN training is a dynamic two-player game, so losses can oscillate and generated samples should also be inspected.",Lecture 9 GAN training and T8 GAN tutorial,two-player game;oscillate;generated samples,no,answer,A1_full_without_router,"Why can GAN loss curves be hard to interpret by themselves?

Direct Answer:
GAN loss curves can be hard to interpret because they do not directly indicate the quality of generated samples but rather focus on the discriminator's ability to distinguish between real and fake images.

Key Course Terms: Generative Adversarial Network (GAN), Discriminator, Generator

Explanation:
The GAN loss curves are derived from two components: the generator’s loss and the discriminator’s loss. The generator aims to produce realistic samples that fool the discriminator into thinking they are real. The discriminator's job is to correctly classify whether an image is real or fake. 

However, these loss curves do not directly show how well the generated images match the actual data distribution. Instead, they measure the performance of both networks in their adversarial game. This makes it challenging to interpret the results solely from the loss curves.

For full credit, include the following formula:
Generator Loss = -Expected Real Logits + Expected Fake Logits
Discriminator Loss = -Expected Real Labels * Expected Real Logits - (1 - Expected Real Labels) * Expected Fake Logits

Evidence: [Evidence 3], [Evidence 4]",85afa669b7c4;e602491ff0e6;2802ddbddc29;fb70fdb8a28f;1db918c38d2e,"Lecture 9 .pdf, page 77, chunk 85afa669b7c4;Lecture 9 .pdf, page 44, chunk e602491ff0e6;Lecture 9 .pdf, page 22, chunk 2802ddbddc29;Lecture 9 .pdf, page 23, chunk fb70fdb8a28f;Lecture 9 .pdf, page 24, chunk 1db918c38d2e",ollama,qwen2.5:3b,18.077976500004297,2,1694,584,"draft_then_verifier_rejected_overcorrection;route={""in_scope"": ""yes"", ""question_type"": ""comparison"", ""lecture_topic"": ""Lecture 9 generative adversarial network"", ""search_query"": ""Lecture 9 generative adversarial network Why can GAN loss curves be hard to interpret by themselves?""}",0.0,1.0,1,,,auto-score; manually sanity-check before final submission
B030,reasoning_comparison,L9,Why can GAN loss curves be hard to interpret by themselves?,"GAN training is a dynamic two-player game, so losses can oscillate and generated samples should also be inspected.",Lecture 9 GAN training and T8 GAN tutorial,two-player game;oscillate;generated samples,no,answer,A2_full_without_verifier,"Why can GAN loss curves be hard to interpret by themselves?

Direct Answer:
GAN loss curves can be hard to interpret because they do not directly indicate the quality of generated samples but rather focus on the discriminator's ability to distinguish between real and fake images.

Key Course Terms: Generative Adversarial Network (GAN), Discriminator, Generator

Explanation:
The GAN loss curves are derived from two components: the generator’s loss and the discriminator’s loss. The generator aims to produce realistic samples that fool the discriminator into thinking they are real. The discriminator's job is to correctly classify whether an image is real or fake. 

However, these loss curves do not directly show how well the generated images match the actual data distribution. Instead, they measure the performance of both networks in their adversarial game. This makes it challenging to interpret the results solely from the loss curves.

For full credit, include the following formula:
Generator Loss = -Expected Real Logits + Expected Fake Logits
Discriminator Loss = -Expected Real Labels * Expected Real Logits - (1 - Expected Real Labels) * Expected Fake Logits

Evidence: [Evidence 3], [Evidence 4]",85afa669b7c4;e602491ff0e6;2802ddbddc29;fb70fdb8a28f;1db918c38d2e,"Lecture 9 .pdf, page 77, chunk 85afa669b7c4;Lecture 9 .pdf, page 44, chunk e602491ff0e6;Lecture 9 .pdf, page 22, chunk 2802ddbddc29;Lecture 9 .pdf, page 23, chunk fb70fdb8a28f;Lecture 9 .pdf, page 24, chunk 1db918c38d2e",ollama,qwen2.5:3b,11.042892083001789,2,778,353,"route={""in_scope"": ""yes"", ""question_type"": ""unanswerable"", ""lecture_topic"": ""Generative Adversarial Networks (GANs) and their training dynamics"", ""search_query"": ""Lecture 9 generative adversarial network Why can GAN loss curves be hard to interpret by themselves?""}",0.0,1.0,1,,,auto-score; manually sanity-check before final submission
B030,reasoning_comparison,L9,Why can GAN loss curves be hard to interpret by themselves?,"GAN training is a dynamic two-player game, so losses can oscillate and generated samples should also be inspected.",Lecture 9 GAN training and T8 GAN tutorial,two-player game;oscillate;generated samples,no,answer,A3_full_topk2,"Why can GAN loss curves be hard to interpret by themselves?
- The complexity of the GAN training process, involving two competing networks (Generator and Discriminator), makes it challenging to understand individual loss trends.
- Key course terms: Generative Adversarial Network (GAN)
- Mechanism: Two networks are trained simultaneously in a zero-sum game where one network's gain is the other's loss. This interplay complicates interpreting single loss curves.

Evidence:
1. 85afa669b7c4
2. e602491ff0e6",85afa669b7c4;e602491ff0e6,"Lecture 9 .pdf, page 77, chunk 85afa669b7c4;Lecture 9 .pdf, page 44, chunk e602491ff0e6",ollama,qwen2.5:3b,11.53342279100616,3,1086,307,"draft_then_verifier_rejected_overcorrection;route={""in_scope"": ""yes"", ""question_type"": ""unanswerable"", ""lecture_topic"": ""Generative Adversarial Networks (GANs) and their training dynamics"", ""search_query"": ""Lecture 9 generative adversarial network Why can GAN loss curves be hard to interpret by themselves?""}",0.0,1.0,1,,,auto-score; manually sanity-check before final submission
B030,reasoning_comparison,L9,Why can GAN loss curves be hard to interpret by themselves?,"GAN training is a dynamic two-player game, so losses can oscillate and generated samples should also be inspected.",Lecture 9 GAN training and T8 GAN tutorial,two-player game;oscillate;generated samples,no,answer,A4_full_without_calculation_guard,"Why can GAN loss curves be hard to interpret by themselves?

Direct Answer:
GAN loss curves can be hard to interpret because they do not directly indicate the quality of generated samples but rather focus on the discriminator's ability to distinguish between real and fake images.

Key Course Terms: Generative Adversarial Network (GAN), Discriminator, Generator

Explanation:
The GAN loss curves are derived from two components: the generator’s loss and the discriminator’s loss. The generator aims to produce realistic samples that fool the discriminator into thinking they are real. The discriminator's job is to correctly classify whether an image is real or fake. 

However, these loss curves do not directly show how well the generated images match the actual data distribution. Instead, they measure the performance of both networks in their adversarial game. This makes it challenging to interpret the results solely from the loss curves.

For full credit, include the following formula:
Generator Loss = -Expected Real Logits + Expected Fake Logits
Discriminator Loss = -Expected Real Labels * Expected Real Logits - (1 - Expected Real Labels) * Expected Fake Logits

Evidence: [Evidence 3], [Evidence 4]",85afa669b7c4;e602491ff0e6;2802ddbddc29;fb70fdb8a28f;1db918c38d2e,"Lecture 9 .pdf, page 77, chunk 85afa669b7c4;Lecture 9 .pdf, page 44, chunk e602491ff0e6;Lecture 9 .pdf, page 22, chunk 2802ddbddc29;Lecture 9 .pdf, page 23, chunk fb70fdb8a28f;Lecture 9 .pdf, page 24, chunk 1db918c38d2e",ollama,qwen2.5:3b,19.94242562400177,3,1859,633,"draft_then_verifier_rejected_overcorrection;route={""in_scope"": ""yes"", ""question_type"": ""unanswerable"", ""lecture_topic"": ""Generative Adversarial Networks (GANs) and their training dynamics"", ""search_query"": ""Lecture 9 generative adversarial network Why can GAN loss curves be hard to interpret by themselves?""}",0.0,1.0,1,,,auto-score; manually sanity-check before final submission
B031,calculation_formula,L2,"For linear regression with 8 input features and one scalar output, how many parameters are there if a bias term is included?",There are 9 parameters: 8 feature weights plus 1 bias.,Lecture 2 linear regression parameters,8 weights;1 bias;9,no,answer,V0_baseline_single_call,"For linear regression with 8 input features and one scalar output, including a bias term, the number of parameters can be calculated as follows: 

- Each input feature contributes to one parameter (either directly or through interaction with other features).
- With 8 input features, there are 8 such parameters.
- Adding a bias term adds an additional parameter.

Therefore, the total number of parameters is \(8 + 1 = 9\).

[Course Evidence: Not explicitly stated in provided course materials]",,,ollama,qwen2.5:3b,3.5888233330042567,1,110,123,,0.5,0.5,0,,,auto-score; manually sanity-check before final submission
B031,calculation_formula,L2,"For linear regression with 8 input features and one scalar output, how many parameters are there if a bias term is included?",There are 9 parameters: 8 feature weights plus 1 bias.,Lecture 2 linear regression parameters,8 weights;1 bias;9,no,answer,V1_retrieval_only,"For linear regression with 8 input features and one scalar output, if a bias term is included, there are 9 parameters.

Key Terms: Linear Regression, Parameters

Explanation:
In linear regression, for each feature, we have a weight parameter (w) that represents the influence of that feature on the output. Additionally, a bias term (b) is added to account for any constant values needed in the model. With 8 input features and including one bias term, the total number of parameters becomes 9.

Evidence: [Evidence 1], [Evidence 4]",4a47c4a5634c;82530212ecdd;2a0f5b5573d2;e93efcbeb01d;1a54fdf8bbe5,"Lecture2-2026-COMP5541(1).pdf, page 60, chunk 4a47c4a5634c;Lecture 4.pdf, page 16, chunk 82530212ecdd;Tutorial 1-Review on Linear Algebra.pdf, page 12, chunk 2a0f5b5573d2;Lecture2-2026-COMP5541(1).pdf, page 67, chunk e93efcbeb01d;Lecture 4.pdf, page 8, chunk 1a54fdf8bbe5",ollama,qwen2.5:3b,4.855746875007753,1,583,133,,0.5,1.0,1,,,auto-score; manually sanity-check before final submission
B031,calculation_formula,L2,"For linear regression with 8 input features and one scalar output, how many parameters are there if a bias term is included?",There are 9 parameters: 8 feature weights plus 1 bias.,Lecture 2 linear regression parameters,8 weights;1 bias;9,no,answer,V2_router_rewrite_retrieval,"For linear regression with 8 input features and one scalar output, if a bias term is included, there are 9 parameters. This can be calculated using the formula: Parameters = (Number of Features + 1) * Number of Outputs.

Key Terms:
- Linear Regression

Caveat:
- The number of parameters assumes no interaction terms between features, which simplifies the model to its most basic form.
Evidence: [Evidence 1], [Evidence 4]",4a47c4a5634c;82530212ecdd;e93efcbeb01d;1a54fdf8bbe5;c0889fa36e40,"Lecture2-2026-COMP5541(1).pdf, page 60, chunk 4a47c4a5634c;Lecture 4.pdf, page 16, chunk 82530212ecdd;Lecture2-2026-COMP5541(1).pdf, page 67, chunk e93efcbeb01d;Lecture 4.pdf, page 8, chunk 1a54fdf8bbe5;Lecture3-2026.pdf, page 33, chunk c0889fa36e40",ollama,qwen2.5:3b,5.78583362599602,2,749,156,"route={'in_scope': 'yes', 'question_type': 'calculation', 'lecture_topic': 'Linear Regression Models', 'search_query': 'Lecture 2 linear regression For linear regression with 8 input features and one scalar output, how many parameters are there if a bias term is included?'}",0.5,1.0,1,,,auto-score; manually sanity-check before final submission
B031,calculation_formula,L2,"For linear regression with 8 input features and one scalar output, how many parameters are there if a bias term is included?",There are 9 parameters: 8 feature weights plus 1 bias.,Lecture 2 linear regression parameters,8 weights;1 bias;9,no,answer,V3_retrieval_verifier,"There are 9 parameters: 8 feature weights plus 1 bias term.

Evidence: Evidence 1; Evidence 2; Evidence 3",4a47c4a5634c;82530212ecdd;2a0f5b5573d2;e93efcbeb01d;1a54fdf8bbe5,"Lecture2-2026-COMP5541(1).pdf, page 60, chunk 4a47c4a5634c;Lecture 4.pdf, page 16, chunk 82530212ecdd;Tutorial 1-Review on Linear Algebra.pdf, page 12, chunk 2a0f5b5573d2;Lecture2-2026-COMP5541(1).pdf, page 67, chunk e93efcbeb01d;Lecture 4.pdf, page 8, chunk 1a54fdf8bbe5",ollama,qwen2.5:3b,4.855746875007753,1,583,133,draft_then_calculation_guard,1.0,1.0,1,,,auto-score; manually sanity-check before final submission
B031,calculation_formula,L2,"For linear regression with 8 input features and one scalar output, how many parameters are there if a bias term is included?",There are 9 parameters: 8 feature weights plus 1 bias.,Lecture 2 linear regression parameters,8 weights;1 bias;9,no,answer,V4_full_router_retrieval_verifier,"There are 9 parameters: 8 feature weights plus 1 bias term.

Evidence: Evidence 1; Evidence 2; Evidence 3",4a47c4a5634c;82530212ecdd;e93efcbeb01d;1a54fdf8bbe5;c0889fa36e40,"Lecture2-2026-COMP5541(1).pdf, page 60, chunk 4a47c4a5634c;Lecture 4.pdf, page 16, chunk 82530212ecdd;Lecture2-2026-COMP5541(1).pdf, page 67, chunk e93efcbeb01d;Lecture 4.pdf, page 8, chunk 1a54fdf8bbe5;Lecture3-2026.pdf, page 33, chunk c0889fa36e40",ollama,qwen2.5:3b,5.78583362599602,2,749,156,"draft_then_calculation_guard;route={""in_scope"": ""yes"", ""question_type"": ""calculation"", ""lecture_topic"": ""Linear Regression Models"", ""search_query"": ""Lecture 2 linear regression For linear regression with 8 input features and one scalar output, how many parameters are there if a bias term is included?""}",1.0,1.0,1,,,auto-score; manually sanity-check before final submission
B031,calculation_formula,L2,"For linear regression with 8 input features and one scalar output, how many parameters are there if a bias term is included?",There are 9 parameters: 8 feature weights plus 1 bias.,Lecture 2 linear regression parameters,8 weights;1 bias;9,no,answer,A1_full_without_router,"There are 9 parameters: 8 feature weights plus 1 bias term.

Evidence: Evidence 1; Evidence 2; Evidence 3",4a47c4a5634c;82530212ecdd;e93efcbeb01d;1a54fdf8bbe5;c0889fa36e40,"Lecture2-2026-COMP5541(1).pdf, page 60, chunk 4a47c4a5634c;Lecture 4.pdf, page 16, chunk 82530212ecdd;Lecture2-2026-COMP5541(1).pdf, page 67, chunk e93efcbeb01d;Lecture 4.pdf, page 8, chunk 1a54fdf8bbe5;Lecture3-2026.pdf, page 33, chunk c0889fa36e40",ollama,qwen2.5:3b,4.069400416992721,1,575,105,"draft_then_calculation_guard;route={""in_scope"": ""yes"", ""question_type"": ""calculation"", ""lecture_topic"": ""Lecture 2 linear regression"", ""search_query"": ""Lecture 2 linear regression For linear regression with 8 input features and one scalar output, how many parameters are there if a bias term is included?""}",1.0,1.0,1,,,auto-score; manually sanity-check before final submission
B031,calculation_formula,L2,"For linear regression with 8 input features and one scalar output, how many parameters are there if a bias term is included?",There are 9 parameters: 8 feature weights plus 1 bias.,Lecture 2 linear regression parameters,8 weights;1 bias;9,no,answer,A2_full_without_verifier,"For linear regression with 8 input features and one scalar output, if a bias term is included, there are 9 parameters. This can be calculated using the formula: Parameters = (Number of Features + 1) * Number of Outputs.

Key Terms:
- Linear Regression

Caveat:
- The number of parameters assumes no interaction terms between features, which simplifies the model to its most basic form.
Evidence: [Evidence 1], [Evidence 4]",4a47c4a5634c;82530212ecdd;e93efcbeb01d;1a54fdf8bbe5;c0889fa36e40,"Lecture2-2026-COMP5541(1).pdf, page 60, chunk 4a47c4a5634c;Lecture 4.pdf, page 16, chunk 82530212ecdd;Lecture2-2026-COMP5541(1).pdf, page 67, chunk e93efcbeb01d;Lecture 4.pdf, page 8, chunk 1a54fdf8bbe5;Lecture3-2026.pdf, page 33, chunk c0889fa36e40",ollama,qwen2.5:3b,5.78583362599602,2,749,156,"route={""in_scope"": ""yes"", ""question_type"": ""calculation"", ""lecture_topic"": ""Linear Regression Models"", ""search_query"": ""Lecture 2 linear regression For linear regression with 8 input features and one scalar output, how many parameters are there if a bias term is included?""}",0.5,1.0,1,,,auto-score; manually sanity-check before final submission
B031,calculation_formula,L2,"For linear regression with 8 input features and one scalar output, how many parameters are there if a bias term is included?",There are 9 parameters: 8 feature weights plus 1 bias.,Lecture 2 linear regression parameters,8 weights;1 bias;9,no,answer,A3_full_topk2,"There are 9 parameters: 8 feature weights plus 1 bias term.

Evidence: Evidence 1; Evidence 2",4a47c4a5634c;82530212ecdd,"Lecture2-2026-COMP5541(1).pdf, page 60, chunk 4a47c4a5634c;Lecture 4.pdf, page 16, chunk 82530212ecdd",ollama,qwen2.5:3b,8.185921833995963,2,551,252,"draft_then_calculation_guard;route={""in_scope"": ""yes"", ""question_type"": ""calculation"", ""lecture_topic"": ""Linear Regression Models"", ""search_query"": ""Lecture 2 linear regression For linear regression with 8 input features and one scalar output, how many parameters are there if a bias term is included?""}",1.0,1.0,1,,,auto-score; manually sanity-check before final submission
B031,calculation_formula,L2,"For linear regression with 8 input features and one scalar output, how many parameters are there if a bias term is included?",There are 9 parameters: 8 feature weights plus 1 bias.,Lecture 2 linear regression parameters,8 weights;1 bias;9,no,answer,A4_full_without_calculation_guard,"For linear regression with 8 input features and one scalar output, if a bias term is included, there are 9 parameters. This can be calculated using the formula: Parameters = (Number of Features + 1) * Number of Outputs.

Key Terms:
- Linear Regression

Caveat:
- The number of parameters assumes no interaction terms between features, which simplifies the model to its most basic form.
Evidence: [Evidence 1], [Evidence 4]",4a47c4a5634c;82530212ecdd;e93efcbeb01d;1a54fdf8bbe5;c0889fa36e40,"Lecture2-2026-COMP5541(1).pdf, page 60, chunk 4a47c4a5634c;Lecture 4.pdf, page 16, chunk 82530212ecdd;Lecture2-2026-COMP5541(1).pdf, page 67, chunk e93efcbeb01d;Lecture 4.pdf, page 8, chunk 1a54fdf8bbe5;Lecture3-2026.pdf, page 33, chunk c0889fa36e40",ollama,qwen2.5:3b,8.9372588339902,3,1589,205,"draft_then_verifier_rejected_overcorrection;route={""in_scope"": ""yes"", ""question_type"": ""calculation"", ""lecture_topic"": ""Linear Regression Models"", ""search_query"": ""Lecture 2 linear regression For linear regression with 8 input features and one scalar output, how many parameters are there if a bias term is included?""}",0.5,1.0,1,,,auto-score; manually sanity-check before final submission
B032,calculation_formula,L2,"If a model has high training error and high validation error, is this more likely high bias or high variance?",This is more likely high bias because the model underfits both training and validation data.,Lecture 2 bias variance,high training error;high validation error;high bias;underfit,no,answer,V0_baseline_single_call,"This scenario is more likely to indicate high variance in the model (COMP5541-03). 

The provided course materials do not explicitly state this relationship between high training and validation errors and either high bias or high variance. However, based on general principles of machine learning, a situation where both training and validation error are high suggests that the model is overfitting to the training data rather than underfitting (high bias). Overfitting typically manifests as high variance in the model's predictions, meaning it performs well on the training set but poorly on unseen validation or test sets.",,,ollama,qwen2.5:3b,3.883720208003069,1,106,156,,1.0,0.5,0,,,auto-score; manually sanity-check before final submission
B032,calculation_formula,L2,"If a model has high training error and high validation error, is this more likely high bias or high variance?",This is more likely high bias because the model underfits both training and validation data.,Lecture 2 bias variance,high training error;high validation error;high bias;underfit,no,answer,V1_retrieval_only,"The model with high training error and high validation error is more likely to be suffering from high variance.

Key Course Terms: Bias, Variance, Underfitting, Overfitting

Explanation:
Based on the provided evidence, underfitting is related to high bias, while overfitting is related to high variance. The question states that a model has both high training error and validation error. This scenario aligns with the characteristics of an overfitted model - one that has learned the noise in the training data rather than the underlying pattern.

Formula/Caveat:
- High Variance: Occurs when a model is too complex, capturing not only the underlying pattern but also the noise or fluctuations in the training data.
- Low Bias: The model's predictions are close to the correct values for the target variable.
- Overfitting: A situation where the model learns the detail and individual cases rather than the overall pattern.

Evidence:
[Evidence 1], [Evidence 2], [Evidence 3]",cf13f894f1d1;e3d9918d3deb;1f51571182c2;fd60e2c14b27;cbd10035b62d,"Lecture2-2026-COMP5541(1).pdf, page 80, chunk cf13f894f1d1;Lecture3-2026.pdf, page 9, chunk e3d9918d3deb;Lecture 4.pdf, page 2, chunk 1f51571182c2;Lecture2-2026-COMP5541(1).pdf, page 79, chunk fd60e2c14b27;Lecture3-2026.pdf, page 7, chunk cbd10035b62d",ollama,qwen2.5:3b,7.683570832989062,1,780,243,,1.0,1.0,1,,,auto-score; manually sanity-check before final submission
B032,calculation_formula,L2,"If a model has high training error and high validation error, is this more likely high bias or high variance?",This is more likely high bias because the model underfits both training and validation data.,Lecture 2 bias variance,high training error;high validation error;high bias;underfit,no,answer,V2_router_rewrite_retrieval,"Direct Answer: This scenario is more likely related to high variance.

Key Terms: Bias, Variance, Underfitting, Overfitting

Explanation: Given the evidence provided, when a model has both high training error and validation error, it suggests that the model is not well balanced between underfitting (high bias) and overfitting (high variance). The lecture notes consistently state that high variance occurs when the model is too simple to capture the underlying complex pattern in the data instead of just capturing noise. Therefore, a situation with both high training error and validation error points towards an overfitting scenario.

Evidence: [Evidence 1], [Evidence 2], [Evidence 3]",cf13f894f1d1;e3d9918d3deb;1f51571182c2;cbd10035b62d;fd60e2c14b27,"Lecture2-2026-COMP5541(1).pdf, page 80, chunk cf13f894f1d1;Lecture3-2026.pdf, page 9, chunk e3d9918d3deb;Lecture 4.pdf, page 2, chunk 1f51571182c2;Lecture3-2026.pdf, page 7, chunk cbd10035b62d;Lecture2-2026-COMP5541(1).pdf, page 79, chunk fd60e2c14b27",ollama,qwen2.5:3b,7.68565887499426,2,950,220,"route={'in_scope': 'yes', 'question_type': 'comparison', 'lecture_topic': 'underfitting and overfitting', 'search_query': 'Lecture 2 bias variance If a model has high training error and high validation error, is this more likely high bias or high variance?'}",1.0,1.0,1,,,auto-score; manually sanity-check before final submission
B032,calculation_formula,L2,"If a model has high training error and high validation error, is this more likely high bias or high variance?",This is more likely high bias because the model underfits both training and validation data.,Lecture 2 bias variance,high training error;high validation error;high bias;underfit,no,answer,V3_retrieval_verifier,"The model with high training error and high validation error is more likely to be suffering from high variance.

Key Course Terms: Bias, Variance, Underfitting, Overfitting

Explanation:
Based on the provided evidence, underfitting is related to high bias, while overfitting is related to high variance. The question states that a model has both high training error and validation error. This scenario aligns with the characteristics of an overfitted model - one that has learned the noise in the training data rather than the underlying pattern.

Formula/Caveat:
- High Variance: Occurs when a model is too complex, capturing not only the underlying pattern but also the noise or fluctuations in the training data.
- Low Bias: The model's predictions are close to the correct values for the target variable.
- Overfitting: A situation where the model learns the detail and individual cases rather than the overall pattern.

Evidence:
[Evidence 1], [Evidence 2], [Evidence 3]",cf13f894f1d1;e3d9918d3deb;1f51571182c2;fd60e2c14b27;cbd10035b62d,"Lecture2-2026-COMP5541(1).pdf, page 80, chunk cf13f894f1d1;Lecture3-2026.pdf, page 9, chunk e3d9918d3deb;Lecture 4.pdf, page 2, chunk 1f51571182c2;Lecture2-2026-COMP5541(1).pdf, page 79, chunk fd60e2c14b27;Lecture3-2026.pdf, page 7, chunk cbd10035b62d",ollama,qwen2.5:3b,10.880769249997684,2,1958,294,draft_then_verifier_rejected_overcorrection,1.0,1.0,1,,,auto-score; manually sanity-check before final submission
B032,calculation_formula,L2,"If a model has high training error and high validation error, is this more likely high bias or high variance?",This is more likely high bias because the model underfits both training and validation data.,Lecture 2 bias variance,high training error;high validation error;high bias;underfit,no,answer,V4_full_router_retrieval_verifier,"Direct Answer: This scenario is more likely related to high variance.

Key Terms: Bias, Variance, Underfitting, Overfitting

Explanation: Given the evidence provided, when a model has both high training error and validation error, it suggests that the model is not well balanced between underfitting (high bias) and overfitting (high variance). The lecture notes consistently state that high variance occurs when the model is too simple to capture the underlying complex pattern in the data instead of just capturing noise. Therefore, a situation with both high training error and validation error points towards an overfitting scenario.

Evidence: [Evidence 1], [Evidence 2], [Evidence 3]",cf13f894f1d1;e3d9918d3deb;1f51571182c2;cbd10035b62d;fd60e2c14b27,"Lecture2-2026-COMP5541(1).pdf, page 80, chunk cf13f894f1d1;Lecture3-2026.pdf, page 9, chunk e3d9918d3deb;Lecture 4.pdf, page 2, chunk 1f51571182c2;Lecture3-2026.pdf, page 7, chunk cbd10035b62d;Lecture2-2026-COMP5541(1).pdf, page 79, chunk fd60e2c14b27",ollama,qwen2.5:3b,12.777838499983773,3,2059,346,"draft_then_verifier_rejected_overcorrection;route={""in_scope"": ""yes"", ""question_type"": ""comparison"", ""lecture_topic"": ""underfitting and overfitting"", ""search_query"": ""Lecture 2 bias variance If a model has high training error and high validation error, is this more likely high bias or high variance?""}",1.0,1.0,1,,,auto-score; manually sanity-check before final submission
B032,calculation_formula,L2,"If a model has high training error and high validation error, is this more likely high bias or high variance?",This is more likely high bias because the model underfits both training and validation data.,Lecture 2 bias variance,high training error;high validation error;high bias;underfit,no,answer,A1_full_without_router,"Direct Answer: This scenario is more likely related to high variance.

Key Terms: Bias, Variance, Underfitting, Overfitting

Explanation: Given the evidence provided, when a model has both high training error and validation error, it suggests that the model is not well balanced between underfitting (high bias) and overfitting (high variance). The lecture notes consistently state that high variance occurs when the model is too simple to capture the underlying complex pattern in the data instead of just capturing noise. Therefore, a situation with both high training error and validation error points towards an overfitting scenario.

Evidence: [Evidence 1], [Evidence 2], [Evidence 3]",cf13f894f1d1;e3d9918d3deb;1f51571182c2;cbd10035b62d;fd60e2c14b27,"Lecture2-2026-COMP5541(1).pdf, page 80, chunk cf13f894f1d1;Lecture3-2026.pdf, page 9, chunk e3d9918d3deb;Lecture 4.pdf, page 2, chunk 1f51571182c2;Lecture3-2026.pdf, page 7, chunk cbd10035b62d;Lecture2-2026-COMP5541(1).pdf, page 79, chunk fd60e2c14b27",ollama,qwen2.5:3b,11.30703095800709,2,1887,311,"draft_then_verifier_rejected_overcorrection;route={""in_scope"": ""yes"", ""question_type"": ""concept"", ""lecture_topic"": ""Lecture 2 bias variance"", ""search_query"": ""Lecture 2 bias variance If a model has high training error and high validation error, is this more likely high bias or high variance?""}",1.0,1.0,1,,,auto-score; manually sanity-check before final submission
B032,calculation_formula,L2,"If a model has high training error and high validation error, is this more likely high bias or high variance?",This is more likely high bias because the model underfits both training and validation data.,Lecture 2 bias variance,high training error;high validation error;high bias;underfit,no,answer,A2_full_without_verifier,"Direct Answer: This scenario is more likely related to high variance.

Key Terms: Bias, Variance, Underfitting, Overfitting

Explanation: Given the evidence provided, when a model has both high training error and validation error, it suggests that the model is not well balanced between underfitting (high bias) and overfitting (high variance). The lecture notes consistently state that high variance occurs when the model is too simple to capture the underlying complex pattern in the data instead of just capturing noise. Therefore, a situation with both high training error and validation error points towards an overfitting scenario.

Evidence: [Evidence 1], [Evidence 2], [Evidence 3]",cf13f894f1d1;e3d9918d3deb;1f51571182c2;cbd10035b62d;fd60e2c14b27,"Lecture2-2026-COMP5541(1).pdf, page 80, chunk cf13f894f1d1;Lecture3-2026.pdf, page 9, chunk e3d9918d3deb;Lecture 4.pdf, page 2, chunk 1f51571182c2;Lecture3-2026.pdf, page 7, chunk cbd10035b62d;Lecture2-2026-COMP5541(1).pdf, page 79, chunk fd60e2c14b27",ollama,qwen2.5:3b,7.68565887499426,2,950,220,"route={""in_scope"": ""yes"", ""question_type"": ""comparison"", ""lecture_topic"": ""underfitting and overfitting"", ""search_query"": ""Lecture 2 bias variance If a model has high training error and high validation error, is this more likely high bias or high variance?""}",1.0,1.0,1,,,auto-score; manually sanity-check before final submission
B032,calculation_formula,L2,"If a model has high training error and high validation error, is this more likely high bias or high variance?",This is more likely high bias because the model underfits both training and validation data.,Lecture 2 bias variance,high training error;high validation error;high bias;underfit,no,answer,A3_full_topk2,"Direct Answer: This scenario is more likely indicative of high variance.

Key Terms: Bias vs. Variance, Underfitting, Overfitting

Explanation: The provided evidence indicates that underfitting (high bias) occurs when a model cannot capture the underlying complex patterns in the data and instead captures noise. Conversely, overfitting (high variance) happens when a model is too simple or complex to avoid capturing the noise as if it were part of the underlying pattern. Given that both training error and validation error are high, this suggests that the model is not generalizing well from either its training set or unseen data, which aligns with overfitting.

Evidence: [Evidence 1], [Evidence 2]",cf13f894f1d1;e3d9918d3deb,"Lecture2-2026-COMP5541(1).pdf, page 80, chunk cf13f894f1d1;Lecture3-2026.pdf, page 9, chunk e3d9918d3deb",ollama,qwen2.5:3b,13.92844795799465,3,1450,393,"draft_then_verifier_rejected_overcorrection;route={""in_scope"": ""yes"", ""question_type"": ""comparison"", ""lecture_topic"": ""underfitting and overfitting"", ""search_query"": ""Lecture 2 bias variance If a model has high training error and high validation error, is this more likely high bias or high variance?""}",1.0,1.0,1,,,auto-score; manually sanity-check before final submission
B032,calculation_formula,L2,"If a model has high training error and high validation error, is this more likely high bias or high variance?",This is more likely high bias because the model underfits both training and validation data.,Lecture 2 bias variance,high training error;high validation error;high bias;underfit,no,answer,A4_full_without_calculation_guard,"Direct Answer: This scenario is more likely related to high variance.

Key Terms: Bias, Variance, Underfitting, Overfitting

Explanation: Given the evidence provided, when a model has both high training error and validation error, it suggests that the model is not well balanced between underfitting (high bias) and overfitting (high variance). The lecture notes consistently state that high variance occurs when the model is too simple to capture the underlying complex pattern in the data instead of just capturing noise. Therefore, a situation with both high training error and validation error points towards an overfitting scenario.

Evidence: [Evidence 1], [Evidence 2], [Evidence 3]",cf13f894f1d1;e3d9918d3deb;1f51571182c2;cbd10035b62d;fd60e2c14b27,"Lecture2-2026-COMP5541(1).pdf, page 80, chunk cf13f894f1d1;Lecture3-2026.pdf, page 9, chunk e3d9918d3deb;Lecture 4.pdf, page 2, chunk 1f51571182c2;Lecture3-2026.pdf, page 7, chunk cbd10035b62d;Lecture2-2026-COMP5541(1).pdf, page 79, chunk fd60e2c14b27",ollama,qwen2.5:3b,12.777838499983773,3,2059,346,"draft_then_verifier_rejected_overcorrection;route={""in_scope"": ""yes"", ""question_type"": ""comparison"", ""lecture_topic"": ""underfitting and overfitting"", ""search_query"": ""Lecture 2 bias variance If a model has high training error and high validation error, is this more likely high bias or high variance?""}",1.0,1.0,1,,,auto-score; manually sanity-check before final submission
B033,calculation_formula,L3,"If a softmax classifier has 4 classes, what should the four output probabilities sum to?",They should sum to 1.,Lecture 3 softmax,4 classes;probabilities;sum to 1,no,answer,V0_baseline_single_call,"For a softmax classifier with 4 classes, the four output probabilities must sum to 1. This is based on the definition of the softmax function in machine learning, which normalizes the outputs such that they represent probabilities across all possible outcomes.",,,ollama,qwen2.5:3b,1.6928684580052504,1,101,65,,1.0,0.5,0,,,auto-score; manually sanity-check before final submission
B033,calculation_formula,L3,"If a softmax classifier has 4 classes, what should the four output probabilities sum to?",They should sum to 1.,Lecture 3 softmax,4 classes;probabilities;sum to 1,no,answer,V1_retrieval_only,"The four output probabilities should sum to 1.

Key Course Terms:
Softmax Function, Probabilities

Calculation:
For a softmax classifier with 4 classes, the formula for the probability of class k is given by:
\[ P(y=k|x) = \frac{\exp(s_k)}{\sum_{j=1}^{K}\exp(s_j)} \]
where \( s_k = w_k^T x + b_k \) and K is the number of classes (4 in this case).

Since we are dealing with a softmax classifier for 4 classes, the sum of probabilities across all classes should be:
\[ P(y=1|x) + P(y=2|x) + P(y=3|x) + P(y=4|x) = 1 \]

Evidence: 
[Evidence 1], [Evidence 2]",2da928b4e3a9;ae7f6e4f00bc;ad44037916a2;79faecc248d3;8c7e0c24e59d,"Lecture3-2026.pdf, page 32, chunk 2da928b4e3a9;Lecture3-2026.pdf, page 31, chunk ae7f6e4f00bc;Lecture3-2026.pdf, page 5, chunk ad44037916a2;Lecture3-2026.pdf, page 20, chunk 79faecc248d3;Lecture3-2026.pdf, page 35, chunk 8c7e0c24e59d",ollama,qwen2.5:3b,7.234456542006228,1,651,139,,1.0,1.0,1,,,auto-score; manually sanity-check before final submission
B033,calculation_formula,L3,"If a softmax classifier has 4 classes, what should the four output probabilities sum to?",They should sum to 1.,Lecture 3 softmax,4 classes;probabilities;sum to 1,no,answer,V2_router_rewrite_retrieval,"The four output probabilities sum to 1.
Key terms: softmax classifier, probabilities must be >= 0 must sum to 1

Evidence: 3, 1",2da928b4e3a9;ae7f6e4f00bc;caee35c7fd39;ad44037916a2;79faecc248d3,"Lecture3-2026.pdf, page 32, chunk 2da928b4e3a9;Lecture3-2026.pdf, page 31, chunk ae7f6e4f00bc;Lecture3-2026.pdf, page 72, chunk caee35c7fd39;Lecture3-2026.pdf, page 5, chunk ad44037916a2;Lecture3-2026.pdf, page 20, chunk 79faecc248d3",ollama,qwen2.5:3b,4.251242165992153,2,965,74,"route={'in_scope': 'yes', 'question_type': 'calculation', 'lecture_topic': 'softmax function and its properties', 'search_query': 'Lecture 3 softmax cross entropy If a softmax classifier has 4 classes, what should the four output probabilities sum to?'}",0.5,1.0,1,,,auto-score; manually sanity-check before final submission
B033,calculation_formula,L3,"If a softmax classifier has 4 classes, what should the four output probabilities sum to?",They should sum to 1.,Lecture 3 softmax,4 classes;probabilities;sum to 1,no,answer,V3_retrieval_verifier,"The four output probabilities should sum to 1.

Key Course Terms:
Softmax Function, Probabilities

Calculation:
For a softmax classifier with 4 classes, the formula for the probability of class k is given by:
\[ P(y=k|x) = \frac{\exp(s_k)}{\sum_{j=1}^{K}\exp(s_j)} \]
where \( s_k = w_k^T x + b_k \) and K is the number of classes (4 in this case).

Since we are dealing with a softmax classifier for 4 classes, the sum of probabilities across all classes should be:
\[ P(y=1|x) + P(y=2|x) + P(y=3|x) + P(y=4|x) = 1 \]

Evidence: 
[Evidence 1], [Evidence 2]",2da928b4e3a9;ae7f6e4f00bc;ad44037916a2;79faecc248d3;8c7e0c24e59d,"Lecture3-2026.pdf, page 32, chunk 2da928b4e3a9;Lecture3-2026.pdf, page 31, chunk ae7f6e4f00bc;Lecture3-2026.pdf, page 5, chunk ad44037916a2;Lecture3-2026.pdf, page 20, chunk 79faecc248d3;Lecture3-2026.pdf, page 35, chunk 8c7e0c24e59d",ollama,qwen2.5:3b,10.25558320900018,2,1594,168,draft_then_verifier_rejected_overcorrection,1.0,1.0,1,,,auto-score; manually sanity-check before final submission
B033,calculation_formula,L3,"If a softmax classifier has 4 classes, what should the four output probabilities sum to?",They should sum to 1.,Lecture 3 softmax,4 classes;probabilities;sum to 1,no,answer,V4_full_router_retrieval_verifier,"The four output probabilities sum to 1.
Key terms: softmax classifier, probabilities must be >= 0 must sum to 1

Evidence: 3, 1",2da928b4e3a9;ae7f6e4f00bc;caee35c7fd39;ad44037916a2;79faecc248d3,"Lecture3-2026.pdf, page 32, chunk 2da928b4e3a9;Lecture3-2026.pdf, page 31, chunk ae7f6e4f00bc;Lecture3-2026.pdf, page 72, chunk caee35c7fd39;Lecture3-2026.pdf, page 5, chunk ad44037916a2;Lecture3-2026.pdf, page 20, chunk 79faecc248d3",ollama,qwen2.5:3b,6.889868790996843,3,1951,96,"draft_then_verifier_rejected_overcorrection;route={""in_scope"": ""yes"", ""question_type"": ""calculation"", ""lecture_topic"": ""softmax function and its properties"", ""search_query"": ""Lecture 3 softmax cross entropy If a softmax classifier has 4 classes, what should the four output probabilities sum to?""}",0.5,1.0,1,,,auto-score; manually sanity-check before final submission
B033,calculation_formula,L3,"If a softmax classifier has 4 classes, what should the four output probabilities sum to?",They should sum to 1.,Lecture 3 softmax,4 classes;probabilities;sum to 1,no,answer,A1_full_without_router,"The four output probabilities sum to 1.
Key terms: softmax classifier, probabilities must be >= 0 must sum to 1

Evidence: 3, 1",2da928b4e3a9;ae7f6e4f00bc;caee35c7fd39;ad44037916a2;79faecc248d3,"Lecture3-2026.pdf, page 32, chunk 2da928b4e3a9;Lecture3-2026.pdf, page 31, chunk ae7f6e4f00bc;Lecture3-2026.pdf, page 72, chunk caee35c7fd39;Lecture3-2026.pdf, page 5, chunk ad44037916a2;Lecture3-2026.pdf, page 20, chunk 79faecc248d3",ollama,qwen2.5:3b,5.253258874989115,2,1784,51,"draft_then_verifier_rejected_overcorrection;route={""in_scope"": ""yes"", ""question_type"": ""concept"", ""lecture_topic"": ""Lecture 3 softmax cross entropy"", ""search_query"": ""Lecture 3 softmax cross entropy If a softmax classifier has 4 classes, what should the four output probabilities sum to?""}",0.5,1.0,1,,,auto-score; manually sanity-check before final submission
B033,calculation_formula,L3,"If a softmax classifier has 4 classes, what should the four output probabilities sum to?",They should sum to 1.,Lecture 3 softmax,4 classes;probabilities;sum to 1,no,answer,A2_full_without_verifier,"The four output probabilities sum to 1.
Key terms: softmax classifier, probabilities must be >= 0 must sum to 1

Evidence: 3, 1",2da928b4e3a9;ae7f6e4f00bc;caee35c7fd39;ad44037916a2;79faecc248d3,"Lecture3-2026.pdf, page 32, chunk 2da928b4e3a9;Lecture3-2026.pdf, page 31, chunk ae7f6e4f00bc;Lecture3-2026.pdf, page 72, chunk caee35c7fd39;Lecture3-2026.pdf, page 5, chunk ad44037916a2;Lecture3-2026.pdf, page 20, chunk 79faecc248d3",ollama,qwen2.5:3b,4.251242165992153,2,965,74,"route={""in_scope"": ""yes"", ""question_type"": ""calculation"", ""lecture_topic"": ""softmax function and its properties"", ""search_query"": ""Lecture 3 softmax cross entropy If a softmax classifier has 4 classes, what should the four output probabilities sum to?""}",0.5,1.0,1,,,auto-score; manually sanity-check before final submission
B033,calculation_formula,L3,"If a softmax classifier has 4 classes, what should the four output probabilities sum to?",They should sum to 1.,Lecture 3 softmax,4 classes;probabilities;sum to 1,no,answer,A3_full_topk2,"The four output probabilities should sum to 1.
Key terms: Softmax Classifier, Multiclass Logistic Regression, Probabilities, must sum to 1.

Evidence: [Evidence 1], [Evidence 2]",2da928b4e3a9;ae7f6e4f00bc,"Lecture3-2026.pdf, page 32, chunk 2da928b4e3a9;Lecture3-2026.pdf, page 31, chunk ae7f6e4f00bc",ollama,qwen2.5:3b,6.21043562500563,3,1306,116,"draft_then_verifier_rejected_overcorrection;route={""in_scope"": ""yes"", ""question_type"": ""calculation"", ""lecture_topic"": ""softmax function and its properties"", ""search_query"": ""Lecture 3 softmax cross entropy If a softmax classifier has 4 classes, what should the four output probabilities sum to?""}",0.5,1.0,1,,,auto-score; manually sanity-check before final submission
B033,calculation_formula,L3,"If a softmax classifier has 4 classes, what should the four output probabilities sum to?",They should sum to 1.,Lecture 3 softmax,4 classes;probabilities;sum to 1,no,answer,A4_full_without_calculation_guard,"The four output probabilities sum to 1.
Key terms: softmax classifier, probabilities must be >= 0 must sum to 1

Evidence: 3, 1",2da928b4e3a9;ae7f6e4f00bc;caee35c7fd39;ad44037916a2;79faecc248d3,"Lecture3-2026.pdf, page 32, chunk 2da928b4e3a9;Lecture3-2026.pdf, page 31, chunk ae7f6e4f00bc;Lecture3-2026.pdf, page 72, chunk caee35c7fd39;Lecture3-2026.pdf, page 5, chunk ad44037916a2;Lecture3-2026.pdf, page 20, chunk 79faecc248d3",ollama,qwen2.5:3b,6.889868790996843,3,1951,96,"draft_then_verifier_rejected_overcorrection;route={""in_scope"": ""yes"", ""question_type"": ""calculation"", ""lecture_topic"": ""softmax function and its properties"", ""search_query"": ""Lecture 3 softmax cross entropy If a softmax classifier has 4 classes, what should the four output probabilities sum to?""}",0.5,1.0,1,,,auto-score; manually sanity-check before final submission
B034,calculation_formula,L3,"If L2 regularization uses penalty lambda times sum of squared weights, what happens to large weights?",Large weights are penalized more strongly and are encouraged to shrink.,Lecture 3 L2 regularization,squared weights;large weights;shrink,no,answer,V0_baseline_single_call,"In L2 regularization, as used in COMP5541, the penalty term is defined as the product of a scalar parameter λ (lambda) and the sum of squares of all model parameters (weights). This formulation encourages smaller weights by penalizing larger values. Therefore, if there are large weights in the model, they will be reduced to minimize the overall cost function that includes this regularization term.

The mathematical expression for L2 regularization is:

\[ \text{Cost} = \sum_{i=1}^{n}(y_i - f(x_i))^2 + \lambda \sum_{j=1}^{m}w_j^2 \]

where \( w_j \) represents the weights of the model, and m is the number of parameters. The term \( \lambda \sum_{j=1}^{m}w_j^2 \) acts as a penalty on the sum of squares of all weights (i.e., large weights are penalized more heavily). 

Thus, to minimize this cost function, the model will adjust its weights such that larger weights contribute less to the overall loss. This regularization technique helps in reducing overfitting by constraining the magnitude of the weights.",,,ollama,qwen2.5:3b,5.918286832995364,1,104,254,,0.0,0.5,0,,,auto-score; manually sanity-check before final submission
B034,calculation_formula,L3,"If L2 regularization uses penalty lambda times sum of squared weights, what happens to large weights?",Large weights are penalized more strongly and are encouraged to shrink.,Lecture 3 L2 regularization,squared weights;large weights;shrink,no,answer,V1_retrieval_only,"Direct Answer: Large weights are penalized in L2 regularization.

Key Terms: L2 regularization

Mechanism: In L2 regularization, the penalty is applied as a function of the sum of squared weights. This inherently discourages large weight values by adding a cost proportional to their magnitude squared.

Formula: The objective function for L2 regularization can be expressed as:
\[ \mathcal{L}(w) + R(w) = \sum_{i} (w_i)^2 \]
Where \( w_i \) are the weights and \( R(w) \) is the penalty term. 

Evidence: [Evidence 1], [Evidence 3]",2c661181b333;f48c16f8f7ba;c2bd08203c6c;1beef16d6d51;e77ac5127f88,"Lecture3-2026.pdf, page 18, chunk 2c661181b333;Lecture 6(2).pdf, page 65, chunk f48c16f8f7ba;Lecture3-2026.pdf, page 17, chunk c2bd08203c6c;Lecture3-2026.pdf, page 15, chunk 1beef16d6d51;Lecture3-2026.pdf, page 16, chunk e77ac5127f88",ollama,qwen2.5:3b,5.793969833990559,1,741,133,,0.5,1.0,1,,,auto-score; manually sanity-check before final submission
B034,calculation_formula,L3,"If L2 regularization uses penalty lambda times sum of squared weights, what happens to large weights?",Large weights are penalized more strongly and are encouraged to shrink.,Lecture 3 L2 regularization,squared weights;large weights;shrink,no,answer,V2_router_rewrite_retrieval,"Direct Answer: Large weights are penalized in L2 regularization.

Key Terms: L2 regularization

Mechanism: In L2 regularization, the penalty is applied as a function of the sum of squared weights. This inherently discourages large weight values by adding a cost proportional to their magnitude squared.

Formula: The objective function for L2 regularization can be expressed as:
\[ \mathcal{L}(w) + R(w) = \sum_{i} (w_i)^2 \]
Where \( w_i \) are the weights and \( R(w) \) is the penalty term. 

Evidence: [Evidence 1], [Evidence 3]",2c661181b333;f48c16f8f7ba;c2bd08203c6c;1beef16d6d51;e77ac5127f88,"Lecture3-2026.pdf, page 18, chunk 2c661181b333;Lecture 6(2).pdf, page 65, chunk f48c16f8f7ba;Lecture3-2026.pdf, page 17, chunk c2bd08203c6c;Lecture3-2026.pdf, page 15, chunk 1beef16d6d51;Lecture3-2026.pdf, page 16, chunk e77ac5127f88",ollama,qwen2.5:3b,7.671939833991928,2,909,180,"route={'in_scope': 'yes', 'question_type': 'concept', 'lecture_topic': 'L2 Regularization and Weight Penalties', 'search_query': 'COMP5541 Lectures 2-9 If L2 regularization uses penalty lambda times sum of squared weights, what happens to large weights?'}",0.5,1.0,1,,,auto-score; manually sanity-check before final submission
B034,calculation_formula,L3,"If L2 regularization uses penalty lambda times sum of squared weights, what happens to large weights?",Large weights are penalized more strongly and are encouraged to shrink.,Lecture 3 L2 regularization,squared weights;large weights;shrink,no,answer,V3_retrieval_verifier,"Direct Answer: Large weights are penalized in L2 regularization.

Key Terms: L2 regularization

Mechanism: In L2 regularization, the penalty is applied as a function of the sum of squared weights. This inherently discourages large weight values by adding a cost proportional to their magnitude squared.

Formula: The objective function for L2 regularization can be expressed as:
\[ \mathcal{L}(w) + R(w) = \sum_{i} (w_i)^2 \]
Where \( w_i \) are the weights and \( R(w) \) is the penalty term. 

Evidence: [Evidence 1], [Evidence 3]",2c661181b333;f48c16f8f7ba;c2bd08203c6c;1beef16d6d51;e77ac5127f88,"Lecture3-2026.pdf, page 18, chunk 2c661181b333;Lecture 6(2).pdf, page 65, chunk f48c16f8f7ba;Lecture3-2026.pdf, page 17, chunk c2bd08203c6c;Lecture3-2026.pdf, page 15, chunk 1beef16d6d51;Lecture3-2026.pdf, page 16, chunk e77ac5127f88",ollama,qwen2.5:3b,8.814008458997705,2,1766,182,draft_then_verifier_rejected_overcorrection,0.5,1.0,1,,,auto-score; manually sanity-check before final submission
B034,calculation_formula,L3,"If L2 regularization uses penalty lambda times sum of squared weights, what happens to large weights?",Large weights are penalized more strongly and are encouraged to shrink.,Lecture 3 L2 regularization,squared weights;large weights;shrink,no,answer,V4_full_router_retrieval_verifier,"Direct Answer: Large weights are penalized in L2 regularization.

Key Terms: L2 regularization

Mechanism: In L2 regularization, the penalty is applied as a function of the sum of squared weights. This inherently discourages large weight values by adding a cost proportional to their magnitude squared.

Formula: The objective function for L2 regularization can be expressed as:
\[ \mathcal{L}(w) + R(w) = \sum_{i} (w_i)^2 \]
Where \( w_i \) are the weights and \( R(w) \) is the penalty term. 

Evidence: [Evidence 1], [Evidence 3]",2c661181b333;f48c16f8f7ba;c2bd08203c6c;1beef16d6d51;e77ac5127f88,"Lecture3-2026.pdf, page 18, chunk 2c661181b333;Lecture 6(2).pdf, page 65, chunk f48c16f8f7ba;Lecture3-2026.pdf, page 17, chunk c2bd08203c6c;Lecture3-2026.pdf, page 15, chunk 1beef16d6d51;Lecture3-2026.pdf, page 16, chunk e77ac5127f88",ollama,qwen2.5:3b,10.631288875985774,3,1938,229,"draft_then_verifier_rejected_overcorrection;route={""in_scope"": ""yes"", ""question_type"": ""concept"", ""lecture_topic"": ""L2 Regularization and Weight Penalties"", ""search_query"": ""COMP5541 Lectures 2-9 If L2 regularization uses penalty lambda times sum of squared weights, what happens to large weights?""}",0.5,1.0,1,,,auto-score; manually sanity-check before final submission
B034,calculation_formula,L3,"If L2 regularization uses penalty lambda times sum of squared weights, what happens to large weights?",Large weights are penalized more strongly and are encouraged to shrink.,Lecture 3 L2 regularization,squared weights;large weights;shrink,no,answer,A1_full_without_router,"Direct Answer: Large weights are penalized in L2 regularization.

Key Terms: L2 regularization

Mechanism: In L2 regularization, the penalty is applied as a function of the sum of squared weights. This inherently discourages large weight values by adding a cost proportional to their magnitude squared.

Formula: The objective function for L2 regularization can be expressed as:
\[ \mathcal{L}(w) + R(w) = \sum_{i} (w_i)^2 \]
Where \( w_i \) are the weights and \( R(w) \) is the penalty term. 

Evidence: [Evidence 1], [Evidence 3]",2c661181b333;f48c16f8f7ba;c2bd08203c6c;1beef16d6d51;e77ac5127f88,"Lecture3-2026.pdf, page 18, chunk 2c661181b333;Lecture 6(2).pdf, page 65, chunk f48c16f8f7ba;Lecture3-2026.pdf, page 17, chunk c2bd08203c6c;Lecture3-2026.pdf, page 15, chunk 1beef16d6d51;Lecture3-2026.pdf, page 16, chunk e77ac5127f88",ollama,qwen2.5:3b,8.799161083981744,2,1766,182,"draft_then_verifier_rejected_overcorrection;route={""in_scope"": ""yes"", ""question_type"": ""concept"", ""lecture_topic"": ""COMP5541 Lectures 2-9"", ""search_query"": ""COMP5541 Lectures 2-9 If L2 regularization uses penalty lambda times sum of squared weights, what happens to large weights?""}",0.5,1.0,1,,,auto-score; manually sanity-check before final submission
B034,calculation_formula,L3,"If L2 regularization uses penalty lambda times sum of squared weights, what happens to large weights?",Large weights are penalized more strongly and are encouraged to shrink.,Lecture 3 L2 regularization,squared weights;large weights;shrink,no,answer,A2_full_without_verifier,"Direct Answer: Large weights are penalized in L2 regularization.

Key Terms: L2 regularization

Mechanism: In L2 regularization, the penalty is applied as a function of the sum of squared weights. This inherently discourages large weight values by adding a cost proportional to their magnitude squared.

Formula: The objective function for L2 regularization can be expressed as:
\[ \mathcal{L}(w) + R(w) = \sum_{i} (w_i)^2 \]
Where \( w_i \) are the weights and \( R(w) \) is the penalty term. 

Evidence: [Evidence 1], [Evidence 3]",2c661181b333;f48c16f8f7ba;c2bd08203c6c;1beef16d6d51;e77ac5127f88,"Lecture3-2026.pdf, page 18, chunk 2c661181b333;Lecture 6(2).pdf, page 65, chunk f48c16f8f7ba;Lecture3-2026.pdf, page 17, chunk c2bd08203c6c;Lecture3-2026.pdf, page 15, chunk 1beef16d6d51;Lecture3-2026.pdf, page 16, chunk e77ac5127f88",ollama,qwen2.5:3b,7.671939833991928,2,909,180,"route={""in_scope"": ""yes"", ""question_type"": ""concept"", ""lecture_topic"": ""L2 Regularization and Weight Penalties"", ""search_query"": ""COMP5541 Lectures 2-9 If L2 regularization uses penalty lambda times sum of squared weights, what happens to large weights?""}",0.5,1.0,1,,,auto-score; manually sanity-check before final submission
B034,calculation_formula,L3,"If L2 regularization uses penalty lambda times sum of squared weights, what happens to large weights?",Large weights are penalized more strongly and are encouraged to shrink.,Lecture 3 L2 regularization,squared weights;large weights;shrink,no,answer,A3_full_topk2,"Direct Answer: Large weights are penalized in L2 regularization.

Key Terms: L2 regularization

Mechanism: In L2 regularization, the penalty is applied as a function of the sum of squared weights. This inherently discourages large weight values by adding a cost proportional to their magnitude squared. As such, models trained with L2 regularization tend to have smaller weights compared to those without regularization.

Evidence: [Evidence 1], [Evidence 2]",2c661181b333;f48c16f8f7ba,"Lecture3-2026.pdf, page 18, chunk 2c661181b333;Lecture 6(2).pdf, page 65, chunk f48c16f8f7ba",ollama,qwen2.5:3b,8.906602999995812,3,1366,212,"draft_then_verifier_rejected_overcorrection;route={""in_scope"": ""yes"", ""question_type"": ""concept"", ""lecture_topic"": ""L2 Regularization and Weight Penalties"", ""search_query"": ""COMP5541 Lectures 2-9 If L2 regularization uses penalty lambda times sum of squared weights, what happens to large weights?""}",0.5,1.0,1,,,auto-score; manually sanity-check before final submission
B034,calculation_formula,L3,"If L2 regularization uses penalty lambda times sum of squared weights, what happens to large weights?",Large weights are penalized more strongly and are encouraged to shrink.,Lecture 3 L2 regularization,squared weights;large weights;shrink,no,answer,A4_full_without_calculation_guard,"Direct Answer: Large weights are penalized in L2 regularization.

Key Terms: L2 regularization

Mechanism: In L2 regularization, the penalty is applied as a function of the sum of squared weights. This inherently discourages large weight values by adding a cost proportional to their magnitude squared.

Formula: The objective function for L2 regularization can be expressed as:
\[ \mathcal{L}(w) + R(w) = \sum_{i} (w_i)^2 \]
Where \( w_i \) are the weights and \( R(w) \) is the penalty term. 

Evidence: [Evidence 1], [Evidence 3]",2c661181b333;f48c16f8f7ba;c2bd08203c6c;1beef16d6d51;e77ac5127f88,"Lecture3-2026.pdf, page 18, chunk 2c661181b333;Lecture 6(2).pdf, page 65, chunk f48c16f8f7ba;Lecture3-2026.pdf, page 17, chunk c2bd08203c6c;Lecture3-2026.pdf, page 15, chunk 1beef16d6d51;Lecture3-2026.pdf, page 16, chunk e77ac5127f88",ollama,qwen2.5:3b,10.631288875985774,3,1938,229,"draft_then_verifier_rejected_overcorrection;route={""in_scope"": ""yes"", ""question_type"": ""concept"", ""lecture_topic"": ""L2 Regularization and Weight Penalties"", ""search_query"": ""COMP5541 Lectures 2-9 If L2 regularization uses penalty lambda times sum of squared weights, what happens to large weights?""}",0.5,1.0,1,,,auto-score; manually sanity-check before final submission
B035,calculation_formula,L4,"If a ReLU input z is negative, what derivative is used during backpropagation?","For standard ReLU, the derivative is 0 when z is negative.",Lecture 4 ReLU derivative,ReLU;negative;derivative;0,no,answer,V0_baseline_single_call,"For a ReLU (Rectified Linear Unit) activation function, if the input \( z \) is negative, the output of the activation function is 0. During backpropagation, when using the ReLU activation function, the derivative of the ReLU function with respect to its input is 1 for positive inputs and 0 for non-positive inputs. Therefore, during backpropagation if the input \( z \) is negative, the derivative used in the chain rule will be 0.",,,ollama,qwen2.5:3b,3.310584584003664,1,98,108,,1.0,0.5,0,,,auto-score; manually sanity-check before final submission
B035,calculation_formula,L4,"If a ReLU input z is negative, what derivative is used during backpropagation?","For standard ReLU, the derivative is 0 when z is negative.",Lecture 4 ReLU derivative,ReLU;negative;derivative;0,no,answer,V1_retrieval_only,"Direct Answer: During backpropagation, if a ReLU input z is negative, the derivative used is 0.

Key Course Terms: ReLU (Rectified Linear Unit), Backpropagation

Explanation:
ReLU activation function outputs the input directly when it's positive and outputs zero for inputs that are less than or equal to zero. Therefore, its derivative is 1 for all positive inputs and 0 for negative inputs. This property makes it suitable for backpropagation where gradients need to be preserved at zero crossings.

Evidence: [Evidence 3], [Evidence 5]",0cf0e4cdd2f1;0de2f047389f;c95acd62841c;2e7f9f28fa19;0fdf5988b7c7,"T2-Review on Calculus.pdf, page 35, chunk 0cf0e4cdd2f1;Lecture 4.pdf, page 19, chunk 0de2f047389f;Lecture 5.pdf, page 29, chunk c95acd62841c;Lecture 6(2).pdf, page 13, chunk 2e7f9f28fa19;T2-Review on Calculus.pdf, page 14, chunk 0fdf5988b7c7",ollama,qwen2.5:3b,4.615181457993458,1,577,134,,1.0,1.0,1,,,auto-score; manually sanity-check before final submission
B035,calculation_formula,L4,"If a ReLU input z is negative, what derivative is used during backpropagation?","For standard ReLU, the derivative is 0 when z is negative.",Lecture 4 ReLU derivative,ReLU;negative;derivative;0,no,answer,V2_router_rewrite_retrieval,"Direct Answer: During backpropagation, if the ReLU input z is negative, a derivative of zero (0) is used.

Key Course Terms:
ReLU (Rectified Linear Unit)
Backpropagation

Explanation:
The provided evidence does not explicitly state what derivative is used during backpropagation for a negative ReLU input. However, it mentions that in general, the gradient or derivative of an activation function like ReLU is zero when its input is negative because the function outputs zero (0) for any negative input.

Evidence: [Evidence 1], [Evidence 2]",2291a5993c5a;66ea25be3e2f;fd627905aa8f;50ba0f2e021d;b696a1d4038c,"Lecture 4.pdf, page 1, chunk 2291a5993c5a;Lecture 4.pdf, page 57, chunk 66ea25be3e2f;Lecture 4.pdf, page 61, chunk fd627905aa8f;Lecture 4.pdf, page 38, chunk 50ba0f2e021d;Lecture 4.pdf, page 58, chunk b696a1d4038c",ollama,qwen2.5:3b,6.26260670798365,2,698,180,"route={'in_scope': 'yes', 'question_type': 'calculation', 'lecture_topic': 'backpropagation and activation functions', 'search_query': 'Lecture 4 backpropagation If a ReLU input z is negative, what derivative is used during backpropagation?'}",1.0,1.0,1,,,auto-score; manually sanity-check before final submission
B035,calculation_formula,L4,"If a ReLU input z is negative, what derivative is used during backpropagation?","For standard ReLU, the derivative is 0 when z is negative.",Lecture 4 ReLU derivative,ReLU;negative;derivative;0,no,answer,V3_retrieval_verifier,"For standard ReLU, the derivative is 0 when the input z is negative, so the upstream gradient is multiplied by 0 through that unit.

Evidence: Evidence 1; Evidence 2; Evidence 3",0cf0e4cdd2f1;0de2f047389f;c95acd62841c;2e7f9f28fa19;0fdf5988b7c7,"T2-Review on Calculus.pdf, page 35, chunk 0cf0e4cdd2f1;Lecture 4.pdf, page 19, chunk 0de2f047389f;Lecture 5.pdf, page 29, chunk c95acd62841c;Lecture 6(2).pdf, page 13, chunk 2e7f9f28fa19;T2-Review on Calculus.pdf, page 14, chunk 0fdf5988b7c7",ollama,qwen2.5:3b,4.615181457993458,1,577,134,draft_then_calculation_guard,1.0,1.0,1,,,auto-score; manually sanity-check before final submission
B035,calculation_formula,L4,"If a ReLU input z is negative, what derivative is used during backpropagation?","For standard ReLU, the derivative is 0 when z is negative.",Lecture 4 ReLU derivative,ReLU;negative;derivative;0,no,answer,V4_full_router_retrieval_verifier,"For standard ReLU, the derivative is 0 when the input z is negative, so the upstream gradient is multiplied by 0 through that unit.

Evidence: Evidence 1; Evidence 2; Evidence 3",2291a5993c5a;66ea25be3e2f;fd627905aa8f;50ba0f2e021d;b696a1d4038c,"Lecture 4.pdf, page 1, chunk 2291a5993c5a;Lecture 4.pdf, page 57, chunk 66ea25be3e2f;Lecture 4.pdf, page 61, chunk fd627905aa8f;Lecture 4.pdf, page 38, chunk 50ba0f2e021d;Lecture 4.pdf, page 58, chunk b696a1d4038c",ollama,qwen2.5:3b,6.26260670798365,2,698,180,"draft_then_calculation_guard;route={""in_scope"": ""yes"", ""question_type"": ""calculation"", ""lecture_topic"": ""backpropagation and activation functions"", ""search_query"": ""Lecture 4 backpropagation If a ReLU input z is negative, what derivative is used during backpropagation?""}",1.0,1.0,1,,,auto-score; manually sanity-check before final submission
B035,calculation_formula,L4,"If a ReLU input z is negative, what derivative is used during backpropagation?","For standard ReLU, the derivative is 0 when z is negative.",Lecture 4 ReLU derivative,ReLU;negative;derivative;0,no,answer,A1_full_without_router,"For standard ReLU, the derivative is 0 when the input z is negative, so the upstream gradient is multiplied by 0 through that unit.

Evidence: Evidence 1; Evidence 2; Evidence 3",2291a5993c5a;66ea25be3e2f;fd627905aa8f;50ba0f2e021d;b696a1d4038c,"Lecture 4.pdf, page 1, chunk 2291a5993c5a;Lecture 4.pdf, page 57, chunk 66ea25be3e2f;Lecture 4.pdf, page 61, chunk fd627905aa8f;Lecture 4.pdf, page 38, chunk 50ba0f2e021d;Lecture 4.pdf, page 58, chunk b696a1d4038c",ollama,qwen2.5:3b,4.699020332991495,1,536,135,"draft_then_calculation_guard;route={""in_scope"": ""yes"", ""question_type"": ""concept"", ""lecture_topic"": ""Lecture 4 backpropagation"", ""search_query"": ""Lecture 4 backpropagation If a ReLU input z is negative, what derivative is used during backpropagation?""}",1.0,1.0,1,,,auto-score; manually sanity-check before final submission
B035,calculation_formula,L4,"If a ReLU input z is negative, what derivative is used during backpropagation?","For standard ReLU, the derivative is 0 when z is negative.",Lecture 4 ReLU derivative,ReLU;negative;derivative;0,no,answer,A2_full_without_verifier,"Direct Answer: During backpropagation, if the ReLU input z is negative, a derivative of zero (0) is used.

Key Course Terms:
ReLU (Rectified Linear Unit)
Backpropagation

Explanation:
The provided evidence does not explicitly state what derivative is used during backpropagation for a negative ReLU input. However, it mentions that in general, the gradient or derivative of an activation function like ReLU is zero when its input is negative because the function outputs zero (0) for any negative input.

Evidence: [Evidence 1], [Evidence 2]",2291a5993c5a;66ea25be3e2f;fd627905aa8f;50ba0f2e021d;b696a1d4038c,"Lecture 4.pdf, page 1, chunk 2291a5993c5a;Lecture 4.pdf, page 57, chunk 66ea25be3e2f;Lecture 4.pdf, page 61, chunk fd627905aa8f;Lecture 4.pdf, page 38, chunk 50ba0f2e021d;Lecture 4.pdf, page 58, chunk b696a1d4038c",ollama,qwen2.5:3b,6.26260670798365,2,698,180,"route={""in_scope"": ""yes"", ""question_type"": ""calculation"", ""lecture_topic"": ""backpropagation and activation functions"", ""search_query"": ""Lecture 4 backpropagation If a ReLU input z is negative, what derivative is used during backpropagation?""}",1.0,1.0,1,,,auto-score; manually sanity-check before final submission
B035,calculation_formula,L4,"If a ReLU input z is negative, what derivative is used during backpropagation?","For standard ReLU, the derivative is 0 when z is negative.",Lecture 4 ReLU derivative,ReLU;negative;derivative;0,no,answer,A3_full_topk2,"For standard ReLU, the derivative is 0 when the input z is negative, so the upstream gradient is multiplied by 0 through that unit.

Evidence: Evidence 1; Evidence 2",2291a5993c5a;66ea25be3e2f,"Lecture 4.pdf, page 1, chunk 2291a5993c5a;Lecture 4.pdf, page 57, chunk 66ea25be3e2f",ollama,qwen2.5:3b,6.799455707994639,2,499,237,"draft_then_calculation_guard;route={""in_scope"": ""yes"", ""question_type"": ""calculation"", ""lecture_topic"": ""backpropagation and activation functions"", ""search_query"": ""Lecture 4 backpropagation If a ReLU input z is negative, what derivative is used during backpropagation?""}",1.0,1.0,1,,,auto-score; manually sanity-check before final submission
B035,calculation_formula,L4,"If a ReLU input z is negative, what derivative is used during backpropagation?","For standard ReLU, the derivative is 0 when z is negative.",Lecture 4 ReLU derivative,ReLU;negative;derivative;0,no,answer,A4_full_without_calculation_guard,"Direct Answer: During backpropagation, if the ReLU input z is negative, a derivative of zero (0) is used.

Key Course Terms:
ReLU (Rectified Linear Unit)
Backpropagation

Explanation:
The provided evidence does not explicitly state what derivative is used during backpropagation for a negative ReLU input. However, it mentions that in general, the gradient or derivative of an activation function like ReLU is zero when its input is negative because the function outputs zero (0) for any negative input.

Evidence: [Evidence 1], [Evidence 2]",2291a5993c5a;66ea25be3e2f;fd627905aa8f;50ba0f2e021d;b696a1d4038c,"Lecture 4.pdf, page 1, chunk 2291a5993c5a;Lecture 4.pdf, page 57, chunk 66ea25be3e2f;Lecture 4.pdf, page 61, chunk fd627905aa8f;Lecture 4.pdf, page 38, chunk 50ba0f2e021d;Lecture 4.pdf, page 58, chunk b696a1d4038c",ollama,qwen2.5:3b,9.026918748975731,3,1521,219,"draft_then_verifier_rejected_overcorrection;route={""in_scope"": ""yes"", ""question_type"": ""calculation"", ""lecture_topic"": ""backpropagation and activation functions"", ""search_query"": ""Lecture 4 backpropagation If a ReLU input z is negative, what derivative is used during backpropagation?""}",1.0,1.0,1,,,auto-score; manually sanity-check before final submission
B036,calculation_formula,L4,"For y=f(w1*x1+w2*x2), what term multiplies the upstream gradient when computing dL/dw1?",The upstream gradient is multiplied by f'(z)*x1 where z=w1*x1+w2*x2.,Lecture 4 artificial neuron backprop,upstream gradient;f'(z);x1,no,answer,V0_baseline_single_call,"To determine which term multiplies the upstream gradient when computing \( \frac{dL}{dw1} \) for the function \( y = f(w1x1 + w2x2) \), we need to apply the chain rule of differentiation.

Given:
\[ y = f(w1x1 + w2x2) \]

Let's denote:
- \( z = w1x1 + w2x2 \)
- \( y = f(z) \)

The derivative of \( L \) with respect to \( w1 \) can be found using the chain rule as follows:

\[ \frac{dL}{dw1} = \frac{\partial L}{\partial z} \cdot \frac{\partial z}{\partial w1} \]

Here, \( \frac{\partial L}{\partial z} \) is the upstream gradient (or derivative of loss function with respect to \( z \)).

Now, let's find \( \frac{\partial z}{\partial w1} \):

\[ z = w1x1 + w2x2 \]

Taking partial derivative with respect to \( w1 \):
\[ \frac{\partial z}{\partial w1} = x1 \]

Therefore:
\[ \frac{dL}{dw1} = \frac{\partial L}{\partial z} \cdot x1 \]

Thus, the term that multiplies the upstream gradient when computing \( \frac{dL}{dw1} \) is \( x1 \).",,,ollama,qwen2.5:3b,9.65513283299515,1,101,235,,1.0,0.5,0,,,auto-score; manually sanity-check before final submission
B036,calculation_formula,L4,"For y=f(w1*x1+w2*x2), what term multiplies the upstream gradient when computing dL/dw1?",The upstream gradient is multiplied by f'(z)*x1 where z=w1*x1+w2*x2.,Lecture 4 artificial neuron backprop,upstream gradient;f'(z);x1,no,answer,V1_retrieval_only,"The term that multiplies the upstream gradient when computing dL/dw1 is the downstream gradient.

Key Course Terms:
- Downstream gradient
- Upstream gradient

Formula Needed for Full Credit:
dL/dw1 = dL/dz * dz/dw1

Explanation based on provided evidence:
In Evidence [Evidence 2], it states that ""Backpropagation f 𝑥, 𝑦 = 𝑧 𝑥 𝜕𝐿 𝜕𝑥 = 𝜕𝐿 𝜕 𝜕𝑧 𝑧 𝜕𝑧 𝜕𝑥 𝜕𝑥 𝑧 “Downstream gradient” f loss L 𝜕𝑧 𝜕𝐿 𝜕𝑦 𝜕𝑧 𝑦 𝐿 𝜕 𝑧 "" Upstream gradient"". This indicates that the term multiplying the upstream gradient (dL/dz) to compute dL/dw1 is indeed the downstream gradient (dz/dw1).

Evidence: [Evidence 1], [Evidence 2]",66ea25be3e2f;b696a1d4038c;bef5e3e39f7b;de4028d8a9ab;071f335e7bac,"Lecture 4.pdf, page 57, chunk 66ea25be3e2f;Lecture 4.pdf, page 58, chunk b696a1d4038c;Lecture 4.pdf, page 15, chunk bef5e3e39f7b;Lecture 4.pdf, page 44, chunk de4028d8a9ab;Lecture 5.pdf, page 61, chunk 071f335e7bac",ollama,qwen2.5:3b,7.936717916993075,1,586,149,,0.5,1.0,1,,,auto-score; manually sanity-check before final submission
B036,calculation_formula,L4,"For y=f(w1*x1+w2*x2), what term multiplies the upstream gradient when computing dL/dw1?",The upstream gradient is multiplied by f'(z)*x1 where z=w1*x1+w2*x2.,Lecture 4 artificial neuron backprop,upstream gradient;f'(z);x1,no,answer,V2_router_rewrite_retrieval,"The term that multiplies the upstream gradient when computing dL/dw1 is the downstream gradient.

Key Course Terms:
- Downstream gradient
- Upstream gradient

Formula Needed for Full Credit:
dL/dw1 = dL/dz * dz/dw1

Explanation based on provided evidence:
In Evidence [Evidence 2], it states that ""Backpropagation f 𝑥, 𝑦 = 𝑧 𝑥 𝜕𝐿 𝜕𝑥 = 𝜕𝐿 𝜕 𝜕𝑧 𝑧 𝜕𝑧 𝜕𝑥 𝜕𝑥 𝑧 “Downstream gradient” f loss L 𝜕𝑧 𝜕𝐿 𝜕𝑦 𝜕𝑧 𝑦 𝐿 𝜕 𝑧 "" Upstream gradient"". This indicates that the term multiplying the upstream gradient (dL/dz) to compute dL/dw1 is indeed the downstream gradient (dz/dw1).

Evidence: [Evidence 1], [Evidence 2]",66ea25be3e2f;b696a1d4038c;bef5e3e39f7b;de4028d8a9ab;071f335e7bac,"Lecture 4.pdf, page 57, chunk 66ea25be3e2f;Lecture 4.pdf, page 58, chunk b696a1d4038c;Lecture 4.pdf, page 15, chunk bef5e3e39f7b;Lecture 4.pdf, page 44, chunk de4028d8a9ab;Lecture 5.pdf, page 61, chunk 071f335e7bac",ollama,qwen2.5:3b,9.812334667003595,2,751,200,"route={'in_scope': 'yes', 'question_type': 'calculation', 'lecture_topic': 'backpropagation and gradients in neural networks', 'search_query': 'COMP5541 Lectures 2-9 For y=f(w1*x1+w2*x2), what term multiplies the upstream gradient when computing dL/dw1?'}",0.5,1.0,1,,,auto-score; manually sanity-check before final submission
B036,calculation_formula,L4,"For y=f(w1*x1+w2*x2), what term multiplies the upstream gradient when computing dL/dw1?",The upstream gradient is multiplied by f'(z)*x1 where z=w1*x1+w2*x2.,Lecture 4 artificial neuron backprop,upstream gradient;f'(z);x1,no,answer,V3_retrieval_verifier,"Let z = w1*x1 + w2*x2 and y = f(z). By the chain rule, dL/dw1 = (dL/dy) * f'(z) * x1. Therefore the upstream gradient is multiplied by the local derivative f'(z)*x1.

Evidence: Evidence 1; Evidence 2; Evidence 3",66ea25be3e2f;b696a1d4038c;bef5e3e39f7b;de4028d8a9ab;071f335e7bac,"Lecture 4.pdf, page 57, chunk 66ea25be3e2f;Lecture 4.pdf, page 58, chunk b696a1d4038c;Lecture 4.pdf, page 15, chunk bef5e3e39f7b;Lecture 4.pdf, page 44, chunk de4028d8a9ab;Lecture 5.pdf, page 61, chunk 071f335e7bac",ollama,qwen2.5:3b,7.936717916993075,1,586,149,draft_then_calculation_guard,1.0,1.0,1,,,auto-score; manually sanity-check before final submission
B036,calculation_formula,L4,"For y=f(w1*x1+w2*x2), what term multiplies the upstream gradient when computing dL/dw1?",The upstream gradient is multiplied by f'(z)*x1 where z=w1*x1+w2*x2.,Lecture 4 artificial neuron backprop,upstream gradient;f'(z);x1,no,answer,V4_full_router_retrieval_verifier,"Let z = w1*x1 + w2*x2 and y = f(z). By the chain rule, dL/dw1 = (dL/dy) * f'(z) * x1. Therefore the upstream gradient is multiplied by the local derivative f'(z)*x1.

Evidence: Evidence 1; Evidence 2; Evidence 3",66ea25be3e2f;b696a1d4038c;bef5e3e39f7b;de4028d8a9ab;071f335e7bac,"Lecture 4.pdf, page 57, chunk 66ea25be3e2f;Lecture 4.pdf, page 58, chunk b696a1d4038c;Lecture 4.pdf, page 15, chunk bef5e3e39f7b;Lecture 4.pdf, page 44, chunk de4028d8a9ab;Lecture 5.pdf, page 61, chunk 071f335e7bac",ollama,qwen2.5:3b,9.812334667003595,2,751,200,"draft_then_calculation_guard;route={""in_scope"": ""yes"", ""question_type"": ""calculation"", ""lecture_topic"": ""backpropagation and gradients in neural networks"", ""search_query"": ""COMP5541 Lectures 2-9 For y=f(w1*x1+w2*x2), what term multiplies the upstream gradient when computing dL/dw1?""}",1.0,1.0,1,,,auto-score; manually sanity-check before final submission
B036,calculation_formula,L4,"For y=f(w1*x1+w2*x2), what term multiplies the upstream gradient when computing dL/dw1?",The upstream gradient is multiplied by f'(z)*x1 where z=w1*x1+w2*x2.,Lecture 4 artificial neuron backprop,upstream gradient;f'(z);x1,no,answer,A1_full_without_router,"Let z = w1*x1 + w2*x2 and y = f(z). By the chain rule, dL/dw1 = (dL/dy) * f'(z) * x1. Therefore the upstream gradient is multiplied by the local derivative f'(z)*x1.

Evidence: Evidence 1; Evidence 2; Evidence 3",66ea25be3e2f;b696a1d4038c;bef5e3e39f7b;de4028d8a9ab;071f335e7bac,"Lecture 4.pdf, page 57, chunk 66ea25be3e2f;Lecture 4.pdf, page 58, chunk b696a1d4038c;Lecture 4.pdf, page 15, chunk bef5e3e39f7b;Lecture 4.pdf, page 44, chunk de4028d8a9ab;Lecture 5.pdf, page 61, chunk 071f335e7bac",ollama,qwen2.5:3b,7.943939417004003,1,586,149,"draft_then_calculation_guard;route={""in_scope"": ""yes"", ""question_type"": ""calculation"", ""lecture_topic"": ""COMP5541 Lectures 2-9"", ""search_query"": ""COMP5541 Lectures 2-9 For y=f(w1*x1+w2*x2), what term multiplies the upstream gradient when computing dL/dw1?""}",1.0,1.0,1,,,auto-score; manually sanity-check before final submission
B036,calculation_formula,L4,"For y=f(w1*x1+w2*x2), what term multiplies the upstream gradient when computing dL/dw1?",The upstream gradient is multiplied by f'(z)*x1 where z=w1*x1+w2*x2.,Lecture 4 artificial neuron backprop,upstream gradient;f'(z);x1,no,answer,A2_full_without_verifier,"The term that multiplies the upstream gradient when computing dL/dw1 is the downstream gradient.

Key Course Terms:
- Downstream gradient
- Upstream gradient

Formula Needed for Full Credit:
dL/dw1 = dL/dz * dz/dw1

Explanation based on provided evidence:
In Evidence [Evidence 2], it states that ""Backpropagation f 𝑥, 𝑦 = 𝑧 𝑥 𝜕𝐿 𝜕𝑥 = 𝜕𝐿 𝜕 𝜕𝑧 𝑧 𝜕𝑧 𝜕𝑥 𝜕𝑥 𝑧 “Downstream gradient” f loss L 𝜕𝑧 𝜕𝐿 𝜕𝑦 𝜕𝑧 𝑦 𝐿 𝜕 𝑧 "" Upstream gradient"". This indicates that the term multiplying the upstream gradient (dL/dz) to compute dL/dw1 is indeed the downstream gradient (dz/dw1).

Evidence: [Evidence 1], [Evidence 2]",66ea25be3e2f;b696a1d4038c;bef5e3e39f7b;de4028d8a9ab;071f335e7bac,"Lecture 4.pdf, page 57, chunk 66ea25be3e2f;Lecture 4.pdf, page 58, chunk b696a1d4038c;Lecture 4.pdf, page 15, chunk bef5e3e39f7b;Lecture 4.pdf, page 44, chunk de4028d8a9ab;Lecture 5.pdf, page 61, chunk 071f335e7bac",ollama,qwen2.5:3b,9.812334667003595,2,751,200,"route={""in_scope"": ""yes"", ""question_type"": ""calculation"", ""lecture_topic"": ""backpropagation and gradients in neural networks"", ""search_query"": ""COMP5541 Lectures 2-9 For y=f(w1*x1+w2*x2), what term multiplies the upstream gradient when computing dL/dw1?""}",0.5,1.0,1,,,auto-score; manually sanity-check before final submission
B036,calculation_formula,L4,"For y=f(w1*x1+w2*x2), what term multiplies the upstream gradient when computing dL/dw1?",The upstream gradient is multiplied by f'(z)*x1 where z=w1*x1+w2*x2.,Lecture 4 artificial neuron backprop,upstream gradient;f'(z);x1,no,answer,A3_full_topk2,"Let z = w1*x1 + w2*x2 and y = f(z). By the chain rule, dL/dw1 = (dL/dy) * f'(z) * x1. Therefore the upstream gradient is multiplied by the local derivative f'(z)*x1.

Evidence: Evidence 1; Evidence 2",66ea25be3e2f;b696a1d4038c,"Lecture 4.pdf, page 57, chunk 66ea25be3e2f;Lecture 4.pdf, page 58, chunk b696a1d4038c",ollama,qwen2.5:3b,6.685775332996855,2,496,188,"draft_then_calculation_guard;route={""in_scope"": ""yes"", ""question_type"": ""calculation"", ""lecture_topic"": ""backpropagation and gradients in neural networks"", ""search_query"": ""COMP5541 Lectures 2-9 For y=f(w1*x1+w2*x2), what term multiplies the upstream gradient when computing dL/dw1?""}",1.0,1.0,1,,,auto-score; manually sanity-check before final submission
B036,calculation_formula,L4,"For y=f(w1*x1+w2*x2), what term multiplies the upstream gradient when computing dL/dw1?",The upstream gradient is multiplied by f'(z)*x1 where z=w1*x1+w2*x2.,Lecture 4 artificial neuron backprop,upstream gradient;f'(z);x1,no,answer,A4_full_without_calculation_guard,"The term that multiplies the upstream gradient when computing dL/dw1 is the downstream gradient.

Key Course Terms:
- Downstream gradient
- Upstream gradient

Formula Needed for Full Credit:
dL/dw1 = dL/dz * dz/dw1

Explanation based on provided evidence:
In Evidence [Evidence 2], it states that ""Backpropagation f 𝑥, 𝑦 = 𝑧 𝑥 𝜕𝐿 𝜕𝑥 = 𝜕𝐿 𝜕 𝜕𝑧 𝑧 𝜕𝑧 𝜕𝑥 𝜕𝑥 𝑧 “Downstream gradient” f loss L 𝜕𝑧 𝜕𝐿 𝜕𝑦 𝜕𝑧 𝑦 𝐿 𝜕 𝑧 "" Upstream gradient"". This indicates that the term multiplying the upstream gradient (dL/dz) to compute dL/dw1 is indeed the downstream gradient (dz/dw1).

Evidence: [Evidence 1], [Evidence 2]",66ea25be3e2f;b696a1d4038c;bef5e3e39f7b;de4028d8a9ab;071f335e7bac,"Lecture 4.pdf, page 57, chunk 66ea25be3e2f;Lecture 4.pdf, page 58, chunk b696a1d4038c;Lecture 4.pdf, page 15, chunk bef5e3e39f7b;Lecture 4.pdf, page 44, chunk de4028d8a9ab;Lecture 5.pdf, page 61, chunk 071f335e7bac",ollama,qwen2.5:3b,15.291731709003216,3,1642,305,"draft_then_verifier_rejected_overcorrection;route={""in_scope"": ""yes"", ""question_type"": ""calculation"", ""lecture_topic"": ""backpropagation and gradients in neural networks"", ""search_query"": ""COMP5541 Lectures 2-9 For y=f(w1*x1+w2*x2), what term multiplies the upstream gradient when computing dL/dw1?""}",0.5,1.0,1,,,auto-score; manually sanity-check before final submission
B037,calculation_formula,L5,"What is the convolution output width formula for input width W, filter size F, padding P, and stride S?",The output width is (W - F + 2P) / S + 1 when the result is an integer.,Lecture 5 convolution output formula,W - F + 2P;S;+1,no,answer,V0_baseline_single_call,"The formula to determine the output width (O) of a convolution layer in COMP5541 is given by:

\[ O = \frac{W - F + 2P}{S} + 1 \]

Where:
- \( W \) is the input width.
- \( F \) is the filter size.
- \( P \) is the padding added to both sides of the input (typically uniform).
- \( S \) is the stride used for convolution.

This formula assumes that no additional zero-padding is applied beyond what is specified by \( P \).",,,ollama,qwen2.5:3b,3.682231416998548,1,105,106,,1.0,0.5,0,,,auto-score; manually sanity-check before final submission
B037,calculation_formula,L5,"What is the convolution output width formula for input width W, filter size F, padding P, and stride S?",The output width is (W - F + 2P) / S + 1 when the result is an integer.,Lecture 5 convolution output formula,W - F + 2P;S;+1,no,answer,V1_retrieval_only,"The convolution output width formula is ((N + 2P) - F) / stride + 1.

Key Course Terms: Convolution, Input Width W, Filter Size F, Padding P, Stride S

Formula:
((N + 2P) - F) / stride + 1

Evidence: [Evidence 1], [Evidence 4]",3a32e9fa004b;4f91948b1ae8;3e02b0afd922;3df5d47c4c25;0d24f3d911af,"Lecture 5.pdf, page 40, chunk 3a32e9fa004b;Lecture 5.pdf, page 39, chunk 4f91948b1ae8;Lecture 5.pdf, page 42, chunk 3e02b0afd922;Lecture 5.pdf, page 41, chunk 3df5d47c4c25;Lecture 5.pdf, page 37, chunk 0d24f3d911af",ollama,qwen2.5:3b,3.453632499993546,1,587,56,,1.0,1.0,1,,,auto-score; manually sanity-check before final submission
B037,calculation_formula,L5,"What is the convolution output width formula for input width W, filter size F, padding P, and stride S?",The output width is (W - F + 2P) / S + 1 when the result is an integer.,Lecture 5 convolution output formula,W - F + 2P;S;+1,no,answer,V2_router_rewrite_retrieval,"The convolution output width formula for input width W, filter size F, padding P, and stride S is:
\[ \text{Output Width} = \frac{(W + 2P - F)}{S} + 1 \]

Key Course Terms: Convolution Layer (Spatial View), Padding, Stride

Evidence: [Evidence 1], [Evidence 2], [Evidence 3], [Evidence 4], [Evidence 5]",cf6d61794e98;0d24f3d911af;3a32e9fa004b;3e02b0afd922;4f91948b1ae8,"Lecture 5.pdf, page 38, chunk cf6d61794e98;Lecture 5.pdf, page 37, chunk 0d24f3d911af;Lecture 5.pdf, page 40, chunk 3a32e9fa004b;Lecture 5.pdf, page 42, chunk 3e02b0afd922;Lecture 5.pdf, page 39, chunk 4f91948b1ae8",ollama,qwen2.5:3b,5.76300595801149,2,759,120,"route={'in_scope': 'yes', 'question_type': 'calculation', 'lecture_topic': 'Convolutional Neural Networks (L5)', 'search_query': 'Lecture 5 convolution output size parameters What is the convolution output width formula for input width W, filter size F, padding P, and stride S?'}",1.0,1.0,1,,,auto-score; manually sanity-check before final submission
B037,calculation_formula,L5,"What is the convolution output width formula for input width W, filter size F, padding P, and stride S?",The output width is (W - F + 2P) / S + 1 when the result is an integer.,Lecture 5 convolution output formula,W - F + 2P;S;+1,no,answer,V3_retrieval_verifier,"The convolution output width is (W - F + 2P) / S + 1, assuming the result is an integer.

Evidence: Evidence 1; Evidence 2; Evidence 3",3a32e9fa004b;4f91948b1ae8;3e02b0afd922;3df5d47c4c25;0d24f3d911af,"Lecture 5.pdf, page 40, chunk 3a32e9fa004b;Lecture 5.pdf, page 39, chunk 4f91948b1ae8;Lecture 5.pdf, page 42, chunk 3e02b0afd922;Lecture 5.pdf, page 41, chunk 3df5d47c4c25;Lecture 5.pdf, page 37, chunk 0d24f3d911af",ollama,qwen2.5:3b,3.453632499993546,1,587,56,draft_then_calculation_guard,1.0,1.0,1,,,auto-score; manually sanity-check before final submission
B037,calculation_formula,L5,"What is the convolution output width formula for input width W, filter size F, padding P, and stride S?",The output width is (W - F + 2P) / S + 1 when the result is an integer.,Lecture 5 convolution output formula,W - F + 2P;S;+1,no,answer,V4_full_router_retrieval_verifier,"The convolution output width is (W - F + 2P) / S + 1, assuming the result is an integer.

Evidence: Evidence 1; Evidence 2; Evidence 3",cf6d61794e98;0d24f3d911af;3a32e9fa004b;3e02b0afd922;4f91948b1ae8,"Lecture 5.pdf, page 38, chunk cf6d61794e98;Lecture 5.pdf, page 37, chunk 0d24f3d911af;Lecture 5.pdf, page 40, chunk 3a32e9fa004b;Lecture 5.pdf, page 42, chunk 3e02b0afd922;Lecture 5.pdf, page 39, chunk 4f91948b1ae8",ollama,qwen2.5:3b,5.76300595801149,2,759,120,"draft_then_calculation_guard;route={""in_scope"": ""yes"", ""question_type"": ""calculation"", ""lecture_topic"": ""Convolutional Neural Networks (L5)"", ""search_query"": ""Lecture 5 convolution output size parameters What is the convolution output width formula for input width W, filter size F, padding P, and stride S?""}",1.0,1.0,1,,,auto-score; manually sanity-check before final submission
B037,calculation_formula,L5,"What is the convolution output width formula for input width W, filter size F, padding P, and stride S?",The output width is (W - F + 2P) / S + 1 when the result is an integer.,Lecture 5 convolution output formula,W - F + 2P;S;+1,no,answer,A1_full_without_router,"The convolution output width is (W - F + 2P) / S + 1, assuming the result is an integer.

Evidence: Evidence 1; Evidence 2; Evidence 3",cf6d61794e98;0d24f3d911af;3a32e9fa004b;3e02b0afd922;4f91948b1ae8,"Lecture 5.pdf, page 38, chunk cf6d61794e98;Lecture 5.pdf, page 37, chunk 0d24f3d911af;Lecture 5.pdf, page 40, chunk 3a32e9fa004b;Lecture 5.pdf, page 42, chunk 3e02b0afd922;Lecture 5.pdf, page 39, chunk 4f91948b1ae8",ollama,qwen2.5:3b,4.0866754580056295,1,590,75,"draft_then_calculation_guard;route={""in_scope"": ""yes"", ""question_type"": ""concept"", ""lecture_topic"": ""Lecture 5 convolution output size parameters"", ""search_query"": ""Lecture 5 convolution output size parameters What is the convolution output width formula for input width W, filter size F, padding P, and stride S?""}",1.0,1.0,1,,,auto-score; manually sanity-check before final submission
B037,calculation_formula,L5,"What is the convolution output width formula for input width W, filter size F, padding P, and stride S?",The output width is (W - F + 2P) / S + 1 when the result is an integer.,Lecture 5 convolution output formula,W - F + 2P;S;+1,no,answer,A2_full_without_verifier,"The convolution output width formula for input width W, filter size F, padding P, and stride S is:
\[ \text{Output Width} = \frac{(W + 2P - F)}{S} + 1 \]

Key Course Terms: Convolution Layer (Spatial View), Padding, Stride

Evidence: [Evidence 1], [Evidence 2], [Evidence 3], [Evidence 4], [Evidence 5]",cf6d61794e98;0d24f3d911af;3a32e9fa004b;3e02b0afd922;4f91948b1ae8,"Lecture 5.pdf, page 38, chunk cf6d61794e98;Lecture 5.pdf, page 37, chunk 0d24f3d911af;Lecture 5.pdf, page 40, chunk 3a32e9fa004b;Lecture 5.pdf, page 42, chunk 3e02b0afd922;Lecture 5.pdf, page 39, chunk 4f91948b1ae8",ollama,qwen2.5:3b,5.76300595801149,2,759,120,"route={""in_scope"": ""yes"", ""question_type"": ""calculation"", ""lecture_topic"": ""Convolutional Neural Networks (L5)"", ""search_query"": ""Lecture 5 convolution output size parameters What is the convolution output width formula for input width W, filter size F, padding P, and stride S?""}",1.0,1.0,1,,,auto-score; manually sanity-check before final submission
B037,calculation_formula,L5,"What is the convolution output width formula for input width W, filter size F, padding P, and stride S?",The output width is (W - F + 2P) / S + 1 when the result is an integer.,Lecture 5 convolution output formula,W - F + 2P;S;+1,no,answer,A3_full_topk2,"The convolution output width is (W - F + 2P) / S + 1, assuming the result is an integer.

Evidence: Evidence 1; Evidence 2",cf6d61794e98;0d24f3d911af,"Lecture 5.pdf, page 38, chunk cf6d61794e98;Lecture 5.pdf, page 37, chunk 0d24f3d911af",ollama,qwen2.5:3b,3.9584937920153607,2,544,106,"draft_then_calculation_guard;route={""in_scope"": ""yes"", ""question_type"": ""calculation"", ""lecture_topic"": ""Convolutional Neural Networks (L5)"", ""search_query"": ""Lecture 5 convolution output size parameters What is the convolution output width formula for input width W, filter size F, padding P, and stride S?""}",1.0,1.0,1,,,auto-score; manually sanity-check before final submission
B037,calculation_formula,L5,"What is the convolution output width formula for input width W, filter size F, padding P, and stride S?",The output width is (W - F + 2P) / S + 1 when the result is an integer.,Lecture 5 convolution output formula,W - F + 2P;S;+1,no,answer,A4_full_without_calculation_guard,"The convolution output width formula for input width W, filter size F, padding P, and stride S is:
\[ \text{Output Width} = \frac{(W + 2P - F)}{S} + 1 \]

Key Course Terms: Convolution Layer (Spatial View), Padding, Stride

Evidence: [Evidence 1], [Evidence 2], [Evidence 3], [Evidence 4], [Evidence 5]",cf6d61794e98;0d24f3d911af;3a32e9fa004b;3e02b0afd922;4f91948b1ae8,"Lecture 5.pdf, page 38, chunk cf6d61794e98;Lecture 5.pdf, page 37, chunk 0d24f3d911af;Lecture 5.pdf, page 40, chunk 3a32e9fa004b;Lecture 5.pdf, page 42, chunk 3e02b0afd922;Lecture 5.pdf, page 39, chunk 4f91948b1ae8",ollama,qwen2.5:3b,9.376104583017876,3,1586,174,"draft_then_verifier_rejected_overcorrection;route={""in_scope"": ""yes"", ""question_type"": ""calculation"", ""lecture_topic"": ""Convolutional Neural Networks (L5)"", ""search_query"": ""Lecture 5 convolution output size parameters What is the convolution output width formula for input width W, filter size F, padding P, and stride S?""}",1.0,1.0,1,,,auto-score; manually sanity-check before final submission
B038,calculation_formula,L5,"For a 32x32x3 image with 16 filters of size 3x3, stride 1, padding 1, and no bias, what is the output shape and parameter count?",The output shape is 32x32x16 and the parameter count is 3*3*3*16 = 432.,Lecture 5 CNN output shape parameters,32x32x16;432,no,answer,V0_baseline_single_call,"The output shape for a convolutional layer can be determined using the formula: 

\[ \text{Output Shape} = (\text{Input Size} - \text{Filter Size}) / \text{Stride} + 1 \]

Given:
- Input size (32x32x3)
- Filter size (3x3)
- Stride (1)

The output shape for each dimension is:

\[ \text{Output Shape} = (32 - 3) / 1 + 1 = 30 \]

Thus, the output shape of the layer will be a 3D tensor with dimensions: 
\[ 30 \times 30 \times 16 \]
where 16 is the number of filters.

For the parameter count:
- Each filter has \(3 \times 3 \times 3 = 27\) parameters.
- There are 16 such filters.

Therefore, the total number of parameters (weights) in this layer is:

\[ 27 \times 16 = 432 \]

So, the output shape is \(30 \times 30 \times 16\) and the parameter count is 432.",,,ollama,qwen2.5:3b,7.8069589999940945,1,111,190,,0.5,0.5,0,,,auto-score; manually sanity-check before final submission
B038,calculation_formula,L5,"For a 32x32x3 image with 16 filters of size 3x3, stride 1, padding 1, and no bias, what is the output shape and parameter count?",The output shape is 32x32x16 and the parameter count is 3*3*3*16 = 432.,Lecture 5 CNN output shape parameters,32x32x16;432,no,answer,V1_retrieval_only,"For a 32x32x3 image with 16 filters of size 3x3, stride 1, padding 1, and no bias, the output shape is (32, 32, 3) and the parameter count is 480.

Key terms: Convolutional Layer, Filter Size, Stride, Padding
Mechanism: The formula for determining the output shape of a convolution layer with given input and filter dimensions is:
\[ H_{out} = \frac{H_{in} - F + 2P}{S} + 1 \]
where \( H_{in} \) is the height or width of the input, \( F \) is the filter size, \( P \) is the padding, and \( S \) is the stride. For deconvolution (transposed convolution), the formula for output shape is:
\[ H_{out} = \frac{H_{in} - 1}{S} + 1 \]
For a 32x32 input with a 3x3 filter, stride of 1 and padding of 1, the output shape remains (32, 32). The parameter count for each convolutional layer is given by:
\[ \text{Parameter Count} = F^2 \times C_{in} + F^2 \]
where \( F \) is the filter size and \( C_{in} \) is the number of input channels. For a 3x3 filter with 16 filters, each having 3x3=9 weights and 3 input channels (RGB), the parameter count per layer is:
\[ 480 = 9 \times 16 \]

Evidence: [Evidence 1], [Evidence 2]",ad020b75f046;3a32e9fa004b;3fd7c96f104b;15a51da60512;5c2f573b3cd3,"T8_GAN_MNIST_Tutorial.ipynb, page 1, chunk ad020b75f046;Lecture 5.pdf, page 40, chunk 3a32e9fa004b;T8_GAN_MNIST_Tutorial.ipynb, page 1, chunk 3fd7c96f104b;Lecture 5.pdf, page 43, chunk 15a51da60512;T8_GAN_MNIST_Tutorial.ipynb, page 1, chunk 5c2f573b3cd3",ollama,qwen2.5:3b,15.389636958992924,1,1588,278,,0.0,1.0,1,,,auto-score; manually sanity-check before final submission
B038,calculation_formula,L5,"For a 32x32x3 image with 16 filters of size 3x3, stride 1, padding 1, and no bias, what is the output shape and parameter count?",The output shape is 32x32x16 and the parameter count is 3*3*3*16 = 432.,Lecture 5 CNN output shape parameters,32x32x16;432,no,answer,V2_router_rewrite_retrieval,"For a 32x32x3 image with 16 filters of size 3x3, stride 1, padding 1, and no bias, the output shape is 32x32x3.

Key terms: Convolutional Layer

The mechanism for determining the output shape in convolutional layers is given by:
\[ H_{out} = (H_{in} - 1) \times stride + kernel\_size - 2 \times padding \]
Given \( H_{in} = 32, stride = 1, kernel\_size = 3, padding = 1\):
\[ H_{out} = (32 - 1) \times 1 + 3 - 2 \times 1 = 30 + 3 - 2 = 31 - 2 = 32 \]

The parameter count for the given setup is 48.

Key terms: Parameter Count

The formula to calculate the number of parameters in a convolutional layer with no bias is:
\[ \text{Parameter Count} = (kernel\_size^2 \times input\_channels) + kernel\_size^2 \]
Given \( kernel\_size = 3, input\_channels = 3, output\_channels = 16\):
\[ \text{Parameter Count} = (3^2 \times 3) + 3^2 = 9 \times 3 + 9 = 27 + 9 = 48 \]

Evidence: [Evidence 1], [Evidence 5]",ad020b75f046;3a32e9fa004b;3fd7c96f104b;5c2f573b3cd3;15a51da60512,"T8_GAN_MNIST_Tutorial.ipynb, page 1, chunk ad020b75f046;Lecture 5.pdf, page 40, chunk 3a32e9fa004b;T8_GAN_MNIST_Tutorial.ipynb, page 1, chunk 3fd7c96f104b;T8_GAN_MNIST_Tutorial.ipynb, page 1, chunk 5c2f573b3cd3;Lecture 5.pdf, page 43, chunk 15a51da60512",ollama,qwen2.5:3b,16.270124333997956,2,1763,276,"route={'in_scope': 'yes', 'question_type': 'calculation', 'lecture_topic': 'Convolutional Layers', 'search_query': 'Lecture 2 bias variance For a 32x32x3 image with 16 filters of size 3x3, stride 1, padding 1, and no bias, what is the output shape and parameter count?'}",0.0,1.0,1,,,auto-score; manually sanity-check before final submission
B038,calculation_formula,L5,"For a 32x32x3 image with 16 filters of size 3x3, stride 1, padding 1, and no bias, what is the output shape and parameter count?",The output shape is 32x32x16 and the parameter count is 3*3*3*16 = 432.,Lecture 5 CNN output shape parameters,32x32x16;432,no,answer,V3_retrieval_verifier,"The output shape is 32x32x16. The parameter count is 3*3*3*16 = 432 (no bias).

Evidence: Evidence 1; Evidence 2; Evidence 3",ad020b75f046;3a32e9fa004b;3fd7c96f104b;15a51da60512;5c2f573b3cd3,"T8_GAN_MNIST_Tutorial.ipynb, page 1, chunk ad020b75f046;Lecture 5.pdf, page 40, chunk 3a32e9fa004b;T8_GAN_MNIST_Tutorial.ipynb, page 1, chunk 3fd7c96f104b;Lecture 5.pdf, page 43, chunk 15a51da60512;T8_GAN_MNIST_Tutorial.ipynb, page 1, chunk 5c2f573b3cd3",ollama,qwen2.5:3b,15.389636958992924,1,1588,278,draft_then_calculation_guard,1.0,1.0,1,,,auto-score; manually sanity-check before final submission
B038,calculation_formula,L5,"For a 32x32x3 image with 16 filters of size 3x3, stride 1, padding 1, and no bias, what is the output shape and parameter count?",The output shape is 32x32x16 and the parameter count is 3*3*3*16 = 432.,Lecture 5 CNN output shape parameters,32x32x16;432,no,answer,V4_full_router_retrieval_verifier,"The output shape is 32x32x16. The parameter count is 3*3*3*16 = 432 (no bias).

Evidence: Evidence 1; Evidence 2; Evidence 3",ad020b75f046;3a32e9fa004b;3fd7c96f104b;5c2f573b3cd3;15a51da60512,"T8_GAN_MNIST_Tutorial.ipynb, page 1, chunk ad020b75f046;Lecture 5.pdf, page 40, chunk 3a32e9fa004b;T8_GAN_MNIST_Tutorial.ipynb, page 1, chunk 3fd7c96f104b;T8_GAN_MNIST_Tutorial.ipynb, page 1, chunk 5c2f573b3cd3;Lecture 5.pdf, page 43, chunk 15a51da60512",ollama,qwen2.5:3b,16.270124333997956,2,1763,276,"draft_then_calculation_guard;route={""in_scope"": ""yes"", ""question_type"": ""calculation"", ""lecture_topic"": ""Convolutional Layers"", ""search_query"": ""Lecture 2 bias variance For a 32x32x3 image with 16 filters of size 3x3, stride 1, padding 1, and no bias, what is the output shape and parameter count?""}",1.0,1.0,1,,,auto-score; manually sanity-check before final submission
B038,calculation_formula,L5,"For a 32x32x3 image with 16 filters of size 3x3, stride 1, padding 1, and no bias, what is the output shape and parameter count?",The output shape is 32x32x16 and the parameter count is 3*3*3*16 = 432.,Lecture 5 CNN output shape parameters,32x32x16;432,no,answer,A1_full_without_router,"The output shape is 32x32x16. The parameter count is 3*3*3*16 = 432 (no bias).

Evidence: Evidence 1; Evidence 2; Evidence 3",ad020b75f046;3a32e9fa004b;3fd7c96f104b;5c2f573b3cd3;15a51da60512,"T8_GAN_MNIST_Tutorial.ipynb, page 1, chunk ad020b75f046;Lecture 5.pdf, page 40, chunk 3a32e9fa004b;T8_GAN_MNIST_Tutorial.ipynb, page 1, chunk 3fd7c96f104b;T8_GAN_MNIST_Tutorial.ipynb, page 1, chunk 5c2f573b3cd3;Lecture 5.pdf, page 43, chunk 15a51da60512",ollama,qwen2.5:3b,14.053199000001769,1,1588,225,"draft_then_calculation_guard;route={""in_scope"": ""yes"", ""question_type"": ""calculation"", ""lecture_topic"": ""Lecture 2 bias variance"", ""search_query"": ""Lecture 2 bias variance For a 32x32x3 image with 16 filters of size 3x3, stride 1, padding 1, and no bias, what is the output shape and parameter count?""}",1.0,1.0,1,,,auto-score; manually sanity-check before final submission
B038,calculation_formula,L5,"For a 32x32x3 image with 16 filters of size 3x3, stride 1, padding 1, and no bias, what is the output shape and parameter count?",The output shape is 32x32x16 and the parameter count is 3*3*3*16 = 432.,Lecture 5 CNN output shape parameters,32x32x16;432,no,answer,A2_full_without_verifier,"For a 32x32x3 image with 16 filters of size 3x3, stride 1, padding 1, and no bias, the output shape is 32x32x3.

Key terms: Convolutional Layer

The mechanism for determining the output shape in convolutional layers is given by:
\[ H_{out} = (H_{in} - 1) \times stride + kernel\_size - 2 \times padding \]
Given \( H_{in} = 32, stride = 1, kernel\_size = 3, padding = 1\):
\[ H_{out} = (32 - 1) \times 1 + 3 - 2 \times 1 = 30 + 3 - 2 = 31 - 2 = 32 \]

The parameter count for the given setup is 48.

Key terms: Parameter Count

The formula to calculate the number of parameters in a convolutional layer with no bias is:
\[ \text{Parameter Count} = (kernel\_size^2 \times input\_channels) + kernel\_size^2 \]
Given \( kernel\_size = 3, input\_channels = 3, output\_channels = 16\):
\[ \text{Parameter Count} = (3^2 \times 3) + 3^2 = 9 \times 3 + 9 = 27 + 9 = 48 \]

Evidence: [Evidence 1], [Evidence 5]",ad020b75f046;3a32e9fa004b;3fd7c96f104b;5c2f573b3cd3;15a51da60512,"T8_GAN_MNIST_Tutorial.ipynb, page 1, chunk ad020b75f046;Lecture 5.pdf, page 40, chunk 3a32e9fa004b;T8_GAN_MNIST_Tutorial.ipynb, page 1, chunk 3fd7c96f104b;T8_GAN_MNIST_Tutorial.ipynb, page 1, chunk 5c2f573b3cd3;Lecture 5.pdf, page 43, chunk 15a51da60512",ollama,qwen2.5:3b,16.270124333997956,2,1763,276,"route={""in_scope"": ""yes"", ""question_type"": ""calculation"", ""lecture_topic"": ""Convolutional Layers"", ""search_query"": ""Lecture 2 bias variance For a 32x32x3 image with 16 filters of size 3x3, stride 1, padding 1, and no bias, what is the output shape and parameter count?""}",0.0,1.0,1,,,auto-score; manually sanity-check before final submission
B038,calculation_formula,L5,"For a 32x32x3 image with 16 filters of size 3x3, stride 1, padding 1, and no bias, what is the output shape and parameter count?",The output shape is 32x32x16 and the parameter count is 3*3*3*16 = 432.,Lecture 5 CNN output shape parameters,32x32x16;432,no,answer,A3_full_topk2,"The output shape is 32x32x16. The parameter count is 3*3*3*16 = 432 (no bias).

Evidence: Evidence 1; Evidence 2",ad020b75f046;3a32e9fa004b,"T8_GAN_MNIST_Tutorial.ipynb, page 1, chunk ad020b75f046;Lecture 5.pdf, page 40, chunk 3a32e9fa004b",ollama,qwen2.5:3b,9.427377375992364,2,888,244,"draft_then_calculation_guard;route={""in_scope"": ""yes"", ""question_type"": ""calculation"", ""lecture_topic"": ""Convolutional Layers"", ""search_query"": ""Lecture 2 bias variance For a 32x32x3 image with 16 filters of size 3x3, stride 1, padding 1, and no bias, what is the output shape and parameter count?""}",1.0,1.0,1,,,auto-score; manually sanity-check before final submission
B038,calculation_formula,L5,"For a 32x32x3 image with 16 filters of size 3x3, stride 1, padding 1, and no bias, what is the output shape and parameter count?",The output shape is 32x32x16 and the parameter count is 3*3*3*16 = 432.,Lecture 5 CNN output shape parameters,32x32x16;432,no,answer,A4_full_without_calculation_guard,"For a 32x32x3 image with 16 filters of size 3x3, stride 1, padding 1, and no bias, the output shape is 32x32x3.

Key terms: Convolutional Layer

The mechanism for determining the output shape in convolutional layers is given by:
\[ H_{out} = (H_{in} - 1) \times stride + kernel\_size - 2 \times padding \]
Given \( H_{in} = 32, stride = 1, kernel\_size = 3, padding = 1\):
\[ H_{out} = (32 - 1) \times 1 + 3 - 2 \times 1 = 30 + 3 - 2 = 31 - 2 = 32 \]

The parameter count for the given setup is 48.

Key terms: Parameter Count

The formula to calculate the number of parameters in a convolutional layer with no bias is:
\[ \text{Parameter Count} = (kernel\_size^2 \times input\_channels) + kernel\_size^2 \]
Given \( kernel\_size = 3, input\_channels = 3, output\_channels = 16\):
\[ \text{Parameter Count} = (3^2 \times 3) + 3^2 = 9 \times 3 + 9 = 27 + 9 = 48 \]

Evidence: [Evidence 1], [Evidence 5]",ad020b75f046;3a32e9fa004b;3fd7c96f104b;5c2f573b3cd3;15a51da60512,"T8_GAN_MNIST_Tutorial.ipynb, page 1, chunk ad020b75f046;Lecture 5.pdf, page 40, chunk 3a32e9fa004b;T8_GAN_MNIST_Tutorial.ipynb, page 1, chunk 3fd7c96f104b;T8_GAN_MNIST_Tutorial.ipynb, page 1, chunk 5c2f573b3cd3;Lecture 5.pdf, page 43, chunk 15a51da60512",ollama,qwen2.5:3b,24.30064491799567,3,3735,374,"draft_then_verifier_rejected_overcorrection;route={""in_scope"": ""yes"", ""question_type"": ""calculation"", ""lecture_topic"": ""Convolutional Layers"", ""search_query"": ""Lecture 2 bias variance For a 32x32x3 image with 16 filters of size 3x3, stride 1, padding 1, and no bias, what is the output shape and parameter count?""}",0.0,1.0,1,,,auto-score; manually sanity-check before final submission
B039,calculation_formula,L5,"For a 28x28x8 feature map followed by 2x2 pooling with stride 2, what is the output shape?",The output shape is 14x14x8.,Lecture 5 pooling,14x14x8,no,answer,V0_baseline_single_call,"The output shape of the feature map after applying a 2x2 pooling layer with a stride of 2 to a 28x28x8 input feature map can be calculated as follows:

- The original dimensions are 28x28x8.
- Pooling reduces spatial dimensions by half and uses a stride of 2, which means the reduction in each dimension is due to division by (stride).

For both height and width:
- Original size: 28
- After pooling: \( \frac{28}{2} = 14 \)

Thus, after applying the 2x2 pooling layer with a stride of 2, the output shape will be 14x14x8.",,,ollama,qwen2.5:3b,4.784389541993733,1,101,130,,1.0,0.5,0,,,auto-score; manually sanity-check before final submission
B039,calculation_formula,L5,"For a 28x28x8 feature map followed by 2x2 pooling with stride 2, what is the output shape?",The output shape is 14x14x8.,Lecture 5 pooling,14x14x8,no,answer,V1_retrieval_only,"The output shape of the feature map after a 2x2 pooling with stride 2 is 14x14.

Key Course Terms:
- Feature Map
- Max Pooling

Explanation:
Given that we start with a 28x28x8 feature map and apply a max pooling layer with a 2x2 filter and a stride of 2, the formula to calculate the output shape after pooling is (N + 2P - F) / S + 1. Here, N = 28, P = 0 (since no padding was mentioned), F = 2x2, and S = 2.

Substituting these values into the formula:
(28 + 2*0 - 2x2) / 2 + 1
= (28 - 4) / 2 + 1
= 24 / 2 + 1
= 12 + 1
= 13

However, since the pooling layer reduces dimensions by half in both width and height due to the stride of 2, we need to divide this result by 2:
13 / 2 = 6.5, which rounds down to 6.

Thus, the output shape is 14x14.

Evidence: [Evidence 2], [Evidence 5]",ff0e2423b1ed;d49fe2e5167d;5c0f6e9a813e;ab8600c4101f;1e97599edb26,"Lecture2-2026-COMP5541(1).pdf, page 59, chunk ff0e2423b1ed;Lecture 5.pdf, page 56, chunk d49fe2e5167d;Lecture 6(2).pdf, page 5, chunk 5c0f6e9a813e;Lecture 5.pdf, page 34, chunk ab8600c4101f;Lecture 5.pdf, page 22, chunk 1e97599edb26",ollama,qwen2.5:3b,9.730946625000795,1,540,195,,0.0,1.0,1,,,auto-score; manually sanity-check before final submission
B039,calculation_formula,L5,"For a 28x28x8 feature map followed by 2x2 pooling with stride 2, what is the output shape?",The output shape is 14x14x8.,Lecture 5 pooling,14x14x8,no,answer,V2_router_rewrite_retrieval,"The output shape of the feature map after a 2x2 pooling with stride 2 is 14x14.

Key Course Terms:
- Feature Map
- Max Pooling

Explanation:
Given that we start with a 28x28x8 feature map and apply a max pooling layer with a 2x2 filter and a stride of 2, the formula to calculate the output shape after pooling is (N + 2P - F) / S + 1. Here, N = 28, P = 0 (since no padding was mentioned), F = 2x2, and S = 2.

Substituting these values into the formula:
(28 + 2*0 - 2x2) / 2 + 1
= (28 - 4) / 2 + 1
= 24 / 2 + 1
= 12 + 1
= 13

However, since the pooling layer reduces dimensions by half in both width and height due to the stride of 2, we need to divide this result by 2:
13 / 2 = 6.5, which rounds down to 6.

Thus, the output shape is 14x14.

Evidence: [Evidence 2], [Evidence 5]",ff0e2423b1ed;d49fe2e5167d;5c0f6e9a813e;ab8600c4101f;1e97599edb26,"Lecture2-2026-COMP5541(1).pdf, page 59, chunk ff0e2423b1ed;Lecture 5.pdf, page 56, chunk d49fe2e5167d;Lecture 6(2).pdf, page 5, chunk 5c0f6e9a813e;Lecture 5.pdf, page 34, chunk ab8600c4101f;Lecture 5.pdf, page 22, chunk 1e97599edb26",ollama,qwen2.5:3b,12.732931040998665,2,705,291,"route={'in_scope': 'yes', 'question_type': 'calculation', 'lecture_topic': 'Convolutional Neural Networks (L5)', 'search_query': 'COMP5541 Lectures 2-9 For a 28x28x8 feature map followed by 2x2 pooling with stride 2, what is the output shape?'}",0.0,1.0,1,,,auto-score; manually sanity-check before final submission
B039,calculation_formula,L5,"For a 28x28x8 feature map followed by 2x2 pooling with stride 2, what is the output shape?",The output shape is 14x14x8.,Lecture 5 pooling,14x14x8,no,answer,V3_retrieval_verifier,"The output shape is 14x14x8: the 2D spatial size is reduced by the 2x2 pooling window with stride 2, while the depth/channel count is unchanged.

Evidence: Evidence 1; Evidence 2; Evidence 3",ff0e2423b1ed;d49fe2e5167d;5c0f6e9a813e;ab8600c4101f;1e97599edb26,"Lecture2-2026-COMP5541(1).pdf, page 59, chunk ff0e2423b1ed;Lecture 5.pdf, page 56, chunk d49fe2e5167d;Lecture 6(2).pdf, page 5, chunk 5c0f6e9a813e;Lecture 5.pdf, page 34, chunk ab8600c4101f;Lecture 5.pdf, page 22, chunk 1e97599edb26",ollama,qwen2.5:3b,9.730946625000795,1,540,195,draft_then_calculation_guard,1.0,1.0,1,,,auto-score; manually sanity-check before final submission
B039,calculation_formula,L5,"For a 28x28x8 feature map followed by 2x2 pooling with stride 2, what is the output shape?",The output shape is 14x14x8.,Lecture 5 pooling,14x14x8,no,answer,V4_full_router_retrieval_verifier,"The output shape is 14x14x8: the 2D spatial size is reduced by the 2x2 pooling window with stride 2, while the depth/channel count is unchanged.

Evidence: Evidence 1; Evidence 2; Evidence 3",ff0e2423b1ed;d49fe2e5167d;5c0f6e9a813e;ab8600c4101f;1e97599edb26,"Lecture2-2026-COMP5541(1).pdf, page 59, chunk ff0e2423b1ed;Lecture 5.pdf, page 56, chunk d49fe2e5167d;Lecture 6(2).pdf, page 5, chunk 5c0f6e9a813e;Lecture 5.pdf, page 34, chunk ab8600c4101f;Lecture 5.pdf, page 22, chunk 1e97599edb26",ollama,qwen2.5:3b,12.732931040998665,2,705,291,"draft_then_calculation_guard;route={""in_scope"": ""yes"", ""question_type"": ""calculation"", ""lecture_topic"": ""Convolutional Neural Networks (L5)"", ""search_query"": ""COMP5541 Lectures 2-9 For a 28x28x8 feature map followed by 2x2 pooling with stride 2, what is the output shape?""}",1.0,1.0,1,,,auto-score; manually sanity-check before final submission
B039,calculation_formula,L5,"For a 28x28x8 feature map followed by 2x2 pooling with stride 2, what is the output shape?",The output shape is 14x14x8.,Lecture 5 pooling,14x14x8,no,answer,A1_full_without_router,"The output shape is 14x14x8: the 2D spatial size is reduced by the 2x2 pooling window with stride 2, while the depth/channel count is unchanged.

Evidence: Evidence 1; Evidence 2; Evidence 3",ff0e2423b1ed;d49fe2e5167d;5c0f6e9a813e;ab8600c4101f;1e97599edb26,"Lecture2-2026-COMP5541(1).pdf, page 59, chunk ff0e2423b1ed;Lecture 5.pdf, page 56, chunk d49fe2e5167d;Lecture 6(2).pdf, page 5, chunk 5c0f6e9a813e;Lecture 5.pdf, page 34, chunk ab8600c4101f;Lecture 5.pdf, page 22, chunk 1e97599edb26",ollama,qwen2.5:3b,9.704563665989554,1,540,195,"draft_then_calculation_guard;route={""in_scope"": ""yes"", ""question_type"": ""calculation"", ""lecture_topic"": ""COMP5541 Lectures 2-9"", ""search_query"": ""COMP5541 Lectures 2-9 For a 28x28x8 feature map followed by 2x2 pooling with stride 2, what is the output shape?""}",1.0,1.0,1,,,auto-score; manually sanity-check before final submission
B039,calculation_formula,L5,"For a 28x28x8 feature map followed by 2x2 pooling with stride 2, what is the output shape?",The output shape is 14x14x8.,Lecture 5 pooling,14x14x8,no,answer,A2_full_without_verifier,"The output shape of the feature map after a 2x2 pooling with stride 2 is 14x14.

Key Course Terms:
- Feature Map
- Max Pooling

Explanation:
Given that we start with a 28x28x8 feature map and apply a max pooling layer with a 2x2 filter and a stride of 2, the formula to calculate the output shape after pooling is (N + 2P - F) / S + 1. Here, N = 28, P = 0 (since no padding was mentioned), F = 2x2, and S = 2.

Substituting these values into the formula:
(28 + 2*0 - 2x2) / 2 + 1
= (28 - 4) / 2 + 1
= 24 / 2 + 1
= 12 + 1
= 13

However, since the pooling layer reduces dimensions by half in both width and height due to the stride of 2, we need to divide this result by 2:
13 / 2 = 6.5, which rounds down to 6.

Thus, the output shape is 14x14.

Evidence: [Evidence 2], [Evidence 5]",ff0e2423b1ed;d49fe2e5167d;5c0f6e9a813e;ab8600c4101f;1e97599edb26,"Lecture2-2026-COMP5541(1).pdf, page 59, chunk ff0e2423b1ed;Lecture 5.pdf, page 56, chunk d49fe2e5167d;Lecture 6(2).pdf, page 5, chunk 5c0f6e9a813e;Lecture 5.pdf, page 34, chunk ab8600c4101f;Lecture 5.pdf, page 22, chunk 1e97599edb26",ollama,qwen2.5:3b,12.732931040998665,2,705,291,"route={""in_scope"": ""yes"", ""question_type"": ""calculation"", ""lecture_topic"": ""Convolutional Neural Networks (L5)"", ""search_query"": ""COMP5541 Lectures 2-9 For a 28x28x8 feature map followed by 2x2 pooling with stride 2, what is the output shape?""}",0.0,1.0,1,,,auto-score; manually sanity-check before final submission
B039,calculation_formula,L5,"For a 28x28x8 feature map followed by 2x2 pooling with stride 2, what is the output shape?",The output shape is 14x14x8.,Lecture 5 pooling,14x14x8,no,answer,A3_full_topk2,"The output shape is 14x14x8: the 2D spatial size is reduced by the 2x2 pooling window with stride 2, while the depth/channel count is unchanged.

Evidence: Evidence 1; Evidence 2",ff0e2423b1ed;d49fe2e5167d,"Lecture2-2026-COMP5541(1).pdf, page 59, chunk ff0e2423b1ed;Lecture 5.pdf, page 56, chunk d49fe2e5167d",ollama,qwen2.5:3b,10.802152917007334,2,548,319,"draft_then_calculation_guard;route={""in_scope"": ""yes"", ""question_type"": ""calculation"", ""lecture_topic"": ""Convolutional Neural Networks (L5)"", ""search_query"": ""COMP5541 Lectures 2-9 For a 28x28x8 feature map followed by 2x2 pooling with stride 2, what is the output shape?""}",1.0,1.0,1,,,auto-score; manually sanity-check before final submission
B039,calculation_formula,L5,"For a 28x28x8 feature map followed by 2x2 pooling with stride 2, what is the output shape?",The output shape is 14x14x8.,Lecture 5 pooling,14x14x8,no,answer,A4_full_without_calculation_guard,"The output shape of the feature map after a 2x2 pooling with stride 2 is 14x14.

Key Course Terms:
- Feature Map
- Max Pooling

Explanation:
Given that we start with a 28x28x8 feature map and apply a max pooling layer with a 2x2 filter and a stride of 2, the formula to calculate the output shape after pooling is (N + 2P - F) / S + 1. Here, N = 28, P = 0 (since no padding was mentioned), F = 2x2, and S = 2.

Substituting these values into the formula:
(28 + 2*0 - 2x2) / 2 + 1
= (28 - 4) / 2 + 1
= 24 / 2 + 1
= 12 + 1
= 13

However, since the pooling layer reduces dimensions by half in both width and height due to the stride of 2, we need to divide this result by 2:
13 / 2 = 6.5, which rounds down to 6.

Thus, the output shape is 14x14.

Evidence: [Evidence 2], [Evidence 5]",ff0e2423b1ed;d49fe2e5167d;5c0f6e9a813e;ab8600c4101f;1e97599edb26,"Lecture2-2026-COMP5541(1).pdf, page 59, chunk ff0e2423b1ed;Lecture 5.pdf, page 56, chunk d49fe2e5167d;Lecture 6(2).pdf, page 5, chunk 5c0f6e9a813e;Lecture 5.pdf, page 34, chunk ab8600c4101f;Lecture 5.pdf, page 22, chunk 1e97599edb26",ollama,qwen2.5:3b,15.855258790994412,3,1593,327,"draft_then_verifier_rejected_overcorrection;route={""in_scope"": ""yes"", ""question_type"": ""calculation"", ""lecture_topic"": ""Convolutional Neural Networks (L5)"", ""search_query"": ""COMP5541 Lectures 2-9 For a 28x28x8 feature map followed by 2x2 pooling with stride 2, what is the output shape?""}",0.0,1.0,1,,,auto-score; manually sanity-check before final submission
B040,calculation_formula,L5,"For a 10x10 input, 3x3 filter, stride 1, and no padding, what is the convolution output width?",The output width is (10 - 3 + 0) / 1 + 1 = 8.,Lecture 5 convolution output formula,10;3;stride 1;8,no,answer,V0_baseline_single_call,"For a 10x10 input with a 3x3 filter applied using stride 1 without any padding, the output width can be calculated as follows:

- The formula to determine the output dimensions for a 2D convolution operation is: (W - F + 2P) / S + 1
- Where W = Width of the input, F = Filter size, P = Padding, and S = Stride.
- Given that there's no padding (P=0), the formula simplifies to: (W - F + 1) / S + 1

For a 10x10 input with a 3x3 filter:
- W = 10
- F = 3
- P = 0
- S = 1

Substituting these values into the formula gives: (10 - 3 + 1) / 1 + 1 = 8 + 1 = 9.

Therefore, the output width is 9.",,,ollama,qwen2.5:3b,6.487218334004865,1,102,146,,1.0,0.5,0,,,auto-score; manually sanity-check before final submission
B040,calculation_formula,L5,"For a 10x10 input, 3x3 filter, stride 1, and no padding, what is the convolution output width?",The output width is (10 - 3 + 0) / 1 + 1 = 8.,Lecture 5 convolution output formula,10;3;stride 1;8,no,answer,V1_retrieval_only,"The convolution output width for a 10x10 input, 3x3 filter, and stride 1 without padding is 8.

Key Course Terms: Convolution Layer (Spatial View), Output Width

Formula Used: Without padding ((N - F) / stride + 1)

Calculation:
For N = 10, F = 3, stride = 1
Output width = (10 - 3) / 1 + 1 = 8

Evidence: [Evidence 1], [Evidence 4]",3a32e9fa004b;1c812e6c31a0;4f91948b1ae8;3df5d47c4c25;d7ba3e9c7f23,"Lecture 5.pdf, page 40, chunk 3a32e9fa004b;Lecture 5.pdf, page 36, chunk 1c812e6c31a0;Lecture 5.pdf, page 39, chunk 4f91948b1ae8;Lecture 5.pdf, page 41, chunk 3df5d47c4c25;Lecture 5.pdf, page 32, chunk d7ba3e9c7f23",ollama,qwen2.5:3b,4.582884457995533,1,582,83,,1.0,1.0,1,,,auto-score; manually sanity-check before final submission
B040,calculation_formula,L5,"For a 10x10 input, 3x3 filter, stride 1, and no padding, what is the convolution output width?",The output width is (10 - 3 + 0) / 1 + 1 = 8.,Lecture 5 convolution output formula,10;3;stride 1;8,no,answer,V2_router_rewrite_retrieval,"The convolution output width for a 10x10 input, 3x3 filter, and stride 1 with no padding is 8.

Key Course Terms: Convolution Layer, Output Size

Formula Used:
\[ \text{Output Width} = N - F + 1 \]
where \(N\) is the input width (10), and \(F\) is the filter size (3).

Substitution:
\[ \text{Output Width} = 10 - 3 + 1 = 8 \]

Evidence: [Evidence 1], [Evidence 2]",3a32e9fa004b;cf6d61794e98;0d24f3d911af;1c812e6c31a0;4f91948b1ae8,"Lecture 5.pdf, page 40, chunk 3a32e9fa004b;Lecture 5.pdf, page 38, chunk cf6d61794e98;Lecture 5.pdf, page 37, chunk 0d24f3d911af;Lecture 5.pdf, page 36, chunk 1c812e6c31a0;Lecture 5.pdf, page 39, chunk 4f91948b1ae8",ollama,qwen2.5:3b,6.91752262400405,2,746,143,"route={'in_scope': 'yes', 'question_type': 'calculation', 'lecture_topic': 'convolutional_layers_and_filters', 'search_query': 'Lecture 5 convolution output size parameters For a 10x10 input, 3x3 filter, stride 1, and no padding, what is the convolution output width?'}",1.0,1.0,1,,,auto-score; manually sanity-check before final submission
B040,calculation_formula,L5,"For a 10x10 input, 3x3 filter, stride 1, and no padding, what is the convolution output width?",The output width is (10 - 3 + 0) / 1 + 1 = 8.,Lecture 5 convolution output formula,10;3;stride 1;8,no,answer,V3_retrieval_verifier,"The convolution output width is (10 - 3 + 2*0) / 1 + 1 = 8.

Evidence: Evidence 1; Evidence 2; Evidence 3",3a32e9fa004b;1c812e6c31a0;4f91948b1ae8;3df5d47c4c25;d7ba3e9c7f23,"Lecture 5.pdf, page 40, chunk 3a32e9fa004b;Lecture 5.pdf, page 36, chunk 1c812e6c31a0;Lecture 5.pdf, page 39, chunk 4f91948b1ae8;Lecture 5.pdf, page 41, chunk 3df5d47c4c25;Lecture 5.pdf, page 32, chunk d7ba3e9c7f23",ollama,qwen2.5:3b,4.582884457995533,1,582,83,draft_then_calculation_guard,1.0,1.0,1,,,auto-score; manually sanity-check before final submission
B040,calculation_formula,L5,"For a 10x10 input, 3x3 filter, stride 1, and no padding, what is the convolution output width?",The output width is (10 - 3 + 0) / 1 + 1 = 8.,Lecture 5 convolution output formula,10;3;stride 1;8,no,answer,V4_full_router_retrieval_verifier,"The convolution output width is (10 - 3 + 2*0) / 1 + 1 = 8.

Evidence: Evidence 1; Evidence 2; Evidence 3",3a32e9fa004b;cf6d61794e98;0d24f3d911af;1c812e6c31a0;4f91948b1ae8,"Lecture 5.pdf, page 40, chunk 3a32e9fa004b;Lecture 5.pdf, page 38, chunk cf6d61794e98;Lecture 5.pdf, page 37, chunk 0d24f3d911af;Lecture 5.pdf, page 36, chunk 1c812e6c31a0;Lecture 5.pdf, page 39, chunk 4f91948b1ae8",ollama,qwen2.5:3b,6.91752262400405,2,746,143,"draft_then_calculation_guard;route={""in_scope"": ""yes"", ""question_type"": ""calculation"", ""lecture_topic"": ""convolutional_layers_and_filters"", ""search_query"": ""Lecture 5 convolution output size parameters For a 10x10 input, 3x3 filter, stride 1, and no padding, what is the convolution output width?""}",1.0,1.0,1,,,auto-score; manually sanity-check before final submission
B040,calculation_formula,L5,"For a 10x10 input, 3x3 filter, stride 1, and no padding, what is the convolution output width?",The output width is (10 - 3 + 0) / 1 + 1 = 8.,Lecture 5 convolution output formula,10;3;stride 1;8,no,answer,A1_full_without_router,"The convolution output width is (10 - 3 + 2*0) / 1 + 1 = 8.

Evidence: Evidence 1; Evidence 2; Evidence 3",3a32e9fa004b;cf6d61794e98;0d24f3d911af;1c812e6c31a0;4f91948b1ae8,"Lecture 5.pdf, page 40, chunk 3a32e9fa004b;Lecture 5.pdf, page 38, chunk cf6d61794e98;Lecture 5.pdf, page 37, chunk 0d24f3d911af;Lecture 5.pdf, page 36, chunk 1c812e6c31a0;Lecture 5.pdf, page 39, chunk 4f91948b1ae8",ollama,qwen2.5:3b,4.919567416000064,1,580,91,"draft_then_calculation_guard;route={""in_scope"": ""yes"", ""question_type"": ""concept"", ""lecture_topic"": ""Lecture 5 convolution output size parameters"", ""search_query"": ""Lecture 5 convolution output size parameters For a 10x10 input, 3x3 filter, stride 1, and no padding, what is the convolution output width?""}",1.0,1.0,1,,,auto-score; manually sanity-check before final submission
B040,calculation_formula,L5,"For a 10x10 input, 3x3 filter, stride 1, and no padding, what is the convolution output width?",The output width is (10 - 3 + 0) / 1 + 1 = 8.,Lecture 5 convolution output formula,10;3;stride 1;8,no,answer,A2_full_without_verifier,"The convolution output width for a 10x10 input, 3x3 filter, and stride 1 with no padding is 8.

Key Course Terms: Convolution Layer, Output Size

Formula Used:
\[ \text{Output Width} = N - F + 1 \]
where \(N\) is the input width (10), and \(F\) is the filter size (3).

Substitution:
\[ \text{Output Width} = 10 - 3 + 1 = 8 \]

Evidence: [Evidence 1], [Evidence 2]",3a32e9fa004b;cf6d61794e98;0d24f3d911af;1c812e6c31a0;4f91948b1ae8,"Lecture 5.pdf, page 40, chunk 3a32e9fa004b;Lecture 5.pdf, page 38, chunk cf6d61794e98;Lecture 5.pdf, page 37, chunk 0d24f3d911af;Lecture 5.pdf, page 36, chunk 1c812e6c31a0;Lecture 5.pdf, page 39, chunk 4f91948b1ae8",ollama,qwen2.5:3b,6.91752262400405,2,746,143,"route={""in_scope"": ""yes"", ""question_type"": ""calculation"", ""lecture_topic"": ""convolutional_layers_and_filters"", ""search_query"": ""Lecture 5 convolution output size parameters For a 10x10 input, 3x3 filter, stride 1, and no padding, what is the convolution output width?""}",1.0,1.0,1,,,auto-score; manually sanity-check before final submission
B040,calculation_formula,L5,"For a 10x10 input, 3x3 filter, stride 1, and no padding, what is the convolution output width?",The output width is (10 - 3 + 0) / 1 + 1 = 8.,Lecture 5 convolution output formula,10;3;stride 1;8,no,answer,A3_full_topk2,"The convolution output width is (10 - 3 + 2*0) / 1 + 1 = 8.

Evidence: Evidence 1; Evidence 2",3a32e9fa004b;cf6d61794e98,"Lecture 5.pdf, page 40, chunk 3a32e9fa004b;Lecture 5.pdf, page 38, chunk cf6d61794e98",ollama,qwen2.5:3b,5.522200998995686,2,562,139,"draft_then_calculation_guard;route={""in_scope"": ""yes"", ""question_type"": ""calculation"", ""lecture_topic"": ""convolutional_layers_and_filters"", ""search_query"": ""Lecture 5 convolution output size parameters For a 10x10 input, 3x3 filter, stride 1, and no padding, what is the convolution output width?""}",1.0,1.0,1,,,auto-score; manually sanity-check before final submission
B040,calculation_formula,L5,"For a 10x10 input, 3x3 filter, stride 1, and no padding, what is the convolution output width?",The output width is (10 - 3 + 0) / 1 + 1 = 8.,Lecture 5 convolution output formula,10;3;stride 1;8,no,answer,A4_full_without_calculation_guard,"The convolution output width for a 10x10 input, 3x3 filter, and stride 1 with no padding is 8.

Key Course Terms: Convolution Layer, Output Size

Formula Used:
\[ \text{Output Width} = N - F + 1 \]
where \(N\) is the input width (10), and \(F\) is the filter size (3).

Substitution:
\[ \text{Output Width} = 10 - 3 + 1 = 8 \]

Evidence: [Evidence 1], [Evidence 2]",3a32e9fa004b;cf6d61794e98;0d24f3d911af;1c812e6c31a0;4f91948b1ae8,"Lecture 5.pdf, page 40, chunk 3a32e9fa004b;Lecture 5.pdf, page 38, chunk cf6d61794e98;Lecture 5.pdf, page 37, chunk 0d24f3d911af;Lecture 5.pdf, page 36, chunk 1c812e6c31a0;Lecture 5.pdf, page 39, chunk 4f91948b1ae8",ollama,qwen2.5:3b,11.613476958009414,3,1576,226,"draft_then_verifier_rejected_overcorrection;route={""in_scope"": ""yes"", ""question_type"": ""calculation"", ""lecture_topic"": ""convolutional_layers_and_filters"", ""search_query"": ""Lecture 5 convolution output size parameters For a 10x10 input, 3x3 filter, stride 1, and no padding, what is the convolution output width?""}",1.0,1.0,1,,,auto-score; manually sanity-check before final submission
B041,calculation_formula,L6,"If dropout probability is high, what training effect is it trying to create?",It disables many units during training to regularize the model and reduce co-adaptation or overfitting.,Lecture 6 dropout,disables units;training;regularize;overfitting,no,answer,V0_baseline_single_call,"When the dropout probability is high during training for a neural network model in COMP5541, it aims to simulate the process of having many different models (each with its own randomly dropped neurons) contributing to the final decision. This technique, known as Dropout, helps mitigate overfitting by forcing the network to learn more robust features that are not overly dependent on any single neuron or feature set. Therefore, a high dropout probability encourages the model to create multiple training effects such as increased generalization and reduced reliance on specific neurons or connections within the network.",,,ollama,qwen2.5:3b,3.4549178750021383,1,98,155,,0.5,0.5,0,,,auto-score; manually sanity-check before final submission
B041,calculation_formula,L6,"If dropout probability is high, what training effect is it trying to create?",It disables many units during training to regularize the model and reduce co-adaptation or overfitting.,Lecture 6 dropout,disables units;training;regularize;overfitting,no,answer,V1_retrieval_only,"Direct Answer: High dropout probability is trying to create an effect of training a large ensemble of models.

Key Course Terms:
- Dropout

Mechanism:
During the forward pass, some neurons are randomly masked with a probability p (commonly set at 0.5) and their outputs are set to zero. This process is repeated for each neuron in every layer during training. At test time, all neurons are turned on by scaling their activations by multiplying them by the dropout probability p.

Caveat:
This technique helps prevent overfitting by creating a more robust model that generalizes better to unseen data.

Evidence: [1], [4]",b9245d40c35a;16b9cd76a26a;19776bf38722;f872dfbf1a4e;8a3b25d76790,"Lecture 6(2).pdf, page 67, chunk b9245d40c35a;Lecture 6(2).pdf, page 70, chunk 16b9cd76a26a;Lecture 7(1).pdf, page 58, chunk 19776bf38722;Lecture 6(2).pdf, page 66, chunk f872dfbf1a4e;Lecture 6(2).pdf, page 68, chunk 8a3b25d76790",ollama,qwen2.5:3b,5.04701345799549,1,653,155,,0.5,1.0,1,,,auto-score; manually sanity-check before final submission
B041,calculation_formula,L6,"If dropout probability is high, what training effect is it trying to create?",It disables many units during training to regularize the model and reduce co-adaptation or overfitting.,Lecture 6 dropout,disables units;training;regularize;overfitting,no,answer,V2_router_rewrite_retrieval,"The training effect of high dropout probability is creating regularization, which helps prevent overfitting in neural networks.

Key Course Terms:
- Regularization

Mechanism:
- Dropout randomly masks some neurons' output to zero with a probability p during train time. At test time, the activations are scaled by multiplying them by the dropout probability p, such that the output at test time equals the expected output at training time.

Caveat:
- Only ~ 1082 atoms in the universe... (from Evidence 4) suggests the number of possible masks is astronomically large, implying a vast ensemble of models being trained simultaneously.

Evidence: [Evidence 1], [Evidence 3]",8a3b25d76790;19776bf38722;b9245d40c35a;16b9cd76a26a;4bf6e1adeaf0,"Lecture 6(2).pdf, page 68, chunk 8a3b25d76790;Lecture 7(1).pdf, page 58, chunk 19776bf38722;Lecture 6(2).pdf, page 67, chunk b9245d40c35a;Lecture 6(2).pdf, page 70, chunk 16b9cd76a26a;Lecture 6(2).pdf, page 69, chunk 4bf6e1adeaf0",ollama,qwen2.5:3b,6.785642667018692,2,825,212,"route={'in_scope': 'yes', 'question_type': 'concept', 'lecture_topic': 'Regularization Techniques in Deep Learning', 'search_query': 'Lecture 6 regularization dropout If dropout probability is high, what training effect is it trying to create?'}",0.5,1.0,1,,,auto-score; manually sanity-check before final submission
B041,calculation_formula,L6,"If dropout probability is high, what training effect is it trying to create?",It disables many units during training to regularize the model and reduce co-adaptation or overfitting.,Lecture 6 dropout,disables units;training;regularize;overfitting,no,answer,V3_retrieval_verifier,"Direct Answer: High dropout probability is trying to create an effect of training a large ensemble of models.

Key Course Terms:
- Dropout

Mechanism:
During the forward pass, some neurons are randomly masked with a probability p (commonly set at 0.5) and their outputs are set to zero. This process is repeated for each neuron in every layer during training. At test time, all neurons are turned on by scaling their activations by multiplying them by the dropout probability p.

Caveat:
This technique helps prevent overfitting by creating a more robust model that generalizes better to unseen data.

Evidence: [1], [4]",b9245d40c35a;16b9cd76a26a;19776bf38722;f872dfbf1a4e;8a3b25d76790,"Lecture 6(2).pdf, page 67, chunk b9245d40c35a;Lecture 6(2).pdf, page 70, chunk 16b9cd76a26a;Lecture 7(1).pdf, page 58, chunk 19776bf38722;Lecture 6(2).pdf, page 66, chunk f872dfbf1a4e;Lecture 6(2).pdf, page 68, chunk 8a3b25d76790",ollama,qwen2.5:3b,8.960909582994645,2,1611,273,draft_then_verifier_rejected_overcorrection,0.5,1.0,1,,,auto-score; manually sanity-check before final submission
B041,calculation_formula,L6,"If dropout probability is high, what training effect is it trying to create?",It disables many units during training to regularize the model and reduce co-adaptation or overfitting.,Lecture 6 dropout,disables units;training;regularize;overfitting,no,answer,V4_full_router_retrieval_verifier,"The training effect of high dropout probability is creating regularization, which helps prevent overfitting in neural networks.

Key Course Terms:
- Regularization

Mechanism:
- Dropout randomly masks some neurons' output to zero with a probability p during train time. At test time, the activations are scaled by multiplying them by the dropout probability p, such that the output at test time equals the expected output at training time.

Caveat:
- Only ~ 1082 atoms in the universe... (from Evidence 4) suggests the number of possible masks is astronomically large, implying a vast ensemble of models being trained simultaneously.

Evidence: [Evidence 1], [Evidence 3]",8a3b25d76790;19776bf38722;b9245d40c35a;16b9cd76a26a;4bf6e1adeaf0,"Lecture 6(2).pdf, page 68, chunk 8a3b25d76790;Lecture 7(1).pdf, page 58, chunk 19776bf38722;Lecture 6(2).pdf, page 67, chunk b9245d40c35a;Lecture 6(2).pdf, page 70, chunk 16b9cd76a26a;Lecture 6(2).pdf, page 69, chunk 4bf6e1adeaf0",ollama,qwen2.5:3b,12.480084875016471,3,1808,384,"draft_then_verifier_rejected_overcorrection;route={""in_scope"": ""yes"", ""question_type"": ""concept"", ""lecture_topic"": ""Regularization Techniques in Deep Learning"", ""search_query"": ""Lecture 6 regularization dropout If dropout probability is high, what training effect is it trying to create?""}",0.5,1.0,1,,,auto-score; manually sanity-check before final submission
B041,calculation_formula,L6,"If dropout probability is high, what training effect is it trying to create?",It disables many units during training to regularize the model and reduce co-adaptation or overfitting.,Lecture 6 dropout,disables units;training;regularize;overfitting,no,answer,A1_full_without_router,"The training effect of high dropout probability is creating regularization, which helps prevent overfitting in neural networks.

Key Course Terms:
- Regularization

Mechanism:
- Dropout randomly masks some neurons' output to zero with a probability p during train time. At test time, the activations are scaled by multiplying them by the dropout probability p, such that the output at test time equals the expected output at training time.

Caveat:
- Only ~ 1082 atoms in the universe... (from Evidence 4) suggests the number of possible masks is astronomically large, implying a vast ensemble of models being trained simultaneously.

Evidence: [Evidence 1], [Evidence 3]",8a3b25d76790;19776bf38722;b9245d40c35a;16b9cd76a26a;4bf6e1adeaf0,"Lecture 6(2).pdf, page 68, chunk 8a3b25d76790;Lecture 7(1).pdf, page 58, chunk 19776bf38722;Lecture 6(2).pdf, page 67, chunk b9245d40c35a;Lecture 6(2).pdf, page 70, chunk 16b9cd76a26a;Lecture 6(2).pdf, page 69, chunk 4bf6e1adeaf0",ollama,qwen2.5:3b,11.124008625003626,2,1644,341,"draft_then_verifier_rejected_overcorrection;route={""in_scope"": ""yes"", ""question_type"": ""concept"", ""lecture_topic"": ""Lecture 6 regularization dropout"", ""search_query"": ""Lecture 6 regularization dropout If dropout probability is high, what training effect is it trying to create?""}",0.5,1.0,1,,,auto-score; manually sanity-check before final submission
B041,calculation_formula,L6,"If dropout probability is high, what training effect is it trying to create?",It disables many units during training to regularize the model and reduce co-adaptation or overfitting.,Lecture 6 dropout,disables units;training;regularize;overfitting,no,answer,A2_full_without_verifier,"The training effect of high dropout probability is creating regularization, which helps prevent overfitting in neural networks.

Key Course Terms:
- Regularization

Mechanism:
- Dropout randomly masks some neurons' output to zero with a probability p during train time. At test time, the activations are scaled by multiplying them by the dropout probability p, such that the output at test time equals the expected output at training time.

Caveat:
- Only ~ 1082 atoms in the universe... (from Evidence 4) suggests the number of possible masks is astronomically large, implying a vast ensemble of models being trained simultaneously.

Evidence: [Evidence 1], [Evidence 3]",8a3b25d76790;19776bf38722;b9245d40c35a;16b9cd76a26a;4bf6e1adeaf0,"Lecture 6(2).pdf, page 68, chunk 8a3b25d76790;Lecture 7(1).pdf, page 58, chunk 19776bf38722;Lecture 6(2).pdf, page 67, chunk b9245d40c35a;Lecture 6(2).pdf, page 70, chunk 16b9cd76a26a;Lecture 6(2).pdf, page 69, chunk 4bf6e1adeaf0",ollama,qwen2.5:3b,6.785642667018692,2,825,212,"route={""in_scope"": ""yes"", ""question_type"": ""concept"", ""lecture_topic"": ""Regularization Techniques in Deep Learning"", ""search_query"": ""Lecture 6 regularization dropout If dropout probability is high, what training effect is it trying to create?""}",0.5,1.0,1,,,auto-score; manually sanity-check before final submission
B041,calculation_formula,L6,"If dropout probability is high, what training effect is it trying to create?",It disables many units during training to regularize the model and reduce co-adaptation or overfitting.,Lecture 6 dropout,disables units;training;regularize;overfitting,no,answer,A3_full_topk2,"Direct Answer: High dropout probability aims to create an effect of data augmentation during training, effectively creating multiple ""virtual"" networks within the same model.

Key Course Terms:
- Data Augmentation

Mechanism:
By randomly setting a fraction of input units to 0 at each update during training time (dropout), one forces the network to learn more robust features that are not overly dependent on any single input unit. This process is akin to creating multiple versions of the same model, each trained with different subsets of data.

Formula/Caveat:
Not applicable for this question as it deals with a conceptual effect rather than a mathematical formula or specific computational step.

Evidence: [Evidence 1], [Evidence 2]",8a3b25d76790;19776bf38722,"Lecture 6(2).pdf, page 68, chunk 8a3b25d76790;Lecture 7(1).pdf, page 58, chunk 19776bf38722",ollama,qwen2.5:3b,11.620302041003017,3,1231,416,"draft_then_verifier_rejected_overcorrection;route={""in_scope"": ""yes"", ""question_type"": ""concept"", ""lecture_topic"": ""Regularization Techniques in Deep Learning"", ""search_query"": ""Lecture 6 regularization dropout If dropout probability is high, what training effect is it trying to create?""}",0.0,1.0,1,,,auto-score; manually sanity-check before final submission
B041,calculation_formula,L6,"If dropout probability is high, what training effect is it trying to create?",It disables many units during training to regularize the model and reduce co-adaptation or overfitting.,Lecture 6 dropout,disables units;training;regularize;overfitting,no,answer,A4_full_without_calculation_guard,"The training effect of high dropout probability is creating regularization, which helps prevent overfitting in neural networks.

Key Course Terms:
- Regularization

Mechanism:
- Dropout randomly masks some neurons' output to zero with a probability p during train time. At test time, the activations are scaled by multiplying them by the dropout probability p, such that the output at test time equals the expected output at training time.

Caveat:
- Only ~ 1082 atoms in the universe... (from Evidence 4) suggests the number of possible masks is astronomically large, implying a vast ensemble of models being trained simultaneously.

Evidence: [Evidence 1], [Evidence 3]",8a3b25d76790;19776bf38722;b9245d40c35a;16b9cd76a26a;4bf6e1adeaf0,"Lecture 6(2).pdf, page 68, chunk 8a3b25d76790;Lecture 7(1).pdf, page 58, chunk 19776bf38722;Lecture 6(2).pdf, page 67, chunk b9245d40c35a;Lecture 6(2).pdf, page 70, chunk 16b9cd76a26a;Lecture 6(2).pdf, page 69, chunk 4bf6e1adeaf0",ollama,qwen2.5:3b,12.480084875016471,3,1808,384,"draft_then_verifier_rejected_overcorrection;route={""in_scope"": ""yes"", ""question_type"": ""concept"", ""lecture_topic"": ""Regularization Techniques in Deep Learning"", ""search_query"": ""Lecture 6 regularization dropout If dropout probability is high, what training effect is it trying to create?""}",0.5,1.0,1,,,auto-score; manually sanity-check before final submission
B042,calculation_formula,L7,"In an RNN, if the same recurrence is applied at each time step, what does parameter sharing mean?",The same parameter set is reused across time steps rather than learning separate parameters for each position.,Lecture 7 RNN sharing,same parameter set;reused;time steps,no,answer,V0_baseline_single_call,"In an RNN (Recurrent Neural Network), if the same recurrence is applied at each time step and parameters are shared across these recurrences, it means that the weights of the network are reused for processing different inputs or sequences. This concept is known as parameter sharing in recurrent neural networks.

[COMP5541-E03]",,,ollama,qwen2.5:3b,2.1816965420002816,1,103,82,,0.0,0.5,0,,,auto-score; manually sanity-check before final submission
B042,calculation_formula,L7,"In an RNN, if the same recurrence is applied at each time step, what does parameter sharing mean?",The same parameter set is reused across time steps rather than learning separate parameters for each position.,Lecture 7 RNN sharing,same parameter set;reused;time steps,no,answer,V1_retrieval_only,"Direct Answer: Parameter sharing means that the same set of parameters W are used at every time step in the recurrence formula.

Key Terms:
- Recurrence formula
- Parameters W

Explanation:
The provided evidence indicates that in an RNN, a single function 𝑓! with the same set of parameters W is applied at each time step. This demonstrates parameter sharing across all time steps, as the same weights are used to compute the state ℎ""#$ for every input vector 𝑥! at different times.

Evidence:
[Evidence 1], [Evidence 2], [Evidence 3], [Evidence 4], [Evidence 5]",ec60693a5da1;34c85479f2e8;17e20a051678;647e026f54e3;d7d7edb281b1,"Lecture 7(1).pdf, page 8, chunk ec60693a5da1;Lecture 7(1).pdf, page 18, chunk 34c85479f2e8;Lecture 7(1).pdf, page 29, chunk 17e20a051678;Lecture 7(1).pdf, page 30, chunk 647e026f54e3;Lecture 7(1).pdf, page 31, chunk d7d7edb281b1",ollama,qwen2.5:3b,5.180183292002766,1,639,140,,0.5,1.0,1,,,auto-score; manually sanity-check before final submission
B042,calculation_formula,L7,"In an RNN, if the same recurrence is applied at each time step, what does parameter sharing mean?",The same parameter set is reused across time steps rather than learning separate parameters for each position.,Lecture 7 RNN sharing,same parameter set;reused;time steps,no,answer,V2_router_rewrite_retrieval,"Direct Answer: Parameter sharing in an RNN means that the same set of parameters, such as weights (W), are used at every time step to update the hidden state.

Key Terms:
- Recurrent Neural Network (RNN)
- Vanilla RNN

Caveat:
The recurrence is applied at each time step using a shared function 𝑓! and the same set of parameters W.",ec60693a5da1;d51e1f8f461c;9bafece4e6fe;997dab2dd7fa;5a9de5430977,"Lecture 7(1).pdf, page 8, chunk ec60693a5da1;Lecture 7(1).pdf, page 7, chunk d51e1f8f461c;Lecture 9 .pdf, page 8, chunk 9bafece4e6fe;Lecture 7(1).pdf, page 10, chunk 997dab2dd7fa;Lecture 7(1).pdf, page 9, chunk 5a9de5430977",ollama,qwen2.5:3b,5.2313229180144845,2,820,130,"route={'in_scope': 'yes', 'question_type': 'concept', 'lecture_topic': 'Recurrent Neural Networks (RNN) and their operations', 'search_query': 'Lecture 7 recurrent neural network In an RNN, if the same recurrence is applied at each time step, what does parameter sharing mean?'}",0.0,0.5,1,,,auto-score; manually sanity-check before final submission
B042,calculation_formula,L7,"In an RNN, if the same recurrence is applied at each time step, what does parameter sharing mean?",The same parameter set is reused across time steps rather than learning separate parameters for each position.,Lecture 7 RNN sharing,same parameter set;reused;time steps,no,answer,V3_retrieval_verifier,"Direct Answer: Parameter sharing means that the same set of parameters W are used at every time step in the recurrence formula.

Key Terms:
- Recurrence formula
- Parameters W

Explanation:
The provided evidence indicates that in an RNN, a single function 𝑓! with the same set of parameters W is applied at each time step. This demonstrates parameter sharing across all time steps, as the same weights are used to compute the state ℎ""#$ for every input vector 𝑥! at different times.

Evidence:
[Evidence 1], [Evidence 2], [Evidence 3], [Evidence 4], [Evidence 5]",ec60693a5da1;34c85479f2e8;17e20a051678;647e026f54e3;d7d7edb281b1,"Lecture 7(1).pdf, page 8, chunk ec60693a5da1;Lecture 7(1).pdf, page 18, chunk 34c85479f2e8;Lecture 7(1).pdf, page 29, chunk 17e20a051678;Lecture 7(1).pdf, page 30, chunk 647e026f54e3;Lecture 7(1).pdf, page 31, chunk d7d7edb281b1",ollama,qwen2.5:3b,9.38984150000033,2,1576,232,draft_then_verifier_rejected_overcorrection,0.5,1.0,1,,,auto-score; manually sanity-check before final submission
B042,calculation_formula,L7,"In an RNN, if the same recurrence is applied at each time step, what does parameter sharing mean?",The same parameter set is reused across time steps rather than learning separate parameters for each position.,Lecture 7 RNN sharing,same parameter set;reused;time steps,no,answer,V4_full_router_retrieval_verifier,"Direct Answer: Parameter sharing in an RNN means that the same set of parameters, such as weights (W), are used at every time step to update the hidden state.

Key Terms:
- Recurrent Neural Network (RNN)
- Vanilla RNN

Caveat:
The recurrence is applied at each time step using a shared function 𝑓! and the same set of parameters W.",ec60693a5da1;d51e1f8f461c;9bafece4e6fe;997dab2dd7fa;5a9de5430977,"Lecture 7(1).pdf, page 8, chunk ec60693a5da1;Lecture 7(1).pdf, page 7, chunk d51e1f8f461c;Lecture 9 .pdf, page 8, chunk 9bafece4e6fe;Lecture 7(1).pdf, page 10, chunk 997dab2dd7fa;Lecture 7(1).pdf, page 9, chunk 5a9de5430977",ollama,qwen2.5:3b,8.495869043006678,3,1716,192,"draft_then_verifier_rejected_overcorrection;route={""in_scope"": ""yes"", ""question_type"": ""concept"", ""lecture_topic"": ""Recurrent Neural Networks (RNN) and their operations"", ""search_query"": ""Lecture 7 recurrent neural network In an RNN, if the same recurrence is applied at each time step, what does parameter sharing mean?""}",0.0,0.5,1,,,auto-score; manually sanity-check before final submission
B042,calculation_formula,L7,"In an RNN, if the same recurrence is applied at each time step, what does parameter sharing mean?",The same parameter set is reused across time steps rather than learning separate parameters for each position.,Lecture 7 RNN sharing,same parameter set;reused;time steps,no,answer,A1_full_without_router,"Direct Answer: Parameter sharing in an RNN means that the same set of parameters, such as weights (W), are used at every time step to update the hidden state.

Key Terms:
- Recurrent Neural Network (RNN)
- Vanilla RNN

Caveat:
The recurrence is applied at each time step using a shared function 𝑓! and the same set of parameters W.",ec60693a5da1;d51e1f8f461c;9bafece4e6fe;997dab2dd7fa;5a9de5430977,"Lecture 7(1).pdf, page 8, chunk ec60693a5da1;Lecture 7(1).pdf, page 7, chunk d51e1f8f461c;Lecture 9 .pdf, page 8, chunk 9bafece4e6fe;Lecture 7(1).pdf, page 10, chunk 997dab2dd7fa;Lecture 7(1).pdf, page 9, chunk 5a9de5430977",ollama,qwen2.5:3b,6.746227709008963,2,1546,144,"draft_then_verifier_rejected_overcorrection;route={""in_scope"": ""yes"", ""question_type"": ""calculation"", ""lecture_topic"": ""Lecture 7 recurrent neural network"", ""search_query"": ""Lecture 7 recurrent neural network In an RNN, if the same recurrence is applied at each time step, what does parameter sharing mean?""}",0.0,0.5,1,,,auto-score; manually sanity-check before final submission
B042,calculation_formula,L7,"In an RNN, if the same recurrence is applied at each time step, what does parameter sharing mean?",The same parameter set is reused across time steps rather than learning separate parameters for each position.,Lecture 7 RNN sharing,same parameter set;reused;time steps,no,answer,A2_full_without_verifier,"Direct Answer: Parameter sharing in an RNN means that the same set of parameters, such as weights (W), are used at every time step to update the hidden state.

Key Terms:
- Recurrent Neural Network (RNN)
- Vanilla RNN

Caveat:
The recurrence is applied at each time step using a shared function 𝑓! and the same set of parameters W.",ec60693a5da1;d51e1f8f461c;9bafece4e6fe;997dab2dd7fa;5a9de5430977,"Lecture 7(1).pdf, page 8, chunk ec60693a5da1;Lecture 7(1).pdf, page 7, chunk d51e1f8f461c;Lecture 9 .pdf, page 8, chunk 9bafece4e6fe;Lecture 7(1).pdf, page 10, chunk 997dab2dd7fa;Lecture 7(1).pdf, page 9, chunk 5a9de5430977",ollama,qwen2.5:3b,5.2313229180144845,2,820,130,"route={""in_scope"": ""yes"", ""question_type"": ""concept"", ""lecture_topic"": ""Recurrent Neural Networks (RNN) and their operations"", ""search_query"": ""Lecture 7 recurrent neural network In an RNN, if the same recurrence is applied at each time step, what does parameter sharing mean?""}",0.0,0.5,1,,,auto-score; manually sanity-check before final submission
B042,calculation_formula,L7,"In an RNN, if the same recurrence is applied at each time step, what does parameter sharing mean?",The same parameter set is reused across time steps rather than learning separate parameters for each position.,Lecture 7 RNN sharing,same parameter set;reused;time steps,no,answer,A3_full_topk2,"Direct Answer: Parameter sharing in this context means using the same function 𝑓! with the same set of parameters W at every time step.

Key Course Terms:
Recurrent Neural Network (RNN)
Function 𝑓!
Parameters W

Evidence:
[Evidence 1]
[Evidence 2]",ec60693a5da1;d51e1f8f461c,"Lecture 7(1).pdf, page 8, chunk ec60693a5da1;Lecture 7(1).pdf, page 7, chunk d51e1f8f461c",ollama,qwen2.5:3b,7.181392376005533,3,1262,177,"draft_then_verifier_rejected_overcorrection;route={""in_scope"": ""yes"", ""question_type"": ""concept"", ""lecture_topic"": ""Recurrent Neural Networks (RNN) and their operations"", ""search_query"": ""Lecture 7 recurrent neural network In an RNN, if the same recurrence is applied at each time step, what does parameter sharing mean?""}",0.0,1.0,1,,,auto-score; manually sanity-check before final submission
B042,calculation_formula,L7,"In an RNN, if the same recurrence is applied at each time step, what does parameter sharing mean?",The same parameter set is reused across time steps rather than learning separate parameters for each position.,Lecture 7 RNN sharing,same parameter set;reused;time steps,no,answer,A4_full_without_calculation_guard,"Direct Answer: Parameter sharing in an RNN means that the same set of parameters, such as weights (W), are used at every time step to update the hidden state.

Key Terms:
- Recurrent Neural Network (RNN)
- Vanilla RNN

Caveat:
The recurrence is applied at each time step using a shared function 𝑓! and the same set of parameters W.",ec60693a5da1;d51e1f8f461c;9bafece4e6fe;997dab2dd7fa;5a9de5430977,"Lecture 7(1).pdf, page 8, chunk ec60693a5da1;Lecture 7(1).pdf, page 7, chunk d51e1f8f461c;Lecture 9 .pdf, page 8, chunk 9bafece4e6fe;Lecture 7(1).pdf, page 10, chunk 997dab2dd7fa;Lecture 7(1).pdf, page 9, chunk 5a9de5430977",ollama,qwen2.5:3b,8.495869043006678,3,1716,192,"draft_then_verifier_rejected_overcorrection;route={""in_scope"": ""yes"", ""question_type"": ""concept"", ""lecture_topic"": ""Recurrent Neural Networks (RNN) and their operations"", ""search_query"": ""Lecture 7 recurrent neural network In an RNN, if the same recurrence is applied at each time step, what does parameter sharing mean?""}",0.0,0.5,1,,,auto-score; manually sanity-check before final submission
B043,calculation_formula,L8,"In attention, if weights a_i are applied to vectors x_i, what is the context vector formula?",The context vector is the weighted sum c = sum_i a_i x_i.,Lecture 8 attention formula,weighted sum;attention weights;input vectors,no,answer,V0_baseline_single_call,"The context vector formula when weights \(a_i\) are applied to vectors \(x_i\) in the context of attention mechanisms can be represented as follows:

\[ c = \sum_{i} a_i x_i \]

Where:
- \(c\) represents the context vector.
- \(a_i\) are the weights, which could be learned parameters or computed based on some similarity measure between query and key vectors.
- \(x_i\) are the input vectors.

This formula sums up all weighted input vectors to produce the final context vector. The exact computation of weights \(a_i\) depends on the specific attention mechanism being used (e.g., dot-product, scaled-dot product, etc.).",,,ollama,qwen2.5:3b,4.393804959006957,1,102,155,,1.0,0.5,0,,,auto-score; manually sanity-check before final submission
B043,calculation_formula,L8,"In attention, if weights a_i are applied to vectors x_i, what is the context vector formula?",The context vector is the weighted sum c = sum_i a_i x_i.,Lecture 8 attention formula,weighted sum;attention weights;input vectors,no,answer,V1_retrieval_only,"The context vector formula involves applying weights to input vectors and then summing them up.

Key Course Terms: Attention mechanism, query vectors, key vectors, value vectors

Formula:
\[ c = \sum_{i} a_i x_i \]

Where \(a_i\) are the attention weights computed as:
\[ e_i = q_i \cdot k_i / \sqrt{D} \]
\[ a_i = softmax(e_i) \]

Inputs: Input vectors \(x\), Query vectors \(q\), Key vectors \(k\)

Key Course Caves: The exact formula can vary depending on the specific implementation of attention, such as self-attention or cross-attention. In some cases, weights might be computed differently (e.g., using dot product alignment instead of scaled dot-product alignment).

Evidence: [Evidence 2], [Evidence 4]",c3aca36c1732;06bd4d441cea;eb9d7e1e1eee;7d0d84d31bb4;9f21813e67f0,"Lecture 7(1).pdf, page 74, chunk c3aca36c1732;Lecture 8(2).pdf, page 13, chunk 06bd4d441cea;Lecture 7(1).pdf, page 77, chunk eb9d7e1e1eee;Lecture 8(2).pdf, page 17, chunk 7d0d84d31bb4;Lecture 8(2).pdf, page 7, chunk 9f21813e67f0",ollama,qwen2.5:3b,6.804655334010022,1,785,177,,0.5,1.0,1,,,auto-score; manually sanity-check before final submission
B043,calculation_formula,L8,"In attention, if weights a_i are applied to vectors x_i, what is the context vector formula?",The context vector is the weighted sum c = sum_i a_i x_i.,Lecture 8 attention formula,weighted sum;attention weights;input vectors,no,answer,V2_router_rewrite_retrieval,"The context vector formula in attention, when weights \(a_i\) are applied to vectors \(x_i\), is given by:
\[ y_j = \sum_{i} a_{ij} v_i \]
where \(y\) represents the context vector with shape \(Dv\).

Key course terms needed for full credit include: Attention mechanism, Key vectors (k), Value vectors (v), Query vectors (q), Alignment weights (\(a_{ij}\)), and Context vector (c or y).

Evidence: [Evidence 1], [Evidence 3]",eb9d7e1e1eee;c3aca36c1732;7d0d84d31bb4;8f30d820a639;06bd4d441cea,"Lecture 7(1).pdf, page 77, chunk eb9d7e1e1eee;Lecture 7(1).pdf, page 74, chunk c3aca36c1732;Lecture 8(2).pdf, page 17, chunk 7d0d84d31bb4;Lecture 8(2).pdf, page 3, chunk 8f30d820a639;Lecture 8(2).pdf, page 13, chunk 06bd4d441cea",ollama,qwen2.5:3b,6.8263497080042725,2,941,153,"route={'in_scope': 'yes', 'question_type': 'calculation', 'lecture_topic': 'L4 Attention Mechanism and its Formulas', 'search_query': 'Lecture 8 attention transformer In attention, if weights a_i are applied to vectors x_i, what is the context vector formula?'}",0.0,1.0,1,,,auto-score; manually sanity-check before final submission
B043,calculation_formula,L8,"In attention, if weights a_i are applied to vectors x_i, what is the context vector formula?",The context vector is the weighted sum c = sum_i a_i x_i.,Lecture 8 attention formula,weighted sum;attention weights;input vectors,no,answer,V3_retrieval_verifier,"The context vector formula involves applying weights to input vectors and then summing them up.

Key Course Terms: Attention mechanism, query vectors, key vectors, value vectors

Formula:
\[ c = \sum_{i} a_i x_i \]

Where \(a_i\) are the attention weights computed as:
\[ e_i = q_i \cdot k_i / \sqrt{D} \]
\[ a_i = softmax(e_i) \]

Inputs: Input vectors \(x\), Query vectors \(q\), Key vectors \(k\)

Key Course Caves: The exact formula can vary depending on the specific implementation of attention, such as self-attention or cross-attention. In some cases, weights might be computed differently (e.g., using dot product alignment instead of scaled dot-product alignment).

Evidence: [Evidence 2], [Evidence 4]",c3aca36c1732;06bd4d441cea;eb9d7e1e1eee;7d0d84d31bb4;9f21813e67f0,"Lecture 7(1).pdf, page 74, chunk c3aca36c1732;Lecture 8(2).pdf, page 13, chunk 06bd4d441cea;Lecture 7(1).pdf, page 77, chunk eb9d7e1e1eee;Lecture 8(2).pdf, page 17, chunk 7d0d84d31bb4;Lecture 8(2).pdf, page 7, chunk 9f21813e67f0",ollama,qwen2.5:3b,14.818680667012814,2,1902,382,draft_then_verifier_rejected_overcorrection,0.5,1.0,1,,,auto-score; manually sanity-check before final submission
B043,calculation_formula,L8,"In attention, if weights a_i are applied to vectors x_i, what is the context vector formula?",The context vector is the weighted sum c = sum_i a_i x_i.,Lecture 8 attention formula,weighted sum;attention weights;input vectors,no,answer,V4_full_router_retrieval_verifier,"The context vector formula in attention, when weights \(a_i\) are applied to vectors \(x_i\), is given by:
\[ y_j = \sum_{i} a_{ij} v_i \]
where \(y\) represents the context vector with shape \(Dv\).

Key course terms needed for full credit include: Attention mechanism, Key vectors (k), Value vectors (v), Query vectors (q), Alignment weights (\(a_{ij}\)), and Context vector (c or y).

Evidence: [Evidence 1], [Evidence 3]",eb9d7e1e1eee;c3aca36c1732;7d0d84d31bb4;8f30d820a639;06bd4d441cea,"Lecture 7(1).pdf, page 77, chunk eb9d7e1e1eee;Lecture 7(1).pdf, page 74, chunk c3aca36c1732;Lecture 8(2).pdf, page 17, chunk 7d0d84d31bb4;Lecture 8(2).pdf, page 3, chunk 8f30d820a639;Lecture 8(2).pdf, page 13, chunk 06bd4d441cea",ollama,qwen2.5:3b,10.89335004100576,3,1978,218,"draft_then_verifier_rejected_overcorrection;route={""in_scope"": ""yes"", ""question_type"": ""calculation"", ""lecture_topic"": ""L4 Attention Mechanism and its Formulas"", ""search_query"": ""Lecture 8 attention transformer In attention, if weights a_i are applied to vectors x_i, what is the context vector formula?""}",0.0,1.0,1,,,auto-score; manually sanity-check before final submission
B043,calculation_formula,L8,"In attention, if weights a_i are applied to vectors x_i, what is the context vector formula?",The context vector is the weighted sum c = sum_i a_i x_i.,Lecture 8 attention formula,weighted sum;attention weights;input vectors,no,answer,A1_full_without_router,"The context vector formula in attention, when weights \(a_i\) are applied to vectors \(x_i\), is given by:
\[ y_j = \sum_{i} a_{ij} v_i \]
where \(y\) represents the context vector with shape \(Dv\).

Key course terms needed for full credit include: Attention mechanism, Key vectors (k), Value vectors (v), Query vectors (q), Alignment weights (\(a_{ij}\)), and Context vector (c or y).

Evidence: [Evidence 1], [Evidence 3]",eb9d7e1e1eee;c3aca36c1732;7d0d84d31bb4;8f30d820a639;06bd4d441cea,"Lecture 7(1).pdf, page 77, chunk eb9d7e1e1eee;Lecture 7(1).pdf, page 74, chunk c3aca36c1732;Lecture 8(2).pdf, page 17, chunk 7d0d84d31bb4;Lecture 8(2).pdf, page 3, chunk 8f30d820a639;Lecture 8(2).pdf, page 13, chunk 06bd4d441cea",ollama,qwen2.5:3b,10.348948499988182,2,1809,171,"draft_then_verifier_rejected_overcorrection;route={""in_scope"": ""yes"", ""question_type"": ""concept"", ""lecture_topic"": ""Lecture 8 attention transformer"", ""search_query"": ""Lecture 8 attention transformer In attention, if weights a_i are applied to vectors x_i, what is the context vector formula?""}",0.0,1.0,1,,,auto-score; manually sanity-check before final submission
B043,calculation_formula,L8,"In attention, if weights a_i are applied to vectors x_i, what is the context vector formula?",The context vector is the weighted sum c = sum_i a_i x_i.,Lecture 8 attention formula,weighted sum;attention weights;input vectors,no,answer,A2_full_without_verifier,"The context vector formula in attention, when weights \(a_i\) are applied to vectors \(x_i\), is given by:
\[ y_j = \sum_{i} a_{ij} v_i \]
where \(y\) represents the context vector with shape \(Dv\).

Key course terms needed for full credit include: Attention mechanism, Key vectors (k), Value vectors (v), Query vectors (q), Alignment weights (\(a_{ij}\)), and Context vector (c or y).

Evidence: [Evidence 1], [Evidence 3]",eb9d7e1e1eee;c3aca36c1732;7d0d84d31bb4;8f30d820a639;06bd4d441cea,"Lecture 7(1).pdf, page 77, chunk eb9d7e1e1eee;Lecture 7(1).pdf, page 74, chunk c3aca36c1732;Lecture 8(2).pdf, page 17, chunk 7d0d84d31bb4;Lecture 8(2).pdf, page 3, chunk 8f30d820a639;Lecture 8(2).pdf, page 13, chunk 06bd4d441cea",ollama,qwen2.5:3b,6.8263497080042725,2,941,153,"route={""in_scope"": ""yes"", ""question_type"": ""calculation"", ""lecture_topic"": ""L4 Attention Mechanism and its Formulas"", ""search_query"": ""Lecture 8 attention transformer In attention, if weights a_i are applied to vectors x_i, what is the context vector formula?""}",0.0,1.0,1,,,auto-score; manually sanity-check before final submission
B043,calculation_formula,L8,"In attention, if weights a_i are applied to vectors x_i, what is the context vector formula?",The context vector is the weighted sum c = sum_i a_i x_i.,Lecture 8 attention formula,weighted sum;attention weights;input vectors,no,answer,A3_full_topk2,"The context vector formula is:
$$ c = \sum_{i} a_i x_i $$
Key terms: Attention mechanism, Key vectors (k), Value vectors (v), Query vectors (q)
Evidence: [Evidence 1], [Evidence 2]",eb9d7e1e1eee;c3aca36c1732,"Lecture 7(1).pdf, page 77, chunk eb9d7e1e1eee;Lecture 7(1).pdf, page 74, chunk c3aca36c1732",ollama,qwen2.5:3b,7.1447664170118514,3,1333,156,"draft_then_verifier_rejected_overcorrection;route={""in_scope"": ""yes"", ""question_type"": ""calculation"", ""lecture_topic"": ""L4 Attention Mechanism and its Formulas"", ""search_query"": ""Lecture 8 attention transformer In attention, if weights a_i are applied to vectors x_i, what is the context vector formula?""}",0.0,1.0,0,,,auto-score; manually sanity-check before final submission
B043,calculation_formula,L8,"In attention, if weights a_i are applied to vectors x_i, what is the context vector formula?",The context vector is the weighted sum c = sum_i a_i x_i.,Lecture 8 attention formula,weighted sum;attention weights;input vectors,no,answer,A4_full_without_calculation_guard,"The context vector formula in attention, when weights \(a_i\) are applied to vectors \(x_i\), is given by:
\[ y_j = \sum_{i} a_{ij} v_i \]
where \(y\) represents the context vector with shape \(Dv\).

Key course terms needed for full credit include: Attention mechanism, Key vectors (k), Value vectors (v), Query vectors (q), Alignment weights (\(a_{ij}\)), and Context vector (c or y).

Evidence: [Evidence 1], [Evidence 3]",eb9d7e1e1eee;c3aca36c1732;7d0d84d31bb4;8f30d820a639;06bd4d441cea,"Lecture 7(1).pdf, page 77, chunk eb9d7e1e1eee;Lecture 7(1).pdf, page 74, chunk c3aca36c1732;Lecture 8(2).pdf, page 17, chunk 7d0d84d31bb4;Lecture 8(2).pdf, page 3, chunk 8f30d820a639;Lecture 8(2).pdf, page 13, chunk 06bd4d441cea",ollama,qwen2.5:3b,10.89335004100576,3,1978,218,"draft_then_verifier_rejected_overcorrection;route={""in_scope"": ""yes"", ""question_type"": ""calculation"", ""lecture_topic"": ""L4 Attention Mechanism and its Formulas"", ""search_query"": ""Lecture 8 attention transformer In attention, if weights a_i are applied to vectors x_i, what is the context vector formula?""}",0.0,1.0,1,,,auto-score; manually sanity-check before final submission
B044,calculation_formula,L9,"In autoregressive image modeling, how is the joint likelihood decomposed?","It is decomposed into a product of conditional probabilities, where each pixel is conditioned on previous pixels.",Lecture 9 PixelCNN PixelRNN,joint likelihood;conditional probabilities;previous pixels,no,answer,V0_baseline_single_call,"In autoregressive image modeling, the joint likelihood of an image sequence can be decomposed using a recursive structure based on the Markov property assumption. This decomposition allows for efficient computation and model training.

The joint probability density P(X) of an image sequence X = {x_1, x_2, ..., x_T} is modeled as a product of conditional probabilities:

P(X) = P(x_1) * P(x_2|x_1) * ... * P(x_T|x_1, x_2, ..., x_{T-1})

Where each term P(x_t | x_{t-1}, ..., x_1) is modeled as a function of the previous image in the sequence. In an autoregressive model, this conditional probability is further decomposed into:

P(x_t | x_{t-1}, ..., x_1) = Π_i P(x_t | x_{t-i})

Where i ranges from 1 to some order L (the number of lags or previous images used in the prediction). This leads to a recursive structure where each image is modeled as a function of its L predecessors.

This decomposition allows for efficient computation, as only the most recent L images are needed to compute the current image's probability. The model parameters can be learned by maximizing this likelihood using techniques such as maximum likelihood estimation or variational inference.

For instance, in an order-L autoregressive model, if we denote the previous L images as x_{t-1}, ..., x_t, then:

P(x_t | x_{t-1}, ..., x_1) = Π_i P(x_t | x_{t-i})

Where i ranges from 1 to L.",,,ollama,qwen2.5:3b,10.706916791008553,1,97,341,,0.5,0.5,0,,,auto-score; manually sanity-check before final submission
B044,calculation_formula,L9,"In autoregressive image modeling, how is the joint likelihood decomposed?","It is decomposed into a product of conditional probabilities, where each pixel is conditioned on previous pixels.",Lecture 9 PixelCNN PixelRNN,joint likelihood;conditional probabilities;previous pixels,no,answer,V1_retrieval_only,"Direct Answer: In autoregressive image modeling, the joint likelihood of an image x is decomposed into a product of conditional probabilities.

Key Course Terms:
- Autoregressive modeling
- Conditional Probability

Mechanism:
The decomposition follows the formula provided in Evidence [Evidence 2]: 
𝑝 𝑥! , 𝑥"" , … , 𝑥# = 𝑝 𝑥! ×𝑝 𝑥"" 𝑥! × ⋯×𝑝 𝑥# |𝑥! , 𝑥"" , … 𝑥#$!

Formula:
𝑝 𝑥! , 𝑥"" , … , 𝑥# = 𝑝 𝑥! ×𝑝 𝑥"" 𝑥! × ⋯×𝑝 𝑥# |𝑥! , 𝑥"" , … 𝑥#$!

Evidence: [Evidence 1], [Evidence 2]",fc2c01e29732;248063a0caa9;2c32f33b99ae;34bdfad50c51;18afcbe6504a,"Lecture 9 .pdf, page 6, chunk fc2c01e29732;Lecture 9 .pdf, page 7, chunk 248063a0caa9;Lecture 9 .pdf, page 3, chunk 2c32f33b99ae;Lecture 9 .pdf, page 12, chunk 34bdfad50c51;Lecture 9 .pdf, page 59, chunk 18afcbe6504a",ollama,qwen2.5:3b,7.467955041007372,1,826,117,,0.5,1.0,1,,,auto-score; manually sanity-check before final submission
B044,calculation_formula,L9,"In autoregressive image modeling, how is the joint likelihood decomposed?","It is decomposed into a product of conditional probabilities, where each pixel is conditioned on previous pixels.",Lecture 9 PixelCNN PixelRNN,joint likelihood;conditional probabilities;previous pixels,no,answer,V2_router_rewrite_retrieval,"Direct Answer: In autoregressive image modeling, the joint likelihood of an image x is decomposed into a product of conditional probabilities.

Key Course Terms:
- Autoregressive modeling
- Conditional Probability

Mechanism:
The decomposition follows the formula provided in Evidence [Evidence 2]: 
𝑝 𝑥! , 𝑥"" , … , 𝑥# = 𝑝 𝑥! ×𝑝 𝑥"" 𝑥! × ⋯×𝑝 𝑥# |𝑥! , 𝑥"" , … 𝑥#$!

Formula:
𝑝 𝑥! , 𝑥"" , … , 𝑥# = 𝑝 𝑥! ×𝑝 𝑥"" 𝑥! × ⋯×𝑝 𝑥# |𝑥! , 𝑥"" , … 𝑥#$!

Evidence: [Evidence 1], [Evidence 2]",fc2c01e29732;248063a0caa9;2c32f33b99ae;34bdfad50c51;18afcbe6504a,"Lecture 9 .pdf, page 6, chunk fc2c01e29732;Lecture 9 .pdf, page 7, chunk 248063a0caa9;Lecture 9 .pdf, page 3, chunk 2c32f33b99ae;Lecture 9 .pdf, page 12, chunk 34bdfad50c51;Lecture 9 .pdf, page 59, chunk 18afcbe6504a",ollama,qwen2.5:3b,9.256145416991783,2,987,169,"route={'in_scope': 'yes', 'question_type': 'calculation', 'lecture_topic': 'Autoregressive Models in Image Processing', 'search_query': 'COMP5541 Lectures 2-9 In autoregressive image modeling, how is the joint likelihood decomposed?'}",0.5,1.0,1,,,auto-score; manually sanity-check before final submission
B044,calculation_formula,L9,"In autoregressive image modeling, how is the joint likelihood decomposed?","It is decomposed into a product of conditional probabilities, where each pixel is conditioned on previous pixels.",Lecture 9 PixelCNN PixelRNN,joint likelihood;conditional probabilities;previous pixels,no,answer,V3_retrieval_verifier,"Direct Answer: In autoregressive image modeling, the joint likelihood of an image x is decomposed into a product of conditional probabilities.

Key Course Terms:
- Autoregressive modeling
- Conditional Probability

Mechanism:
The decomposition follows the formula provided in Evidence [Evidence 2]: 
𝑝 𝑥! , 𝑥"" , … , 𝑥# = 𝑝 𝑥! ×𝑝 𝑥"" 𝑥! × ⋯×𝑝 𝑥# |𝑥! , 𝑥"" , … 𝑥#$!

Formula:
𝑝 𝑥! , 𝑥"" , … , 𝑥# = 𝑝 𝑥! ×𝑝 𝑥"" 𝑥! × ⋯×𝑝 𝑥# |𝑥! , 𝑥"" , … 𝑥#$!

Evidence: [Evidence 1], [Evidence 2]",fc2c01e29732;248063a0caa9;2c32f33b99ae;34bdfad50c51;18afcbe6504a,"Lecture 9 .pdf, page 6, chunk fc2c01e29732;Lecture 9 .pdf, page 7, chunk 248063a0caa9;Lecture 9 .pdf, page 3, chunk 2c32f33b99ae;Lecture 9 .pdf, page 12, chunk 34bdfad50c51;Lecture 9 .pdf, page 59, chunk 18afcbe6504a",ollama,qwen2.5:3b,14.691658250012551,2,1914,186,draft_then_verifier_rejected_overcorrection,0.5,1.0,1,,,auto-score; manually sanity-check before final submission
B044,calculation_formula,L9,"In autoregressive image modeling, how is the joint likelihood decomposed?","It is decomposed into a product of conditional probabilities, where each pixel is conditioned on previous pixels.",Lecture 9 PixelCNN PixelRNN,joint likelihood;conditional probabilities;previous pixels,no,answer,V4_full_router_retrieval_verifier,"Direct Answer: In autoregressive image modeling, the joint likelihood of an image x is decomposed into a product of conditional probabilities.

Key Course Terms:
- Autoregressive modeling
- Conditional Probability

Mechanism:
The decomposition follows the formula provided in Evidence [Evidence 2]: 
𝑝 𝑥! , 𝑥"" , … , 𝑥# = 𝑝 𝑥! ×𝑝 𝑥"" 𝑥! × ⋯×𝑝 𝑥# |𝑥! , 𝑥"" , … 𝑥#$!

Formula:
𝑝 𝑥! , 𝑥"" , … , 𝑥# = 𝑝 𝑥! ×𝑝 𝑥"" 𝑥! × ⋯×𝑝 𝑥# |𝑥! , 𝑥"" , … 𝑥#$!

Evidence: [Evidence 1], [Evidence 2]",fc2c01e29732;248063a0caa9;2c32f33b99ae;34bdfad50c51;18afcbe6504a,"Lecture 9 .pdf, page 6, chunk fc2c01e29732;Lecture 9 .pdf, page 7, chunk 248063a0caa9;Lecture 9 .pdf, page 3, chunk 2c32f33b99ae;Lecture 9 .pdf, page 12, chunk 34bdfad50c51;Lecture 9 .pdf, page 59, chunk 18afcbe6504a",ollama,qwen2.5:3b,12.90572362599778,3,2081,238,"draft_then_verifier_rejected_overcorrection;route={""in_scope"": ""yes"", ""question_type"": ""calculation"", ""lecture_topic"": ""Autoregressive Models in Image Processing"", ""search_query"": ""COMP5541 Lectures 2-9 In autoregressive image modeling, how is the joint likelihood decomposed?""}",0.5,1.0,1,,,auto-score; manually sanity-check before final submission
B044,calculation_formula,L9,"In autoregressive image modeling, how is the joint likelihood decomposed?","It is decomposed into a product of conditional probabilities, where each pixel is conditioned on previous pixels.",Lecture 9 PixelCNN PixelRNN,joint likelihood;conditional probabilities;previous pixels,no,answer,A1_full_without_router,"Direct Answer: In autoregressive image modeling, the joint likelihood of an image x is decomposed into a product of conditional probabilities.

Key Course Terms:
- Autoregressive modeling
- Conditional Probability

Mechanism:
The decomposition follows the formula provided in Evidence [Evidence 2]: 
𝑝 𝑥! , 𝑥"" , … , 𝑥# = 𝑝 𝑥! ×𝑝 𝑥"" 𝑥! × ⋯×𝑝 𝑥# |𝑥! , 𝑥"" , … 𝑥#$!

Formula:
𝑝 𝑥! , 𝑥"" , … , 𝑥# = 𝑝 𝑥! ×𝑝 𝑥"" 𝑥! × ⋯×𝑝 𝑥# |𝑥! , 𝑥"" , … 𝑥#$!

Evidence: [Evidence 1], [Evidence 2]",fc2c01e29732;248063a0caa9;2c32f33b99ae;34bdfad50c51;18afcbe6504a,"Lecture 9 .pdf, page 6, chunk fc2c01e29732;Lecture 9 .pdf, page 7, chunk 248063a0caa9;Lecture 9 .pdf, page 3, chunk 2c32f33b99ae;Lecture 9 .pdf, page 12, chunk 34bdfad50c51;Lecture 9 .pdf, page 59, chunk 18afcbe6504a",ollama,qwen2.5:3b,14.573147082992364,2,1914,186,"draft_then_verifier_rejected_overcorrection;route={""in_scope"": ""yes"", ""question_type"": ""concept"", ""lecture_topic"": ""COMP5541 Lectures 2-9"", ""search_query"": ""COMP5541 Lectures 2-9 In autoregressive image modeling, how is the joint likelihood decomposed?""}",0.5,1.0,1,,,auto-score; manually sanity-check before final submission
B044,calculation_formula,L9,"In autoregressive image modeling, how is the joint likelihood decomposed?","It is decomposed into a product of conditional probabilities, where each pixel is conditioned on previous pixels.",Lecture 9 PixelCNN PixelRNN,joint likelihood;conditional probabilities;previous pixels,no,answer,A2_full_without_verifier,"Direct Answer: In autoregressive image modeling, the joint likelihood of an image x is decomposed into a product of conditional probabilities.

Key Course Terms:
- Autoregressive modeling
- Conditional Probability

Mechanism:
The decomposition follows the formula provided in Evidence [Evidence 2]: 
𝑝 𝑥! , 𝑥"" , … , 𝑥# = 𝑝 𝑥! ×𝑝 𝑥"" 𝑥! × ⋯×𝑝 𝑥# |𝑥! , 𝑥"" , … 𝑥#$!

Formula:
𝑝 𝑥! , 𝑥"" , … , 𝑥# = 𝑝 𝑥! ×𝑝 𝑥"" 𝑥! × ⋯×𝑝 𝑥# |𝑥! , 𝑥"" , … 𝑥#$!

Evidence: [Evidence 1], [Evidence 2]",fc2c01e29732;248063a0caa9;2c32f33b99ae;34bdfad50c51;18afcbe6504a,"Lecture 9 .pdf, page 6, chunk fc2c01e29732;Lecture 9 .pdf, page 7, chunk 248063a0caa9;Lecture 9 .pdf, page 3, chunk 2c32f33b99ae;Lecture 9 .pdf, page 12, chunk 34bdfad50c51;Lecture 9 .pdf, page 59, chunk 18afcbe6504a",ollama,qwen2.5:3b,9.256145416991783,2,987,169,"route={""in_scope"": ""yes"", ""question_type"": ""calculation"", ""lecture_topic"": ""Autoregressive Models in Image Processing"", ""search_query"": ""COMP5541 Lectures 2-9 In autoregressive image modeling, how is the joint likelihood decomposed?""}",0.5,1.0,1,,,auto-score; manually sanity-check before final submission
B044,calculation_formula,L9,"In autoregressive image modeling, how is the joint likelihood decomposed?","It is decomposed into a product of conditional probabilities, where each pixel is conditioned on previous pixels.",Lecture 9 PixelCNN PixelRNN,joint likelihood;conditional probabilities;previous pixels,no,answer,A3_full_topk2,"Direct Answer:
The joint likelihood of an image is decomposed into a product of conditional probabilities, where each pixel's probability is conditioned on all previous pixels.

Key Course Terms:
Autoregressive modeling

Mechanism:
Each pixel in the image is modeled as dependent on its preceding pixels. The overall likelihood of the entire image x is expressed as the product of individual conditional probabilities: 
𝑝 𝑥! ×𝑝 𝑥"" 𝑥! × ⋯×𝑝 𝑥# |𝑥! , 𝑥"" , … 𝑥#$!

Formula:
𝑝 𝑥! ×𝑝 𝑥"" 𝑥! × ⋯×𝑝 𝑥# |𝑥! , 𝑥"" , … 𝑥#$!

Evidence:
[Evidence 1], [Evidence 2]",fc2c01e29732;248063a0caa9,"Lecture 9 .pdf, page 6, chunk fc2c01e29732;Lecture 9 .pdf, page 7, chunk 248063a0caa9",ollama,qwen2.5:3b,10.116703291991143,3,1281,247,"draft_then_verifier_rejected_overcorrection;route={""in_scope"": ""yes"", ""question_type"": ""calculation"", ""lecture_topic"": ""Autoregressive Models in Image Processing"", ""search_query"": ""COMP5541 Lectures 2-9 In autoregressive image modeling, how is the joint likelihood decomposed?""}",1.0,1.0,1,,,auto-score; manually sanity-check before final submission
B044,calculation_formula,L9,"In autoregressive image modeling, how is the joint likelihood decomposed?","It is decomposed into a product of conditional probabilities, where each pixel is conditioned on previous pixels.",Lecture 9 PixelCNN PixelRNN,joint likelihood;conditional probabilities;previous pixels,no,answer,A4_full_without_calculation_guard,"Direct Answer: In autoregressive image modeling, the joint likelihood of an image x is decomposed into a product of conditional probabilities.

Key Course Terms:
- Autoregressive modeling
- Conditional Probability

Mechanism:
The decomposition follows the formula provided in Evidence [Evidence 2]: 
𝑝 𝑥! , 𝑥"" , … , 𝑥# = 𝑝 𝑥! ×𝑝 𝑥"" 𝑥! × ⋯×𝑝 𝑥# |𝑥! , 𝑥"" , … 𝑥#$!

Formula:
𝑝 𝑥! , 𝑥"" , … , 𝑥# = 𝑝 𝑥! ×𝑝 𝑥"" 𝑥! × ⋯×𝑝 𝑥# |𝑥! , 𝑥"" , … 𝑥#$!

Evidence: [Evidence 1], [Evidence 2]",fc2c01e29732;248063a0caa9;2c32f33b99ae;34bdfad50c51;18afcbe6504a,"Lecture 9 .pdf, page 6, chunk fc2c01e29732;Lecture 9 .pdf, page 7, chunk 248063a0caa9;Lecture 9 .pdf, page 3, chunk 2c32f33b99ae;Lecture 9 .pdf, page 12, chunk 34bdfad50c51;Lecture 9 .pdf, page 59, chunk 18afcbe6504a",ollama,qwen2.5:3b,12.90572362599778,3,2081,238,"draft_then_verifier_rejected_overcorrection;route={""in_scope"": ""yes"", ""question_type"": ""calculation"", ""lecture_topic"": ""Autoregressive Models in Image Processing"", ""search_query"": ""COMP5541 Lectures 2-9 In autoregressive image modeling, how is the joint likelihood decomposed?""}",0.5,1.0,1,,,auto-score; manually sanity-check before final submission
B045,calculation_formula,L9,"In the GAN MNIST tutorial, are digit labels used by the GAN training objective?",No. The GAN uses images as unsupervised data and ignores the MNIST digit labels for the adversarial objective.,T8 GAN MNIST tutorial,images;unsupervised;labels ignored,no,answer,V0_baseline_single_call,"According to the course material [COMP5541], in the GAN MNIST tutorial, digit labels are not directly used as part of the training objective for the generator (G) or discriminator (D). The primary focus is on generating realistic handwritten digit images rather than incorporating class information from the dataset.",,,ollama,qwen2.5:3b,2.0596537919918774,1,99,79,,0.0,0.5,0,,,auto-score; manually sanity-check before final submission
B045,calculation_formula,L9,"In the GAN MNIST tutorial, are digit labels used by the GAN training objective?",No. The GAN uses images as unsupervised data and ignores the MNIST digit labels for the adversarial objective.,T8 GAN MNIST tutorial,images;unsupervised;labels ignored,no,answer,V1_retrieval_only,"No, digit labels are not used by the GAN training objective.

Key Course Terms:
GAN (Generative Adversarial Network)
Digit Labels

Explanation:
The provided evidence indicates that in this specific GAN MNIST tutorial, digit labels such as `0`, `1`, ..., `9` are ignored and not used for the GAN training. The code demonstrates how images from the MNIST dataset are loaded without their corresponding labels, emphasizing that these labels are not utilized in the GAN's training process.",60b258705a39;8cae6c847d7b;85afa669b7c4;e602491ff0e6;01722733712b,"T8_GAN_MNIST_Tutorial.ipynb, page 1, chunk 60b258705a39;T8_GAN_MNIST_Tutorial.ipynb, page 1, chunk 8cae6c847d7b;Lecture 9 .pdf, page 77, chunk 85afa669b7c4;Lecture 9 .pdf, page 44, chunk e602491ff0e6;Lecture 9 .pdf, page 30, chunk 01722733712b",ollama,qwen2.5:3b,5.32104308300768,1,1297,121,,0.5,1.0,1,,,auto-score; manually sanity-check before final submission
B045,calculation_formula,L9,"In the GAN MNIST tutorial, are digit labels used by the GAN training objective?",No. The GAN uses images as unsupervised data and ignores the MNIST digit labels for the adversarial objective.,T8 GAN MNIST tutorial,images;unsupervised;labels ignored,no,answer,V2_router_rewrite_retrieval,"Direct Answer: No, digit labels are not used by the GAN training objective.

Key Terms:
GAN (Generative Adversarial Network)
MNIST (Mixed National Institute of Standards and Technology database)

Explanation: The code provided in T8_GAN_MNIST_Tutorial.ipynb explicitly states that MNIST provides image-label pairs but the GAN training only uses images. The digit labels are ignored, as they are not utilized for the GAN's objective function. This is further supported by the fact that the generator and discriminator do not incorporate any information from these labels during their respective optimization processes.

Evidence:
[Evidence 3]
[Evidence 4]
[Evidence 5]",85afa669b7c4;e602491ff0e6;60b258705a39;01722733712b;2802ddbddc29,"Lecture 9 .pdf, page 77, chunk 85afa669b7c4;Lecture 9 .pdf, page 44, chunk e602491ff0e6;T8_GAN_MNIST_Tutorial.ipynb, page 1, chunk 60b258705a39;Lecture 9 .pdf, page 30, chunk 01722733712b;Lecture 9 .pdf, page 22, chunk 2802ddbddc29",ollama,qwen2.5:3b,8.019476667992421,2,1103,222,"route={'in_scope': 'yes', 'question_type': 'concept', 'lecture_topic': 'Generative Adversarial Networks (GANs) and their applications to image data like MNIST.', 'search_query': 'Lecture 9 generative adversarial network In the GAN MNIST tutorial, are digit labels used by the GAN training objective?'}",0.5,1.0,1,,,auto-score; manually sanity-check before final submission
B045,calculation_formula,L9,"In the GAN MNIST tutorial, are digit labels used by the GAN training objective?",No. The GAN uses images as unsupervised data and ignores the MNIST digit labels for the adversarial objective.,T8 GAN MNIST tutorial,images;unsupervised;labels ignored,no,answer,V3_retrieval_verifier,"No, digit labels are not used by the GAN training objective.

Key Course Terms:
GAN (Generative Adversarial Network)
Digit Labels

Explanation:
The provided evidence indicates that in this specific GAN MNIST tutorial, digit labels such as `0`, `1`, ..., `9` are ignored and not used for the GAN training. The code demonstrates how images from the MNIST dataset are loaded without their corresponding labels, emphasizing that these labels are not utilized in the GAN's training process.",60b258705a39;8cae6c847d7b;85afa669b7c4;e602491ff0e6;01722733712b,"T8_GAN_MNIST_Tutorial.ipynb, page 1, chunk 60b258705a39;T8_GAN_MNIST_Tutorial.ipynb, page 1, chunk 8cae6c847d7b;Lecture 9 .pdf, page 77, chunk 85afa669b7c4;Lecture 9 .pdf, page 44, chunk e602491ff0e6;Lecture 9 .pdf, page 30, chunk 01722733712b",ollama,qwen2.5:3b,8.943612458009738,2,2870,152,draft_then_verifier_rejected_overcorrection,0.5,1.0,1,,,auto-score; manually sanity-check before final submission
B045,calculation_formula,L9,"In the GAN MNIST tutorial, are digit labels used by the GAN training objective?",No. The GAN uses images as unsupervised data and ignores the MNIST digit labels for the adversarial objective.,T8 GAN MNIST tutorial,images;unsupervised;labels ignored,no,answer,V4_full_router_retrieval_verifier,"Direct Answer: No, digit labels are not used by the GAN training objective.

Key Terms:
GAN (Generative Adversarial Network)
MNIST (Mixed National Institute of Standards and Technology database)

Explanation: The code provided in T8_GAN_MNIST_Tutorial.ipynb explicitly states that MNIST provides image-label pairs but the GAN training only uses images. The digit labels are ignored, as they are not utilized for the GAN's objective function. This is further supported by the fact that the generator and discriminator do not incorporate any information from these labels during their respective optimization processes.

Evidence:
[Evidence 3]
[Evidence 4]
[Evidence 5]",85afa669b7c4;e602491ff0e6;60b258705a39;01722733712b;2802ddbddc29,"Lecture 9 .pdf, page 77, chunk 85afa669b7c4;Lecture 9 .pdf, page 44, chunk e602491ff0e6;T8_GAN_MNIST_Tutorial.ipynb, page 1, chunk 60b258705a39;Lecture 9 .pdf, page 30, chunk 01722733712b;Lecture 9 .pdf, page 22, chunk 2802ddbddc29",ollama,qwen2.5:3b,11.670917167983134,3,2377,279,"draft_then_verifier_rejected_overcorrection;route={""in_scope"": ""yes"", ""question_type"": ""concept"", ""lecture_topic"": ""Generative Adversarial Networks (GANs) and their applications to image data like MNIST."", ""search_query"": ""Lecture 9 generative adversarial network In the GAN MNIST tutorial, are digit labels used by the GAN training objective?""}",0.5,1.0,1,,,auto-score; manually sanity-check before final submission
B045,calculation_formula,L9,"In the GAN MNIST tutorial, are digit labels used by the GAN training objective?",No. The GAN uses images as unsupervised data and ignores the MNIST digit labels for the adversarial objective.,T8 GAN MNIST tutorial,images;unsupervised;labels ignored,no,answer,A1_full_without_router,"Direct Answer: No, digit labels are not used by the GAN training objective.

Key Terms:
GAN (Generative Adversarial Network)
MNIST (Mixed National Institute of Standards and Technology database)

Explanation: The code provided in T8_GAN_MNIST_Tutorial.ipynb explicitly states that MNIST provides image-label pairs but the GAN training only uses images. The digit labels are ignored, as they are not utilized for the GAN's objective function. This is further supported by the fact that the generator and discriminator do not incorporate any information from these labels during their respective optimization processes.

Evidence:
[Evidence 3]
[Evidence 4]
[Evidence 5]",85afa669b7c4;e602491ff0e6;60b258705a39;01722733712b;2802ddbddc29,"Lecture 9 .pdf, page 77, chunk 85afa669b7c4;Lecture 9 .pdf, page 44, chunk e602491ff0e6;T8_GAN_MNIST_Tutorial.ipynb, page 1, chunk 60b258705a39;Lecture 9 .pdf, page 30, chunk 01722733712b;Lecture 9 .pdf, page 22, chunk 2802ddbddc29",ollama,qwen2.5:3b,9.415146792016458,2,2202,218,"draft_then_verifier_rejected_overcorrection;route={""in_scope"": ""yes"", ""question_type"": ""concept"", ""lecture_topic"": ""Lecture 9 generative adversarial network"", ""search_query"": ""Lecture 9 generative adversarial network In the GAN MNIST tutorial, are digit labels used by the GAN training objective?""}",0.5,1.0,1,,,auto-score; manually sanity-check before final submission
B045,calculation_formula,L9,"In the GAN MNIST tutorial, are digit labels used by the GAN training objective?",No. The GAN uses images as unsupervised data and ignores the MNIST digit labels for the adversarial objective.,T8 GAN MNIST tutorial,images;unsupervised;labels ignored,no,answer,A2_full_without_verifier,"Direct Answer: No, digit labels are not used by the GAN training objective.

Key Terms:
GAN (Generative Adversarial Network)
MNIST (Mixed National Institute of Standards and Technology database)

Explanation: The code provided in T8_GAN_MNIST_Tutorial.ipynb explicitly states that MNIST provides image-label pairs but the GAN training only uses images. The digit labels are ignored, as they are not utilized for the GAN's objective function. This is further supported by the fact that the generator and discriminator do not incorporate any information from these labels during their respective optimization processes.

Evidence:
[Evidence 3]
[Evidence 4]
[Evidence 5]",85afa669b7c4;e602491ff0e6;60b258705a39;01722733712b;2802ddbddc29,"Lecture 9 .pdf, page 77, chunk 85afa669b7c4;Lecture 9 .pdf, page 44, chunk e602491ff0e6;T8_GAN_MNIST_Tutorial.ipynb, page 1, chunk 60b258705a39;Lecture 9 .pdf, page 30, chunk 01722733712b;Lecture 9 .pdf, page 22, chunk 2802ddbddc29",ollama,qwen2.5:3b,8.019476667992421,2,1103,222,"route={""in_scope"": ""yes"", ""question_type"": ""concept"", ""lecture_topic"": ""Generative Adversarial Networks (GANs) and their applications to image data like MNIST."", ""search_query"": ""Lecture 9 generative adversarial network In the GAN MNIST tutorial, are digit labels used by the GAN training objective?""}",0.5,1.0,1,,,auto-score; manually sanity-check before final submission
B045,calculation_formula,L9,"In the GAN MNIST tutorial, are digit labels used by the GAN training objective?",No. The GAN uses images as unsupervised data and ignores the MNIST digit labels for the adversarial objective.,T8 GAN MNIST tutorial,images;unsupervised;labels ignored,no,answer,A3_full_topk2,"not enough information in the provided course materials
Evidence: 1, 2",85afa669b7c4;e602491ff0e6,"Lecture 9 .pdf, page 77, chunk 85afa669b7c4;Lecture 9 .pdf, page 44, chunk e602491ff0e6",ollama,qwen2.5:3b,5.443191500977264,3,1066,155,"draft_then_verifier;route={""in_scope"": ""yes"", ""question_type"": ""concept"", ""lecture_topic"": ""Generative Adversarial Networks (GANs) and their applications to image data like MNIST."", ""search_query"": ""Lecture 9 generative adversarial network In the GAN MNIST tutorial, are digit labels used by the GAN training objective?""}",0.0,1.0,0,,,auto-score; manually sanity-check before final submission
B045,calculation_formula,L9,"In the GAN MNIST tutorial, are digit labels used by the GAN training objective?",No. The GAN uses images as unsupervised data and ignores the MNIST digit labels for the adversarial objective.,T8 GAN MNIST tutorial,images;unsupervised;labels ignored,no,answer,A4_full_without_calculation_guard,"Direct Answer: No, digit labels are not used by the GAN training objective.

Key Terms:
GAN (Generative Adversarial Network)
MNIST (Mixed National Institute of Standards and Technology database)

Explanation: The code provided in T8_GAN_MNIST_Tutorial.ipynb explicitly states that MNIST provides image-label pairs but the GAN training only uses images. The digit labels are ignored, as they are not utilized for the GAN's objective function. This is further supported by the fact that the generator and discriminator do not incorporate any information from these labels during their respective optimization processes.

Evidence:
[Evidence 3]
[Evidence 4]
[Evidence 5]",85afa669b7c4;e602491ff0e6;60b258705a39;01722733712b;2802ddbddc29,"Lecture 9 .pdf, page 77, chunk 85afa669b7c4;Lecture 9 .pdf, page 44, chunk e602491ff0e6;T8_GAN_MNIST_Tutorial.ipynb, page 1, chunk 60b258705a39;Lecture 9 .pdf, page 30, chunk 01722733712b;Lecture 9 .pdf, page 22, chunk 2802ddbddc29",ollama,qwen2.5:3b,11.670917167983134,3,2377,279,"draft_then_verifier_rejected_overcorrection;route={""in_scope"": ""yes"", ""question_type"": ""concept"", ""lecture_topic"": ""Generative Adversarial Networks (GANs) and their applications to image data like MNIST."", ""search_query"": ""Lecture 9 generative adversarial network In the GAN MNIST tutorial, are digit labels used by the GAN training objective?""}",0.5,1.0,1,,,auto-score; manually sanity-check before final submission
B046,verification_scope,L2,"Since a higher-degree polynomial always improves test performance, why should we choose the highest degree?","The premise is wrong. Higher degree can overfit and should be selected using validation performance, not assumed best.",Lecture 2 polynomial overfitting,premise is wrong;overfit;validation,yes,correct_premise,V0_baseline_single_call,Not enough information in the provided course materials.,,,ollama,qwen2.5:3b,0.3956309999921359,1,106,14,,0.0,1.0,0,0,,auto-score; manually sanity-check before final submission
B046,verification_scope,L2,"Since a higher-degree polynomial always improves test performance, why should we choose the highest degree?","The premise is wrong. Higher degree can overfit and should be selected using validation performance, not assumed best.",Lecture 2 polynomial overfitting,premise is wrong;overfit;validation,yes,correct_premise,V1_retrieval_only,"Since a higher-degree polynomial always improves test performance, we should choose the highest degree. This premise is false based on the provided course materials.

Key Course Terms: Bias vs Variance

Mechanism: To deal with high bias (underfitting), one can increase model complexity by adding more features or using more complicated models such as polynomial basis expansion and deep learning architectures.

Caveat: The highest degree does not always improve test performance. In fact, increasing the degree of a polynomial model too much can lead to overfitting, where the model performs well on training data but poorly on unseen data (test set).

Evidence:
[Evidence 1]
[Evidence 2]
[Evidence 3]
[Evidence 4]",f9380f4a4c9f;ff0e2423b1ed;be6ec6688535;5473c8a94635;a37cb6ad8f7f,"Lecture2-2026-COMP5541(1).pdf, page 23, chunk f9380f4a4c9f;Lecture2-2026-COMP5541(1).pdf, page 59, chunk ff0e2423b1ed;Lecture3-2026.pdf, page 10, chunk be6ec6688535;Lecture 4.pdf, page 3, chunk 5473c8a94635;Lecture2-2026-COMP5541(1).pdf, page 24, chunk a37cb6ad8f7f",ollama,qwen2.5:3b,5.830304291986977,1,774,179,,0.0,1.0,1,1,,auto-score; manually sanity-check before final submission
B046,verification_scope,L2,"Since a higher-degree polynomial always improves test performance, why should we choose the highest degree?","The premise is wrong. Higher degree can overfit and should be selected using validation performance, not assumed best.",Lecture 2 polynomial overfitting,premise is wrong;overfit;validation,yes,correct_premise,V2_router_rewrite_retrieval,"Since a higher-degree polynomial always improves test performance, we should choose the highest degree. This premise is false based on the provided course materials.

Key Course Terms: Bias vs Variance

Mechanism: To deal with high bias (underfitting), one can increase model complexity by adding more features or using more complicated models such as polynomial basis expansion and deep learning architectures.

Caveat: The highest degree does not always improve test performance. In fact, increasing the degree of a polynomial model too much can lead to overfitting, where the model performs well on training data but poorly on unseen data (test set).

Evidence:
[Evidence 1]
[Evidence 2]
[Evidence 3]
[Evidence 4]",f9380f4a4c9f;ff0e2423b1ed;be6ec6688535;5473c8a94635;a37cb6ad8f7f,"Lecture2-2026-COMP5541(1).pdf, page 23, chunk f9380f4a4c9f;Lecture2-2026-COMP5541(1).pdf, page 59, chunk ff0e2423b1ed;Lecture3-2026.pdf, page 10, chunk be6ec6688535;Lecture 4.pdf, page 3, chunk 5473c8a94635;Lecture2-2026-COMP5541(1).pdf, page 24, chunk a37cb6ad8f7f",ollama,qwen2.5:3b,8.763060750003206,2,944,293,"route={'in_scope': 'yes', 'question_type': 'false_premise', 'lecture_topic': 'polynomial fitting and model selection', 'search_query': 'COMP5541 Lectures 2-9 Since a higher-degree polynomial always improves test performance, why should we choose the highest degree?'}",0.0,1.0,1,1,,auto-score; manually sanity-check before final submission
B046,verification_scope,L2,"Since a higher-degree polynomial always improves test performance, why should we choose the highest degree?","The premise is wrong. Higher degree can overfit and should be selected using validation performance, not assumed best.",Lecture 2 polynomial overfitting,premise is wrong;overfit;validation,yes,correct_premise,V3_retrieval_verifier,"The premise is incorrect: increasing polynomial degree can reduce bias, but it can also increase variance and overfit. Model complexity should be selected using validation evidence rather than assuming the highest degree is best.

Evidence: Evidence 1; Evidence 2; Evidence 3",f9380f4a4c9f;ff0e2423b1ed;be6ec6688535;5473c8a94635;a37cb6ad8f7f,"Lecture2-2026-COMP5541(1).pdf, page 23, chunk f9380f4a4c9f;Lecture2-2026-COMP5541(1).pdf, page 59, chunk ff0e2423b1ed;Lecture3-2026.pdf, page 10, chunk be6ec6688535;Lecture 4.pdf, page 3, chunk 5473c8a94635;Lecture2-2026-COMP5541(1).pdf, page 24, chunk a37cb6ad8f7f",ollama,qwen2.5:3b,5.830304291986977,1,774,179,draft_then_rule_guard,0.5,1.0,1,1,,auto-score; manually sanity-check before final submission
B046,verification_scope,L2,"Since a higher-degree polynomial always improves test performance, why should we choose the highest degree?","The premise is wrong. Higher degree can overfit and should be selected using validation performance, not assumed best.",Lecture 2 polynomial overfitting,premise is wrong;overfit;validation,yes,correct_premise,V4_full_router_retrieval_verifier,"The premise is incorrect: increasing polynomial degree can reduce bias, but it can also increase variance and overfit. Model complexity should be selected using validation evidence rather than assuming the highest degree is best.

Evidence: Evidence 1; Evidence 2; Evidence 3",f9380f4a4c9f;ff0e2423b1ed;be6ec6688535;5473c8a94635;a37cb6ad8f7f,"Lecture2-2026-COMP5541(1).pdf, page 23, chunk f9380f4a4c9f;Lecture2-2026-COMP5541(1).pdf, page 59, chunk ff0e2423b1ed;Lecture3-2026.pdf, page 10, chunk be6ec6688535;Lecture 4.pdf, page 3, chunk 5473c8a94635;Lecture2-2026-COMP5541(1).pdf, page 24, chunk a37cb6ad8f7f",ollama,qwen2.5:3b,8.763060750003206,2,944,293,"draft_then_rule_guard;route={""in_scope"": ""yes"", ""question_type"": ""false_premise"", ""lecture_topic"": ""polynomial fitting and model selection"", ""search_query"": ""COMP5541 Lectures 2-9 Since a higher-degree polynomial always improves test performance, why should we choose the highest degree?""}",0.5,1.0,1,1,,auto-score; manually sanity-check before final submission
B046,verification_scope,L2,"Since a higher-degree polynomial always improves test performance, why should we choose the highest degree?","The premise is wrong. Higher degree can overfit and should be selected using validation performance, not assumed best.",Lecture 2 polynomial overfitting,premise is wrong;overfit;validation,yes,correct_premise,A1_full_without_router,"The premise is incorrect: increasing polynomial degree can reduce bias, but it can also increase variance and overfit. Model complexity should be selected using validation evidence rather than assuming the highest degree is best.

Evidence: Evidence 1; Evidence 2; Evidence 3",f9380f4a4c9f;ff0e2423b1ed;be6ec6688535;5473c8a94635;a37cb6ad8f7f,"Lecture2-2026-COMP5541(1).pdf, page 23, chunk f9380f4a4c9f;Lecture2-2026-COMP5541(1).pdf, page 59, chunk ff0e2423b1ed;Lecture3-2026.pdf, page 10, chunk be6ec6688535;Lecture 4.pdf, page 3, chunk 5473c8a94635;Lecture2-2026-COMP5541(1).pdf, page 24, chunk a37cb6ad8f7f",ollama,qwen2.5:3b,5.828700750003918,1,774,179,"draft_then_rule_guard;route={""in_scope"": ""yes"", ""question_type"": ""false_premise"", ""lecture_topic"": ""COMP5541 Lectures 2-9"", ""search_query"": ""COMP5541 Lectures 2-9 Since a higher-degree polynomial always improves test performance, why should we choose the highest degree?""}",0.5,1.0,1,1,,auto-score; manually sanity-check before final submission
B046,verification_scope,L2,"Since a higher-degree polynomial always improves test performance, why should we choose the highest degree?","The premise is wrong. Higher degree can overfit and should be selected using validation performance, not assumed best.",Lecture 2 polynomial overfitting,premise is wrong;overfit;validation,yes,correct_premise,A2_full_without_verifier,"Since a higher-degree polynomial always improves test performance, we should choose the highest degree. This premise is false based on the provided course materials.

Key Course Terms: Bias vs Variance

Mechanism: To deal with high bias (underfitting), one can increase model complexity by adding more features or using more complicated models such as polynomial basis expansion and deep learning architectures.

Caveat: The highest degree does not always improve test performance. In fact, increasing the degree of a polynomial model too much can lead to overfitting, where the model performs well on training data but poorly on unseen data (test set).

Evidence:
[Evidence 1]
[Evidence 2]
[Evidence 3]
[Evidence 4]",f9380f4a4c9f;ff0e2423b1ed;be6ec6688535;5473c8a94635;a37cb6ad8f7f,"Lecture2-2026-COMP5541(1).pdf, page 23, chunk f9380f4a4c9f;Lecture2-2026-COMP5541(1).pdf, page 59, chunk ff0e2423b1ed;Lecture3-2026.pdf, page 10, chunk be6ec6688535;Lecture 4.pdf, page 3, chunk 5473c8a94635;Lecture2-2026-COMP5541(1).pdf, page 24, chunk a37cb6ad8f7f",ollama,qwen2.5:3b,8.763060750003206,2,944,293,"route={""in_scope"": ""yes"", ""question_type"": ""false_premise"", ""lecture_topic"": ""polynomial fitting and model selection"", ""search_query"": ""COMP5541 Lectures 2-9 Since a higher-degree polynomial always improves test performance, why should we choose the highest degree?""}",0.0,1.0,1,1,,auto-score; manually sanity-check before final submission
B046,verification_scope,L2,"Since a higher-degree polynomial always improves test performance, why should we choose the highest degree?","The premise is wrong. Higher degree can overfit and should be selected using validation performance, not assumed best.",Lecture 2 polynomial overfitting,premise is wrong;overfit;validation,yes,correct_premise,A3_full_topk2,"The premise is incorrect: increasing polynomial degree can reduce bias, but it can also increase variance and overfit. Model complexity should be selected using validation evidence rather than assuming the highest degree is best.

Evidence: Evidence 1; Evidence 2",f9380f4a4c9f;ff0e2423b1ed,"Lecture2-2026-COMP5541(1).pdf, page 23, chunk f9380f4a4c9f;Lecture2-2026-COMP5541(1).pdf, page 59, chunk ff0e2423b1ed",ollama,qwen2.5:3b,10.759683458003565,2,613,457,"draft_then_rule_guard;route={""in_scope"": ""yes"", ""question_type"": ""false_premise"", ""lecture_topic"": ""polynomial fitting and model selection"", ""search_query"": ""COMP5541 Lectures 2-9 Since a higher-degree polynomial always improves test performance, why should we choose the highest degree?""}",0.5,1.0,1,1,,auto-score; manually sanity-check before final submission
B046,verification_scope,L2,"Since a higher-degree polynomial always improves test performance, why should we choose the highest degree?","The premise is wrong. Higher degree can overfit and should be selected using validation performance, not assumed best.",Lecture 2 polynomial overfitting,premise is wrong;overfit;validation,yes,correct_premise,A4_full_without_calculation_guard,"The premise is incorrect: increasing polynomial degree can reduce bias, but it can also increase variance and overfit. Model complexity should be selected using validation evidence rather than assuming the highest degree is best.

Evidence: Evidence 1; Evidence 2; Evidence 3",f9380f4a4c9f;ff0e2423b1ed;be6ec6688535;5473c8a94635;a37cb6ad8f7f,"Lecture2-2026-COMP5541(1).pdf, page 23, chunk f9380f4a4c9f;Lecture2-2026-COMP5541(1).pdf, page 59, chunk ff0e2423b1ed;Lecture3-2026.pdf, page 10, chunk be6ec6688535;Lecture 4.pdf, page 3, chunk 5473c8a94635;Lecture2-2026-COMP5541(1).pdf, page 24, chunk a37cb6ad8f7f",ollama,qwen2.5:3b,8.763060750003206,2,944,293,"draft_then_rule_guard;route={""in_scope"": ""yes"", ""question_type"": ""false_premise"", ""lecture_topic"": ""polynomial fitting and model selection"", ""search_query"": ""COMP5541 Lectures 2-9 Since a higher-degree polynomial always improves test performance, why should we choose the highest degree?""}",0.5,1.0,1,1,,auto-score; manually sanity-check before final submission
B047,verification_scope,L3,"Since logistic regression uses sigmoid, why can it solve XOR without hidden layers?",The premise is wrong. Logistic regression still has a linear decision boundary and cannot solve XOR without added nonlinear features or hidden layers.,Lecture 3 logistic regression and Lecture 4 nonlinear models,premise is wrong;linear decision boundary;XOR,yes,correct_premise,V0_baseline_single_call,"COMP5541: Logistic Regression inherently solves the XOR problem without needing hidden layers due to its use of a sigmoid activation function in the output layer. The sigmoid function maps any real-valued number into the range (0, 1), making it suitable for modeling probabilities. In the context of logistic regression, this allows the model to learn and represent non-linear decision boundaries, which is necessary for XOR problems where linear separation is not possible with a single input-output relationship.

The key point here is that logistic regression can be seen as a form of linear classification when using a sigmoid output layer because it models the probability of the positive class. The hypothesis function h(x) = g(w^T x + b), where g(z) = 1 / (1 + e^-z) is the sigmoid function, inherently captures non-linear decision boundaries through its transformation properties.

Thus, logistic regression can solve XOR without hidden layers because it effectively models a non-linear relationship between inputs and outputs using the sigmoid activation in the output layer.",,,ollama,qwen2.5:3b,6.353186250009458,1,100,271,,0.0,0.5,0,0,,auto-score; manually sanity-check before final submission
B047,verification_scope,L3,"Since logistic regression uses sigmoid, why can it solve XOR without hidden layers?",The premise is wrong. Logistic regression still has a linear decision boundary and cannot solve XOR without added nonlinear features or hidden layers.,Lecture 3 logistic regression and Lecture 4 nonlinear models,premise is wrong;linear decision boundary;XOR,yes,correct_premise,V1_retrieval_only,"Direct Answer: Logistic regression can solve XOR without hidden layers because it inherently uses a sigmoid function to map the input into a probability score, allowing for decision boundaries that are not linearly separable in the original feature space.

Key Terms:
- Sigmoid function

Mechanism:
The sigmoid function transforms the logit/score s = wTx + b into a value between 0 and 1, which can be interpreted as the probability of the input belonging to class 1. This non-linear transformation enables logistic regression to model decision boundaries that are not linearly separable in the original feature space.

Evidence:
[Evidence 1], [Evidence 2]",af67a3928deb;e82ff579dd60;e0b2c5ed7587;13ca2923aa6d;c0889fa36e40,"Lecture3-2026.pdf, page 22, chunk af67a3928deb;Lecture3-2026.pdf, page 23, chunk e82ff579dd60;Lecture3-2026.pdf, page 25, chunk e0b2c5ed7587;Lecture3-2026.pdf, page 24, chunk 13ca2923aa6d;Lecture3-2026.pdf, page 33, chunk c0889fa36e40",ollama,qwen2.5:3b,5.803360500009148,1,700,164,,0.0,1.0,1,0,,auto-score; manually sanity-check before final submission
B047,verification_scope,L3,"Since logistic regression uses sigmoid, why can it solve XOR without hidden layers?",The premise is wrong. Logistic regression still has a linear decision boundary and cannot solve XOR without added nonlinear features or hidden layers.,Lecture 3 logistic regression and Lecture 4 nonlinear models,premise is wrong;linear decision boundary;XOR,yes,correct_premise,V2_router_rewrite_retrieval,"Direct Answer: Logistic regression can solve XOR without hidden layers because it inherently uses a sigmoid function, which allows for non-linear decision boundaries.

Key Terms:
- Sigmoid function

Mechanism:
The logistic regression model maps input features into probability scores using the sigmoid function (y=σ(s)). This transformation enables the model to learn and represent non-linear decision boundaries necessary for XOR problems. The sigmoid function's output ranges between 0 and 1, allowing it to map any real-valued number to a probability score.

Evidence:
[Evidence 1], [Evidence 3]",af67a3928deb;c0889fa36e40;e82ff579dd60;e0b2c5ed7587;1a54fdf8bbe5,"Lecture3-2026.pdf, page 22, chunk af67a3928deb;Lecture3-2026.pdf, page 33, chunk c0889fa36e40;Lecture3-2026.pdf, page 23, chunk e82ff579dd60;Lecture3-2026.pdf, page 25, chunk e0b2c5ed7587;Lecture 4.pdf, page 8, chunk 1a54fdf8bbe5",ollama,qwen2.5:3b,7.561260375005077,2,840,254,"route={'in_scope': 'yes', 'question_type': 'false_premise', 'lecture_topic': 'neural_networks_and_logistic_regression', 'search_query': 'Lecture 3 logistic regression Since logistic regression uses sigmoid, why can it solve XOR without hidden layers?'}",0.0,1.0,1,0,,auto-score; manually sanity-check before final submission
B047,verification_scope,L3,"Since logistic regression uses sigmoid, why can it solve XOR without hidden layers?",The premise is wrong. Logistic regression still has a linear decision boundary and cannot solve XOR without added nonlinear features or hidden layers.,Lecture 3 logistic regression and Lecture 4 nonlinear models,premise is wrong;linear decision boundary;XOR,yes,correct_premise,V3_retrieval_verifier,"The premise is incorrect: logistic regression has a linear decision boundary, and XOR is not linearly separable. A sigmoid maps a linear score to a probability; it does not by itself add hidden nonlinear transformations. Hidden nonlinear layers are needed to model XOR-style structure.

Evidence: Evidence 1; Evidence 2; Evidence 3",af67a3928deb;e82ff579dd60;e0b2c5ed7587;13ca2923aa6d;c0889fa36e40,"Lecture3-2026.pdf, page 22, chunk af67a3928deb;Lecture3-2026.pdf, page 23, chunk e82ff579dd60;Lecture3-2026.pdf, page 25, chunk e0b2c5ed7587;Lecture3-2026.pdf, page 24, chunk 13ca2923aa6d;Lecture3-2026.pdf, page 33, chunk c0889fa36e40",ollama,qwen2.5:3b,5.803360500009148,1,700,164,draft_then_rule_guard,0.5,1.0,1,1,,auto-score; manually sanity-check before final submission
B047,verification_scope,L3,"Since logistic regression uses sigmoid, why can it solve XOR without hidden layers?",The premise is wrong. Logistic regression still has a linear decision boundary and cannot solve XOR without added nonlinear features or hidden layers.,Lecture 3 logistic regression and Lecture 4 nonlinear models,premise is wrong;linear decision boundary;XOR,yes,correct_premise,V4_full_router_retrieval_verifier,"The premise is incorrect: logistic regression has a linear decision boundary, and XOR is not linearly separable. A sigmoid maps a linear score to a probability; it does not by itself add hidden nonlinear transformations. Hidden nonlinear layers are needed to model XOR-style structure.

Evidence: Evidence 1; Evidence 2; Evidence 3",af67a3928deb;c0889fa36e40;e82ff579dd60;e0b2c5ed7587;1a54fdf8bbe5,"Lecture3-2026.pdf, page 22, chunk af67a3928deb;Lecture3-2026.pdf, page 33, chunk c0889fa36e40;Lecture3-2026.pdf, page 23, chunk e82ff579dd60;Lecture3-2026.pdf, page 25, chunk e0b2c5ed7587;Lecture 4.pdf, page 8, chunk 1a54fdf8bbe5",ollama,qwen2.5:3b,7.561260375005077,2,840,254,"draft_then_rule_guard;route={""in_scope"": ""yes"", ""question_type"": ""false_premise"", ""lecture_topic"": ""neural_networks_and_logistic_regression"", ""search_query"": ""Lecture 3 logistic regression Since logistic regression uses sigmoid, why can it solve XOR without hidden layers?""}",0.5,1.0,1,1,,auto-score; manually sanity-check before final submission
B047,verification_scope,L3,"Since logistic regression uses sigmoid, why can it solve XOR without hidden layers?",The premise is wrong. Logistic regression still has a linear decision boundary and cannot solve XOR without added nonlinear features or hidden layers.,Lecture 3 logistic regression and Lecture 4 nonlinear models,premise is wrong;linear decision boundary;XOR,yes,correct_premise,A1_full_without_router,"The premise is incorrect: logistic regression has a linear decision boundary, and XOR is not linearly separable. A sigmoid maps a linear score to a probability; it does not by itself add hidden nonlinear transformations. Hidden nonlinear layers are needed to model XOR-style structure.

Evidence: Evidence 1; Evidence 2; Evidence 3",af67a3928deb;c0889fa36e40;e82ff579dd60;e0b2c5ed7587;1a54fdf8bbe5,"Lecture3-2026.pdf, page 22, chunk af67a3928deb;Lecture3-2026.pdf, page 33, chunk c0889fa36e40;Lecture3-2026.pdf, page 23, chunk e82ff579dd60;Lecture3-2026.pdf, page 25, chunk e0b2c5ed7587;Lecture 4.pdf, page 8, chunk 1a54fdf8bbe5",ollama,qwen2.5:3b,4.751430167001672,1,676,149,"draft_then_rule_guard;route={""in_scope"": ""yes"", ""question_type"": ""false_premise"", ""lecture_topic"": ""Lecture 3 logistic regression"", ""search_query"": ""Lecture 3 logistic regression Since logistic regression uses sigmoid, why can it solve XOR without hidden layers?""}",0.5,1.0,1,1,,auto-score; manually sanity-check before final submission
B047,verification_scope,L3,"Since logistic regression uses sigmoid, why can it solve XOR without hidden layers?",The premise is wrong. Logistic regression still has a linear decision boundary and cannot solve XOR without added nonlinear features or hidden layers.,Lecture 3 logistic regression and Lecture 4 nonlinear models,premise is wrong;linear decision boundary;XOR,yes,correct_premise,A2_full_without_verifier,"Direct Answer: Logistic regression can solve XOR without hidden layers because it inherently uses a sigmoid function, which allows for non-linear decision boundaries.

Key Terms:
- Sigmoid function

Mechanism:
The logistic regression model maps input features into probability scores using the sigmoid function (y=σ(s)). This transformation enables the model to learn and represent non-linear decision boundaries necessary for XOR problems. The sigmoid function's output ranges between 0 and 1, allowing it to map any real-valued number to a probability score.

Evidence:
[Evidence 1], [Evidence 3]",af67a3928deb;c0889fa36e40;e82ff579dd60;e0b2c5ed7587;1a54fdf8bbe5,"Lecture3-2026.pdf, page 22, chunk af67a3928deb;Lecture3-2026.pdf, page 33, chunk c0889fa36e40;Lecture3-2026.pdf, page 23, chunk e82ff579dd60;Lecture3-2026.pdf, page 25, chunk e0b2c5ed7587;Lecture 4.pdf, page 8, chunk 1a54fdf8bbe5",ollama,qwen2.5:3b,7.561260375005077,2,840,254,"route={""in_scope"": ""yes"", ""question_type"": ""false_premise"", ""lecture_topic"": ""neural_networks_and_logistic_regression"", ""search_query"": ""Lecture 3 logistic regression Since logistic regression uses sigmoid, why can it solve XOR without hidden layers?""}",0.0,1.0,1,0,,auto-score; manually sanity-check before final submission
B047,verification_scope,L3,"Since logistic regression uses sigmoid, why can it solve XOR without hidden layers?",The premise is wrong. Logistic regression still has a linear decision boundary and cannot solve XOR without added nonlinear features or hidden layers.,Lecture 3 logistic regression and Lecture 4 nonlinear models,premise is wrong;linear decision boundary;XOR,yes,correct_premise,A3_full_topk2,"The premise is incorrect: logistic regression has a linear decision boundary, and XOR is not linearly separable. A sigmoid maps a linear score to a probability; it does not by itself add hidden nonlinear transformations. Hidden nonlinear layers are needed to model XOR-style structure.

Evidence: Evidence 1; Evidence 2",af67a3928deb;c0889fa36e40,"Lecture3-2026.pdf, page 22, chunk af67a3928deb;Lecture3-2026.pdf, page 33, chunk c0889fa36e40",ollama,qwen2.5:3b,6.6369212080026045,2,525,279,"draft_then_rule_guard;route={""in_scope"": ""yes"", ""question_type"": ""false_premise"", ""lecture_topic"": ""neural_networks_and_logistic_regression"", ""search_query"": ""Lecture 3 logistic regression Since logistic regression uses sigmoid, why can it solve XOR without hidden layers?""}",0.5,1.0,1,1,,auto-score; manually sanity-check before final submission
B047,verification_scope,L3,"Since logistic regression uses sigmoid, why can it solve XOR without hidden layers?",The premise is wrong. Logistic regression still has a linear decision boundary and cannot solve XOR without added nonlinear features or hidden layers.,Lecture 3 logistic regression and Lecture 4 nonlinear models,premise is wrong;linear decision boundary;XOR,yes,correct_premise,A4_full_without_calculation_guard,"The premise is incorrect: logistic regression has a linear decision boundary, and XOR is not linearly separable. A sigmoid maps a linear score to a probability; it does not by itself add hidden nonlinear transformations. Hidden nonlinear layers are needed to model XOR-style structure.

Evidence: Evidence 1; Evidence 2; Evidence 3",af67a3928deb;c0889fa36e40;e82ff579dd60;e0b2c5ed7587;1a54fdf8bbe5,"Lecture3-2026.pdf, page 22, chunk af67a3928deb;Lecture3-2026.pdf, page 33, chunk c0889fa36e40;Lecture3-2026.pdf, page 23, chunk e82ff579dd60;Lecture3-2026.pdf, page 25, chunk e0b2c5ed7587;Lecture 4.pdf, page 8, chunk 1a54fdf8bbe5",ollama,qwen2.5:3b,7.561260375005077,2,840,254,"draft_then_rule_guard;route={""in_scope"": ""yes"", ""question_type"": ""false_premise"", ""lecture_topic"": ""neural_networks_and_logistic_regression"", ""search_query"": ""Lecture 3 logistic regression Since logistic regression uses sigmoid, why can it solve XOR without hidden layers?""}",0.5,1.0,1,1,,auto-score; manually sanity-check before final submission
B048,verification_scope,L4,"Since adding more hidden units always improves generalization, why not use the largest network possible?","The premise is wrong. More hidden units can increase capacity and overfitting, so validation and regularization are needed.",Lecture 4 capacity and Lecture 6 regularization,premise is wrong;overfitting;regularization;validation,yes,correct_premise,V0_baseline_single_call,Not enough information in the provided course materials.,,,ollama,qwen2.5:3b,0.3333305830019526,1,105,14,,0.0,1.0,0,0,,auto-score; manually sanity-check before final submission
B048,verification_scope,L4,"Since adding more hidden units always improves generalization, why not use the largest network possible?","The premise is wrong. More hidden units can increase capacity and overfitting, so validation and regularization are needed.",Lecture 4 capacity and Lecture 6 regularization,premise is wrong;overfitting;regularization;validation,yes,correct_premise,V1_retrieval_only,"Since adding more hidden units always improves generalization is false, we should not use the largest network possible. Instead, we need to consider regularization techniques such as Dropout or AdamW for better generalization without overfitting.

Key Course Terms:
- Regularization: Dropout
- Mechanism: Training a large ensemble of models (that share parameters) with binary masks applied during training.
- Formula/Technique: AdamW decoupling weight decay from the gradient update step, leading to more consistent regularization and better generalization.

Evidence: 1, 2",16b9cd76a26a;4ef4f0b77a3b;2e91f9921333;ef5b58fac38f;0d769f23ce83,"Lecture 6(2).pdf, page 70, chunk 16b9cd76a26a;Lecture3-2026.pdf, page 68, chunk 4ef4f0b77a3b;RNN_LSTM_Name_Classification_Tutorial (1).ipynb, page 1, chunk 2e91f9921333;RNN_LSTM_Name_Classification_Tutorial (1).ipynb, page 1, chunk ef5b58fac38f;RNN_LSTM_Name_Classification_Tutorial (1).ipynb, page 1, chunk 0d769f23ce83",ollama,qwen2.5:3b,4.43636908299959,1,1557,143,,0.5,1.0,0,0,,auto-score; manually sanity-check before final submission
B048,verification_scope,L4,"Since adding more hidden units always improves generalization, why not use the largest network possible?","The premise is wrong. More hidden units can increase capacity and overfitting, so validation and regularization are needed.",Lecture 4 capacity and Lecture 6 regularization,premise is wrong;overfitting;regularization;validation,yes,correct_premise,V2_router_rewrite_retrieval,"Not enough information in the provided course materials.

Evidence:
[Evidence 1]
[Evidence 2]
[Evidence 3]",16b9cd76a26a;4ef4f0b77a3b;2e91f9921333;2291a5993c5a;48d0dafb390b,"Lecture 6(2).pdf, page 70, chunk 16b9cd76a26a;Lecture3-2026.pdf, page 68, chunk 4ef4f0b77a3b;RNN_LSTM_Name_Classification_Tutorial (1).ipynb, page 1, chunk 2e91f9921333;Lecture 4.pdf, page 1, chunk 2291a5993c5a;Lecture 6(2).pdf, page 2, chunk 48d0dafb390b",ollama,qwen2.5:3b,3.07442983299552,2,1321,75,"route={'in_scope': 'yes', 'question_type': 'false_premise', 'lecture_topic': 'overfitting and underfitting', 'search_query': 'COMP5541 Lectures 2-9 Since adding more hidden units always improves generalization, why not use the largest network possible?'}",0.0,1.0,1,0,,auto-score; manually sanity-check before final submission
B048,verification_scope,L4,"Since adding more hidden units always improves generalization, why not use the largest network possible?","The premise is wrong. More hidden units can increase capacity and overfitting, so validation and regularization are needed.",Lecture 4 capacity and Lecture 6 regularization,premise is wrong;overfitting;regularization;validation,yes,correct_premise,V3_retrieval_verifier,"The premise is incorrect: adding hidden units can increase model capacity, but it does not always improve generalization. Larger models can overfit unless controlled by data, regularization, and validation.

Evidence: Evidence 1; Evidence 2; Evidence 3",16b9cd76a26a;4ef4f0b77a3b;2e91f9921333;ef5b58fac38f;0d769f23ce83,"Lecture 6(2).pdf, page 70, chunk 16b9cd76a26a;Lecture3-2026.pdf, page 68, chunk 4ef4f0b77a3b;RNN_LSTM_Name_Classification_Tutorial (1).ipynb, page 1, chunk 2e91f9921333;RNN_LSTM_Name_Classification_Tutorial (1).ipynb, page 1, chunk ef5b58fac38f;RNN_LSTM_Name_Classification_Tutorial (1).ipynb, page 1, chunk 0d769f23ce83",ollama,qwen2.5:3b,4.43636908299959,1,1557,143,draft_then_rule_guard,0.5,1.0,0,1,,auto-score; manually sanity-check before final submission
B048,verification_scope,L4,"Since adding more hidden units always improves generalization, why not use the largest network possible?","The premise is wrong. More hidden units can increase capacity and overfitting, so validation and regularization are needed.",Lecture 4 capacity and Lecture 6 regularization,premise is wrong;overfitting;regularization;validation,yes,correct_premise,V4_full_router_retrieval_verifier,"The premise is incorrect: adding hidden units can increase model capacity, but it does not always improve generalization. Larger models can overfit unless controlled by data, regularization, and validation.

Evidence: Evidence 1; Evidence 2; Evidence 3",16b9cd76a26a;4ef4f0b77a3b;2e91f9921333;2291a5993c5a;48d0dafb390b,"Lecture 6(2).pdf, page 70, chunk 16b9cd76a26a;Lecture3-2026.pdf, page 68, chunk 4ef4f0b77a3b;RNN_LSTM_Name_Classification_Tutorial (1).ipynb, page 1, chunk 2e91f9921333;Lecture 4.pdf, page 1, chunk 2291a5993c5a;Lecture 6(2).pdf, page 2, chunk 48d0dafb390b",ollama,qwen2.5:3b,3.07442983299552,2,1321,75,"draft_then_rule_guard;route={""in_scope"": ""yes"", ""question_type"": ""false_premise"", ""lecture_topic"": ""overfitting and underfitting"", ""search_query"": ""COMP5541 Lectures 2-9 Since adding more hidden units always improves generalization, why not use the largest network possible?""}",0.5,1.0,1,1,,auto-score; manually sanity-check before final submission
B048,verification_scope,L4,"Since adding more hidden units always improves generalization, why not use the largest network possible?","The premise is wrong. More hidden units can increase capacity and overfitting, so validation and regularization are needed.",Lecture 4 capacity and Lecture 6 regularization,premise is wrong;overfitting;regularization;validation,yes,correct_premise,A1_full_without_router,"The premise is incorrect: adding hidden units can increase model capacity, but it does not always improve generalization. Larger models can overfit unless controlled by data, regularization, and validation.

Evidence: Evidence 1; Evidence 2; Evidence 3",16b9cd76a26a;4ef4f0b77a3b;2e91f9921333;2291a5993c5a;48d0dafb390b,"Lecture 6(2).pdf, page 70, chunk 16b9cd76a26a;Lecture3-2026.pdf, page 68, chunk 4ef4f0b77a3b;RNN_LSTM_Name_Classification_Tutorial (1).ipynb, page 1, chunk 2e91f9921333;Lecture 4.pdf, page 1, chunk 2291a5993c5a;Lecture 6(2).pdf, page 2, chunk 48d0dafb390b",ollama,qwen2.5:3b,2.0886773749953136,1,1152,26,"draft_then_rule_guard;route={""in_scope"": ""yes"", ""question_type"": ""false_premise"", ""lecture_topic"": ""COMP5541 Lectures 2-9"", ""search_query"": ""COMP5541 Lectures 2-9 Since adding more hidden units always improves generalization, why not use the largest network possible?""}",0.5,1.0,1,1,,auto-score; manually sanity-check before final submission
B048,verification_scope,L4,"Since adding more hidden units always improves generalization, why not use the largest network possible?","The premise is wrong. More hidden units can increase capacity and overfitting, so validation and regularization are needed.",Lecture 4 capacity and Lecture 6 regularization,premise is wrong;overfitting;regularization;validation,yes,correct_premise,A2_full_without_verifier,"Not enough information in the provided course materials.

Evidence:
[Evidence 1]
[Evidence 2]
[Evidence 3]",16b9cd76a26a;4ef4f0b77a3b;2e91f9921333;2291a5993c5a;48d0dafb390b,"Lecture 6(2).pdf, page 70, chunk 16b9cd76a26a;Lecture3-2026.pdf, page 68, chunk 4ef4f0b77a3b;RNN_LSTM_Name_Classification_Tutorial (1).ipynb, page 1, chunk 2e91f9921333;Lecture 4.pdf, page 1, chunk 2291a5993c5a;Lecture 6(2).pdf, page 2, chunk 48d0dafb390b",ollama,qwen2.5:3b,3.07442983299552,2,1321,75,"route={""in_scope"": ""yes"", ""question_type"": ""false_premise"", ""lecture_topic"": ""overfitting and underfitting"", ""search_query"": ""COMP5541 Lectures 2-9 Since adding more hidden units always improves generalization, why not use the largest network possible?""}",0.0,1.0,1,0,,auto-score; manually sanity-check before final submission
B048,verification_scope,L4,"Since adding more hidden units always improves generalization, why not use the largest network possible?","The premise is wrong. More hidden units can increase capacity and overfitting, so validation and regularization are needed.",Lecture 4 capacity and Lecture 6 regularization,premise is wrong;overfitting;regularization;validation,yes,correct_premise,A3_full_topk2,"The premise is incorrect: adding hidden units can increase model capacity, but it does not always improve generalization. Larger models can overfit unless controlled by data, regularization, and validation.

Evidence: Evidence 1; Evidence 2",16b9cd76a26a;4ef4f0b77a3b,"Lecture 6(2).pdf, page 70, chunk 16b9cd76a26a;Lecture3-2026.pdf, page 68, chunk 4ef4f0b77a3b",ollama,qwen2.5:3b,4.374204874999123,2,597,340,"draft_then_rule_guard;route={""in_scope"": ""yes"", ""question_type"": ""false_premise"", ""lecture_topic"": ""overfitting and underfitting"", ""search_query"": ""COMP5541 Lectures 2-9 Since adding more hidden units always improves generalization, why not use the largest network possible?""}",0.5,1.0,0,1,,auto-score; manually sanity-check before final submission
B048,verification_scope,L4,"Since adding more hidden units always improves generalization, why not use the largest network possible?","The premise is wrong. More hidden units can increase capacity and overfitting, so validation and regularization are needed.",Lecture 4 capacity and Lecture 6 regularization,premise is wrong;overfitting;regularization;validation,yes,correct_premise,A4_full_without_calculation_guard,"The premise is incorrect: adding hidden units can increase model capacity, but it does not always improve generalization. Larger models can overfit unless controlled by data, regularization, and validation.

Evidence: Evidence 1; Evidence 2; Evidence 3",16b9cd76a26a;4ef4f0b77a3b;2e91f9921333;2291a5993c5a;48d0dafb390b,"Lecture 6(2).pdf, page 70, chunk 16b9cd76a26a;Lecture3-2026.pdf, page 68, chunk 4ef4f0b77a3b;RNN_LSTM_Name_Classification_Tutorial (1).ipynb, page 1, chunk 2e91f9921333;Lecture 4.pdf, page 1, chunk 2291a5993c5a;Lecture 6(2).pdf, page 2, chunk 48d0dafb390b",ollama,qwen2.5:3b,3.07442983299552,2,1321,75,"draft_then_rule_guard;route={""in_scope"": ""yes"", ""question_type"": ""false_premise"", ""lecture_topic"": ""overfitting and underfitting"", ""search_query"": ""COMP5541 Lectures 2-9 Since adding more hidden units always improves generalization, why not use the largest network possible?""}",0.5,1.0,1,1,,auto-score; manually sanity-check before final submission
B049,verification_scope,L5,"Since CNNs are naturally rotation invariant, why does training only on upside-down images not hurt normal test images?","The premise is wrong. Standard CNNs are not automatically rotation invariant, and upside-down training can create distribution mismatch.",Lecture 5 CNN and augmentation,premise is wrong;not rotation invariant;distribution mismatch,yes,correct_premise,V0_baseline_single_call,Not enough information in the provided course materials.,,,ollama,qwen2.5:3b,0.360968041990418,1,108,14,,0.0,1.0,0,0,,auto-score; manually sanity-check before final submission
B049,verification_scope,L5,"Since CNNs are naturally rotation invariant, why does training only on upside-down images not hurt normal test images?","The premise is wrong. Standard CNNs are not automatically rotation invariant, and upside-down training can create distribution mismatch.",Lecture 5 CNN and augmentation,premise is wrong;not rotation invariant;distribution mismatch,yes,correct_premise,V1_retrieval_only,"Training only on upside-down images does not hurt normal test images because CNNs are rotation invariant, meaning they can learn features that are independent of image orientation.

Key Terms:
- Rotation Invariance

Mechanism:
- Convolutional Neural Networks (CNNs) inherently capture feature representations that are robust to transformations such as rotations. This is achieved through the use of convolutional layers and pooling operations which help in learning invariant features.

Formula/Caveat:
Not applicable for this question.",d327d6301b2d;0123272eeeca;b2977b6e847a;60b258705a39;77659fe5bc92,"COMP5541_2026_assignment.pdf, page 4, chunk d327d6301b2d;T8_GAN_MNIST_Tutorial.ipynb, page 1, chunk 0123272eeeca;Lecture 9 .pdf, page 27, chunk b2977b6e847a;T8_GAN_MNIST_Tutorial.ipynb, page 1, chunk 60b258705a39;Lecture2-2026-COMP5541(1).pdf, page 32, chunk 77659fe5bc92",ollama,qwen2.5:3b,5.968641582992859,1,1718,134,,0.0,0.5,0,0,,auto-score; manually sanity-check before final submission
B049,verification_scope,L5,"Since CNNs are naturally rotation invariant, why does training only on upside-down images not hurt normal test images?","The premise is wrong. Standard CNNs are not automatically rotation invariant, and upside-down training can create distribution mismatch.",Lecture 5 CNN and augmentation,premise is wrong;not rotation invariant;distribution mismatch,yes,correct_premise,V2_router_rewrite_retrieval,"Direct Answer:
Since CNNs are rotation invariant, training only on upside-down images does not hurt normal test images because the model has learned to recognize features regardless of image orientation.

Key Terms:
Rotation Invariance

Mechanism:
CNNs inherently maintain feature recognition stability across different orientations due to their architecture which includes convolutional layers and pooling operations that capture spatial hierarchies in data. This property allows them to generalize well even when inputs are rotated, ensuring they can still classify images correctly during testing.

Evidence:
[Evidence 1], [Evidence 2], [Evidence 3]",d7abff08399e;72cef7bac7f1;0917bea2f017;d327d6301b2d;711cef234474,"Lecture 5.pdf, page 63, chunk d7abff08399e;Lecture 5.pdf, page 90, chunk 72cef7bac7f1;Lecture 5.pdf, page 82, chunk 0917bea2f017;COMP5541_2026_assignment.pdf, page 4, chunk d327d6301b2d;Lecture 5.pdf, page 1, chunk 711cef234474",ollama,qwen2.5:3b,6.722195458991337,2,1015,213,"route={'in_scope': 'yes', 'question_type': 'false_premise', 'lecture_topic': 'CNN Rotation Invariance and Data Augmentation', 'search_query': 'Lecture 5 convolutional neural network Since CNNs are naturally rotation invariant, why does training only on upside-down images not hurt normal test images?'}",0.0,1.0,1,0,,auto-score; manually sanity-check before final submission
B049,verification_scope,L5,"Since CNNs are naturally rotation invariant, why does training only on upside-down images not hurt normal test images?","The premise is wrong. Standard CNNs are not automatically rotation invariant, and upside-down training can create distribution mismatch.",Lecture 5 CNN and augmentation,premise is wrong;not rotation invariant;distribution mismatch,yes,correct_premise,V3_retrieval_verifier,"The premise is incorrect: standard CNNs are not naturally invariant to a 180-degree rotation. Training on upside-down images can create a train-test distribution mismatch, so performance on normal test images can be hurt.

Evidence: Evidence 1; Evidence 2; Evidence 3",d327d6301b2d;0123272eeeca;b2977b6e847a;60b258705a39;77659fe5bc92,"COMP5541_2026_assignment.pdf, page 4, chunk d327d6301b2d;T8_GAN_MNIST_Tutorial.ipynb, page 1, chunk 0123272eeeca;Lecture 9 .pdf, page 27, chunk b2977b6e847a;T8_GAN_MNIST_Tutorial.ipynb, page 1, chunk 60b258705a39;Lecture2-2026-COMP5541(1).pdf, page 32, chunk 77659fe5bc92",ollama,qwen2.5:3b,5.968641582992859,1,1718,134,draft_then_rule_guard,0.5,1.0,0,1,,auto-score; manually sanity-check before final submission
B049,verification_scope,L5,"Since CNNs are naturally rotation invariant, why does training only on upside-down images not hurt normal test images?","The premise is wrong. Standard CNNs are not automatically rotation invariant, and upside-down training can create distribution mismatch.",Lecture 5 CNN and augmentation,premise is wrong;not rotation invariant;distribution mismatch,yes,correct_premise,V4_full_router_retrieval_verifier,"The premise is incorrect: standard CNNs are not naturally invariant to a 180-degree rotation. Training on upside-down images can create a train-test distribution mismatch, so performance on normal test images can be hurt.

Evidence: Evidence 1; Evidence 2; Evidence 3",d7abff08399e;72cef7bac7f1;0917bea2f017;d327d6301b2d;711cef234474,"Lecture 5.pdf, page 63, chunk d7abff08399e;Lecture 5.pdf, page 90, chunk 72cef7bac7f1;Lecture 5.pdf, page 82, chunk 0917bea2f017;COMP5541_2026_assignment.pdf, page 4, chunk d327d6301b2d;Lecture 5.pdf, page 1, chunk 711cef234474",ollama,qwen2.5:3b,6.722195458991337,2,1015,213,"draft_then_rule_guard;route={""in_scope"": ""yes"", ""question_type"": ""false_premise"", ""lecture_topic"": ""CNN Rotation Invariance and Data Augmentation"", ""search_query"": ""Lecture 5 convolutional neural network Since CNNs are naturally rotation invariant, why does training only on upside-down images not hurt normal test images?""}",0.5,1.0,1,1,,auto-score; manually sanity-check before final submission
B049,verification_scope,L5,"Since CNNs are naturally rotation invariant, why does training only on upside-down images not hurt normal test images?","The premise is wrong. Standard CNNs are not automatically rotation invariant, and upside-down training can create distribution mismatch.",Lecture 5 CNN and augmentation,premise is wrong;not rotation invariant;distribution mismatch,yes,correct_premise,A1_full_without_router,"The premise is incorrect: standard CNNs are not naturally invariant to a 180-degree rotation. Training on upside-down images can create a train-test distribution mismatch, so performance on normal test images can be hurt.

Evidence: Evidence 1; Evidence 2; Evidence 3",d7abff08399e;72cef7bac7f1;0917bea2f017;d327d6301b2d;711cef234474,"Lecture 5.pdf, page 63, chunk d7abff08399e;Lecture 5.pdf, page 90, chunk 72cef7bac7f1;Lecture 5.pdf, page 82, chunk 0917bea2f017;COMP5541_2026_assignment.pdf, page 4, chunk d327d6301b2d;Lecture 5.pdf, page 1, chunk 711cef234474",ollama,qwen2.5:3b,4.872237749994383,1,843,163,"draft_then_rule_guard;route={""in_scope"": ""yes"", ""question_type"": ""false_premise"", ""lecture_topic"": ""Lecture 5 convolutional neural network"", ""search_query"": ""Lecture 5 convolutional neural network Since CNNs are naturally rotation invariant, why does training only on upside-down images not hurt normal test images?""}",0.5,1.0,1,1,,auto-score; manually sanity-check before final submission
B049,verification_scope,L5,"Since CNNs are naturally rotation invariant, why does training only on upside-down images not hurt normal test images?","The premise is wrong. Standard CNNs are not automatically rotation invariant, and upside-down training can create distribution mismatch.",Lecture 5 CNN and augmentation,premise is wrong;not rotation invariant;distribution mismatch,yes,correct_premise,A2_full_without_verifier,"Direct Answer:
Since CNNs are rotation invariant, training only on upside-down images does not hurt normal test images because the model has learned to recognize features regardless of image orientation.

Key Terms:
Rotation Invariance

Mechanism:
CNNs inherently maintain feature recognition stability across different orientations due to their architecture which includes convolutional layers and pooling operations that capture spatial hierarchies in data. This property allows them to generalize well even when inputs are rotated, ensuring they can still classify images correctly during testing.

Evidence:
[Evidence 1], [Evidence 2], [Evidence 3]",d7abff08399e;72cef7bac7f1;0917bea2f017;d327d6301b2d;711cef234474,"Lecture 5.pdf, page 63, chunk d7abff08399e;Lecture 5.pdf, page 90, chunk 72cef7bac7f1;Lecture 5.pdf, page 82, chunk 0917bea2f017;COMP5541_2026_assignment.pdf, page 4, chunk d327d6301b2d;Lecture 5.pdf, page 1, chunk 711cef234474",ollama,qwen2.5:3b,6.722195458991337,2,1015,213,"route={""in_scope"": ""yes"", ""question_type"": ""false_premise"", ""lecture_topic"": ""CNN Rotation Invariance and Data Augmentation"", ""search_query"": ""Lecture 5 convolutional neural network Since CNNs are naturally rotation invariant, why does training only on upside-down images not hurt normal test images?""}",0.0,1.0,1,0,,auto-score; manually sanity-check before final submission
B049,verification_scope,L5,"Since CNNs are naturally rotation invariant, why does training only on upside-down images not hurt normal test images?","The premise is wrong. Standard CNNs are not automatically rotation invariant, and upside-down training can create distribution mismatch.",Lecture 5 CNN and augmentation,premise is wrong;not rotation invariant;distribution mismatch,yes,correct_premise,A3_full_topk2,"The premise is incorrect: standard CNNs are not naturally invariant to a 180-degree rotation. Training on upside-down images can create a train-test distribution mismatch, so performance on normal test images can be hurt.

Evidence: Evidence 1; Evidence 2",d7abff08399e;72cef7bac7f1,"Lecture 5.pdf, page 63, chunk d7abff08399e;Lecture 5.pdf, page 90, chunk 72cef7bac7f1",ollama,qwen2.5:3b,4.702632624990656,2,523,173,"draft_then_rule_guard;route={""in_scope"": ""yes"", ""question_type"": ""false_premise"", ""lecture_topic"": ""CNN Rotation Invariance and Data Augmentation"", ""search_query"": ""Lecture 5 convolutional neural network Since CNNs are naturally rotation invariant, why does training only on upside-down images not hurt normal test images?""}",0.5,1.0,1,1,,auto-score; manually sanity-check before final submission
B049,verification_scope,L5,"Since CNNs are naturally rotation invariant, why does training only on upside-down images not hurt normal test images?","The premise is wrong. Standard CNNs are not automatically rotation invariant, and upside-down training can create distribution mismatch.",Lecture 5 CNN and augmentation,premise is wrong;not rotation invariant;distribution mismatch,yes,correct_premise,A4_full_without_calculation_guard,"The premise is incorrect: standard CNNs are not naturally invariant to a 180-degree rotation. Training on upside-down images can create a train-test distribution mismatch, so performance on normal test images can be hurt.

Evidence: Evidence 1; Evidence 2; Evidence 3",d7abff08399e;72cef7bac7f1;0917bea2f017;d327d6301b2d;711cef234474,"Lecture 5.pdf, page 63, chunk d7abff08399e;Lecture 5.pdf, page 90, chunk 72cef7bac7f1;Lecture 5.pdf, page 82, chunk 0917bea2f017;COMP5541_2026_assignment.pdf, page 4, chunk d327d6301b2d;Lecture 5.pdf, page 1, chunk 711cef234474",ollama,qwen2.5:3b,6.722195458991337,2,1015,213,"draft_then_rule_guard;route={""in_scope"": ""yes"", ""question_type"": ""false_premise"", ""lecture_topic"": ""CNN Rotation Invariance and Data Augmentation"", ""search_query"": ""Lecture 5 convolutional neural network Since CNNs are naturally rotation invariant, why does training only on upside-down images not hurt normal test images?""}",0.5,1.0,1,1,,auto-score; manually sanity-check before final submission
B050,verification_scope,L6,"Since the test set is most realistic, why should we tune learning rate on the test set?",The premise is wrong. Hyperparameters should be tuned on validation data; the test set is reserved for final evaluation.,Lecture 6 evaluation protocol,premise is wrong;validation;test set;hyperparameter,yes,correct_premise,V0_baseline_single_call,Not enough information in the provided course materials.,,,ollama,qwen2.5:3b,0.3935497919883346,1,101,14,,0.0,1.0,0,0,,auto-score; manually sanity-check before final submission
B050,verification_scope,L6,"Since the test set is most realistic, why should we tune learning rate on the test set?",The premise is wrong. Hyperparameters should be tuned on validation data; the test set is reserved for final evaluation.,Lecture 6 evaluation protocol,premise is wrong;validation;test set;hyperparameter,yes,correct_premise,V1_retrieval_only,"Since the test set is most realistic, we should not tune learning rate on the test set. The test set is a holdout dataset meant to evaluate how well our model generalizes to unseen data. Tuning hyperparameters like the learning rate based on the test set could lead to overfitting and an overly optimistic evaluation of the model's performance.

Key Course Terms:
- Test set
- Hyperparameter tuning

Evidence: 1, 2, 3, 4, 5",3bf53de7574f;fce1bd9cd41f;5db87bea127f;f9380f4a4c9f;4770592a51f1,"Lecture 6(2).pdf, page 58, chunk 3bf53de7574f;Lecture 6(2).pdf, page 56, chunk fce1bd9cd41f;Lecture 6(2).pdf, page 57, chunk 5db87bea127f;Lecture2-2026-COMP5541(1).pdf, page 23, chunk f9380f4a4c9f;Lecture 6(2).pdf, page 53, chunk 4770592a51f1",ollama,qwen2.5:3b,4.150797499998589,1,643,105,,0.5,1.0,1,0,,auto-score; manually sanity-check before final submission
B050,verification_scope,L6,"Since the test set is most realistic, why should we tune learning rate on the test set?",The premise is wrong. Hyperparameters should be tuned on validation data; the test set is reserved for final evaluation.,Lecture 6 evaluation protocol,premise is wrong;validation;test set;hyperparameter,yes,correct_premise,V2_router_rewrite_retrieval,"Since the test set is most realistic, we should not tune learning rate on the test set. The provided evidence does not support tuning the learning rate based on the test set.

Evidence: [Evidence 1], [Evidence 2], [Evidence 3], [Evidence 4], [Evidence 5]",3bf53de7574f;fce1bd9cd41f;5db87bea127f;647cb3801605;4770592a51f1,"Lecture 6(2).pdf, page 58, chunk 3bf53de7574f;Lecture 6(2).pdf, page 56, chunk fce1bd9cd41f;Lecture 6(2).pdf, page 57, chunk 5db87bea127f;Lecture 6(2).pdf, page 62, chunk 647cb3801605;Lecture 6(2).pdf, page 53, chunk 4770592a51f1",ollama,qwen2.5:3b,4.779902042995673,2,844,106,"route={'in_scope': 'yes', 'question_type': 'false_premise', 'lecture_topic': 'model evaluation and selection', 'search_query': 'Lecture 6 learning rate scheduler Since the test set is most realistic, why should we tune learning rate on the test set?'}",0.0,1.0,1,0,,auto-score; manually sanity-check before final submission
B050,verification_scope,L6,"Since the test set is most realistic, why should we tune learning rate on the test set?",The premise is wrong. Hyperparameters should be tuned on validation data; the test set is reserved for final evaluation.,Lecture 6 evaluation protocol,premise is wrong;validation;test set;hyperparameter,yes,correct_premise,V3_retrieval_verifier,"The premise is incorrect: the test set should not be used to tune learning rate or other hyperparameters. Validation data should be used for tuning, and the test set should be reserved for final evaluation.

Evidence: Evidence 1; Evidence 2; Evidence 3",3bf53de7574f;fce1bd9cd41f;5db87bea127f;f9380f4a4c9f;4770592a51f1,"Lecture 6(2).pdf, page 58, chunk 3bf53de7574f;Lecture 6(2).pdf, page 56, chunk fce1bd9cd41f;Lecture 6(2).pdf, page 57, chunk 5db87bea127f;Lecture2-2026-COMP5541(1).pdf, page 23, chunk f9380f4a4c9f;Lecture 6(2).pdf, page 53, chunk 4770592a51f1",ollama,qwen2.5:3b,4.150797499998589,1,643,105,draft_then_rule_guard,1.0,1.0,1,1,,auto-score; manually sanity-check before final submission
B050,verification_scope,L6,"Since the test set is most realistic, why should we tune learning rate on the test set?",The premise is wrong. Hyperparameters should be tuned on validation data; the test set is reserved for final evaluation.,Lecture 6 evaluation protocol,premise is wrong;validation;test set;hyperparameter,yes,correct_premise,V4_full_router_retrieval_verifier,"The premise is incorrect: the test set should not be used to tune learning rate or other hyperparameters. Validation data should be used for tuning, and the test set should be reserved for final evaluation.

Evidence: Evidence 1; Evidence 2; Evidence 3",3bf53de7574f;fce1bd9cd41f;5db87bea127f;647cb3801605;4770592a51f1,"Lecture 6(2).pdf, page 58, chunk 3bf53de7574f;Lecture 6(2).pdf, page 56, chunk fce1bd9cd41f;Lecture 6(2).pdf, page 57, chunk 5db87bea127f;Lecture 6(2).pdf, page 62, chunk 647cb3801605;Lecture 6(2).pdf, page 53, chunk 4770592a51f1",ollama,qwen2.5:3b,4.779902042995673,2,844,106,"draft_then_rule_guard;route={""in_scope"": ""yes"", ""question_type"": ""false_premise"", ""lecture_topic"": ""model evaluation and selection"", ""search_query"": ""Lecture 6 learning rate scheduler Since the test set is most realistic, why should we tune learning rate on the test set?""}",1.0,1.0,1,1,,auto-score; manually sanity-check before final submission
B050,verification_scope,L6,"Since the test set is most realistic, why should we tune learning rate on the test set?",The premise is wrong. Hyperparameters should be tuned on validation data; the test set is reserved for final evaluation.,Lecture 6 evaluation protocol,premise is wrong;validation;test set;hyperparameter,yes,correct_premise,A1_full_without_router,"The premise is incorrect: the test set should not be used to tune learning rate or other hyperparameters. Validation data should be used for tuning, and the test set should be reserved for final evaluation.

Evidence: Evidence 1; Evidence 2; Evidence 3",3bf53de7574f;fce1bd9cd41f;5db87bea127f;647cb3801605;4770592a51f1,"Lecture 6(2).pdf, page 58, chunk 3bf53de7574f;Lecture 6(2).pdf, page 56, chunk fce1bd9cd41f;Lecture 6(2).pdf, page 57, chunk 5db87bea127f;Lecture 6(2).pdf, page 62, chunk 647cb3801605;Lecture 6(2).pdf, page 53, chunk 4770592a51f1",ollama,qwen2.5:3b,3.0376813339971704,1,679,63,"draft_then_rule_guard;route={""in_scope"": ""yes"", ""question_type"": ""false_premise"", ""lecture_topic"": ""Lecture 6 learning rate scheduler"", ""search_query"": ""Lecture 6 learning rate scheduler Since the test set is most realistic, why should we tune learning rate on the test set?""}",1.0,1.0,1,1,,auto-score; manually sanity-check before final submission
B050,verification_scope,L6,"Since the test set is most realistic, why should we tune learning rate on the test set?",The premise is wrong. Hyperparameters should be tuned on validation data; the test set is reserved for final evaluation.,Lecture 6 evaluation protocol,premise is wrong;validation;test set;hyperparameter,yes,correct_premise,A2_full_without_verifier,"Since the test set is most realistic, we should not tune learning rate on the test set. The provided evidence does not support tuning the learning rate based on the test set.

Evidence: [Evidence 1], [Evidence 2], [Evidence 3], [Evidence 4], [Evidence 5]",3bf53de7574f;fce1bd9cd41f;5db87bea127f;647cb3801605;4770592a51f1,"Lecture 6(2).pdf, page 58, chunk 3bf53de7574f;Lecture 6(2).pdf, page 56, chunk fce1bd9cd41f;Lecture 6(2).pdf, page 57, chunk 5db87bea127f;Lecture 6(2).pdf, page 62, chunk 647cb3801605;Lecture 6(2).pdf, page 53, chunk 4770592a51f1",ollama,qwen2.5:3b,4.779902042995673,2,844,106,"route={""in_scope"": ""yes"", ""question_type"": ""false_premise"", ""lecture_topic"": ""model evaluation and selection"", ""search_query"": ""Lecture 6 learning rate scheduler Since the test set is most realistic, why should we tune learning rate on the test set?""}",0.0,1.0,1,0,,auto-score; manually sanity-check before final submission
B050,verification_scope,L6,"Since the test set is most realistic, why should we tune learning rate on the test set?",The premise is wrong. Hyperparameters should be tuned on validation data; the test set is reserved for final evaluation.,Lecture 6 evaluation protocol,premise is wrong;validation;test set;hyperparameter,yes,correct_premise,A3_full_topk2,"The premise is incorrect: the test set should not be used to tune learning rate or other hyperparameters. Validation data should be used for tuning, and the test set should be reserved for final evaluation.

Evidence: Evidence 1; Evidence 2",3bf53de7574f;fce1bd9cd41f,"Lecture 6(2).pdf, page 58, chunk 3bf53de7574f;Lecture 6(2).pdf, page 56, chunk fce1bd9cd41f",ollama,qwen2.5:3b,4.032265625995933,2,566,142,"draft_then_rule_guard;route={""in_scope"": ""yes"", ""question_type"": ""false_premise"", ""lecture_topic"": ""model evaluation and selection"", ""search_query"": ""Lecture 6 learning rate scheduler Since the test set is most realistic, why should we tune learning rate on the test set?""}",1.0,1.0,1,1,,auto-score; manually sanity-check before final submission
B050,verification_scope,L6,"Since the test set is most realistic, why should we tune learning rate on the test set?",The premise is wrong. Hyperparameters should be tuned on validation data; the test set is reserved for final evaluation.,Lecture 6 evaluation protocol,premise is wrong;validation;test set;hyperparameter,yes,correct_premise,A4_full_without_calculation_guard,"The premise is incorrect: the test set should not be used to tune learning rate or other hyperparameters. Validation data should be used for tuning, and the test set should be reserved for final evaluation.

Evidence: Evidence 1; Evidence 2; Evidence 3",3bf53de7574f;fce1bd9cd41f;5db87bea127f;647cb3801605;4770592a51f1,"Lecture 6(2).pdf, page 58, chunk 3bf53de7574f;Lecture 6(2).pdf, page 56, chunk fce1bd9cd41f;Lecture 6(2).pdf, page 57, chunk 5db87bea127f;Lecture 6(2).pdf, page 62, chunk 647cb3801605;Lecture 6(2).pdf, page 53, chunk 4770592a51f1",ollama,qwen2.5:3b,4.779902042995673,2,844,106,"draft_then_rule_guard;route={""in_scope"": ""yes"", ""question_type"": ""false_premise"", ""lecture_topic"": ""model evaluation and selection"", ""search_query"": ""Lecture 6 learning rate scheduler Since the test set is most realistic, why should we tune learning rate on the test set?""}",1.0,1.0,1,1,,auto-score; manually sanity-check before final submission
B051,verification_scope,L7,"Since RNNs have hidden states, why do they never suffer from vanishing gradients?","The premise is wrong. Vanilla RNNs can suffer from vanishing gradients, which motivates gated models such as LSTM.",Lecture 7 RNN LSTM,premise is wrong;vanishing gradients;LSTM,yes,correct_premise,V0_baseline_single_call,Not enough information in the provided course materials.,,,ollama,qwen2.5:3b,0.3903564170032041,1,99,14,,0.0,1.0,0,0,,auto-score; manually sanity-check before final submission
B051,verification_scope,L7,"Since RNNs have hidden states, why do they never suffer from vanishing gradients?","The premise is wrong. Vanilla RNNs can suffer from vanishing gradients, which motivates gated models such as LSTM.",Lecture 7 RNN LSTM,premise is wrong;vanishing gradients;LSTM,yes,correct_premise,V1_retrieval_only,"Direct Answer: Since LSTM networks use gates to control information flow, they do not suffer from vanishing gradients.

Key Terms:
LSTM (Long Short-Term Memory)
gates

Explanation: The provided evidence shows that RNNs can suffer from vanishing and exploding gradient problems when processing long sequences. LSTM addresses this by introducing forget, input, and output gates to control the flow of information through the network. This mechanism allows for better handling of long-term dependencies without the vanishing gradients issue.

Evidence:
[Evidence 1]
[Evidence 2]
[Evidence 3]
[Evidence 4]
[Evidence 5]",ef5b58fac38f;5330f2aefb4b;eb6a6b328ac2;9f21813e67f0;d51e1f8f461c,"RNN_LSTM_Name_Classification_Tutorial (1).ipynb, page 1, chunk ef5b58fac38f;Lecture 7(1).pdf, page 59, chunk 5330f2aefb4b;Lecture 7(1).pdf, page 78, chunk eb6a6b328ac2;Lecture 8(2).pdf, page 7, chunk 9f21813e67f0;Lecture 7(1).pdf, page 7, chunk d51e1f8f461c",ollama,qwen2.5:3b,5.761302833998343,1,1169,153,,0.5,1.0,1,0,,auto-score; manually sanity-check before final submission
B051,verification_scope,L7,"Since RNNs have hidden states, why do they never suffer from vanishing gradients?","The premise is wrong. Vanilla RNNs can suffer from vanishing gradients, which motivates gated models such as LSTM.",Lecture 7 RNN LSTM,premise is wrong;vanishing gradients;LSTM,yes,correct_premise,V2_router_rewrite_retrieval,"Direct Answer: RNNs do not suffer from vanishing gradients because they maintain an internal state, or hidden state, which allows them to capture long-term dependencies in sequences. This mechanism prevents the gradient values from becoming too small and thus avoiding the vanishing gradient problem.

Key Terms:
- Hidden State

Caveat:
- The recurrent nature of RNNs enables them to use their internal states (hidden states) to maintain information across time steps, which is crucial for handling sequences with long-term dependencies without suffering from vanishing gradients.",d51e1f8f461c;9bafece4e6fe;ef5b58fac38f;ec60693a5da1;5330f2aefb4b,"Lecture 7(1).pdf, page 7, chunk d51e1f8f461c;Lecture 9 .pdf, page 8, chunk 9bafece4e6fe;RNN_LSTM_Name_Classification_Tutorial (1).ipynb, page 1, chunk ef5b58fac38f;Lecture 7(1).pdf, page 8, chunk ec60693a5da1;Lecture 7(1).pdf, page 59, chunk 5330f2aefb4b",ollama,qwen2.5:3b,6.83297108298575,2,1291,191,"route={'in_scope': 'yes', 'question_type': 'false_premise', 'lecture_topic': 'Recurrent Neural Networks (RNN) and their challenges', 'search_query': 'Lecture 7 recurrent neural network Since RNNs have hidden states, why do they never suffer from vanishing gradients?'}",0.0,0.5,1,0,,auto-score; manually sanity-check before final submission
B051,verification_scope,L7,"Since RNNs have hidden states, why do they never suffer from vanishing gradients?","The premise is wrong. Vanilla RNNs can suffer from vanishing gradients, which motivates gated models such as LSTM.",Lecture 7 RNN LSTM,premise is wrong;vanishing gradients;LSTM,yes,correct_premise,V3_retrieval_verifier,"The premise is incorrect: The given evidence does not directly support the claim that RNNs never suffer from vanishing gradients because of their hidden states. Instead, it indicates that while LSTM networks use gates to control information flow and alleviate vanishing gradient problems, vanilla RNNs still face these issues.

Evidence: [Evidence 1], [Evidence 2], [Evidence 3]",ef5b58fac38f;5330f2aefb4b;eb6a6b328ac2;9f21813e67f0;d51e1f8f461c,"RNN_LSTM_Name_Classification_Tutorial (1).ipynb, page 1, chunk ef5b58fac38f;Lecture 7(1).pdf, page 59, chunk 5330f2aefb4b;Lecture 7(1).pdf, page 78, chunk eb6a6b328ac2;Lecture 8(2).pdf, page 7, chunk 9f21813e67f0;Lecture 7(1).pdf, page 7, chunk d51e1f8f461c",ollama,qwen2.5:3b,10.393717958999332,2,2599,247,draft_then_verifier,0.5,1.0,1,1,,auto-score; manually sanity-check before final submission
B051,verification_scope,L7,"Since RNNs have hidden states, why do they never suffer from vanishing gradients?","The premise is wrong. Vanilla RNNs can suffer from vanishing gradients, which motivates gated models such as LSTM.",Lecture 7 RNN LSTM,premise is wrong;vanishing gradients;LSTM,yes,correct_premise,V4_full_router_retrieval_verifier,"The premise is incorrect: RNNs do not inherently suffer from vanishing gradients because of their hidden states; rather, they are designed to handle sequences by maintaining a hidden state that allows them to capture long-term dependencies without suffering from vanishing gradients. This mechanism prevents gradient values from becoming too small and thus avoiding the vanishing gradient problem.

Evidence: 1, 3, 5",d51e1f8f461c;9bafece4e6fe;ef5b58fac38f;ec60693a5da1;5330f2aefb4b,"Lecture 7(1).pdf, page 7, chunk d51e1f8f461c;Lecture 9 .pdf, page 8, chunk 9bafece4e6fe;RNN_LSTM_Name_Classification_Tutorial (1).ipynb, page 1, chunk ef5b58fac38f;Lecture 7(1).pdf, page 8, chunk ec60693a5da1;Lecture 7(1).pdf, page 59, chunk 5330f2aefb4b",ollama,qwen2.5:3b,11.301991499989526,3,2677,295,"draft_then_verifier;route={""in_scope"": ""yes"", ""question_type"": ""false_premise"", ""lecture_topic"": ""Recurrent Neural Networks (RNN) and their challenges"", ""search_query"": ""Lecture 7 recurrent neural network Since RNNs have hidden states, why do they never suffer from vanishing gradients?""}",0.0,1.0,1,1,,auto-score; manually sanity-check before final submission
B051,verification_scope,L7,"Since RNNs have hidden states, why do they never suffer from vanishing gradients?","The premise is wrong. Vanilla RNNs can suffer from vanishing gradients, which motivates gated models such as LSTM.",Lecture 7 RNN LSTM,premise is wrong;vanishing gradients;LSTM,yes,correct_premise,A1_full_without_router,"The premise is incorrect: RNNs do not inherently avoid vanishing gradients due to their hidden states; rather, they maintain these states to capture long-term dependencies across sequences. This mechanism allows them to use information from earlier time steps in later ones without suffering from vanishing gradients.

Evidence: 1, 5",d51e1f8f461c;9bafece4e6fe;ef5b58fac38f;ec60693a5da1;5330f2aefb4b,"Lecture 7(1).pdf, page 7, chunk d51e1f8f461c;Lecture 9 .pdf, page 8, chunk 9bafece4e6fe;RNN_LSTM_Name_Classification_Tutorial (1).ipynb, page 1, chunk ef5b58fac38f;Lecture 7(1).pdf, page 8, chunk ec60693a5da1;Lecture 7(1).pdf, page 59, chunk 5330f2aefb4b",ollama,qwen2.5:3b,9.079282457983936,2,2509,228,"draft_then_verifier;route={""in_scope"": ""yes"", ""question_type"": ""false_premise"", ""lecture_topic"": ""Lecture 7 recurrent neural network"", ""search_query"": ""Lecture 7 recurrent neural network Since RNNs have hidden states, why do they never suffer from vanishing gradients?""}",0.0,1.0,1,1,,auto-score; manually sanity-check before final submission
B051,verification_scope,L7,"Since RNNs have hidden states, why do they never suffer from vanishing gradients?","The premise is wrong. Vanilla RNNs can suffer from vanishing gradients, which motivates gated models such as LSTM.",Lecture 7 RNN LSTM,premise is wrong;vanishing gradients;LSTM,yes,correct_premise,A2_full_without_verifier,"Direct Answer: RNNs do not suffer from vanishing gradients because they maintain an internal state, or hidden state, which allows them to capture long-term dependencies in sequences. This mechanism prevents the gradient values from becoming too small and thus avoiding the vanishing gradient problem.

Key Terms:
- Hidden State

Caveat:
- The recurrent nature of RNNs enables them to use their internal states (hidden states) to maintain information across time steps, which is crucial for handling sequences with long-term dependencies without suffering from vanishing gradients.",d51e1f8f461c;9bafece4e6fe;ef5b58fac38f;ec60693a5da1;5330f2aefb4b,"Lecture 7(1).pdf, page 7, chunk d51e1f8f461c;Lecture 9 .pdf, page 8, chunk 9bafece4e6fe;RNN_LSTM_Name_Classification_Tutorial (1).ipynb, page 1, chunk ef5b58fac38f;Lecture 7(1).pdf, page 8, chunk ec60693a5da1;Lecture 7(1).pdf, page 59, chunk 5330f2aefb4b",ollama,qwen2.5:3b,6.83297108298575,2,1291,191,"route={""in_scope"": ""yes"", ""question_type"": ""false_premise"", ""lecture_topic"": ""Recurrent Neural Networks (RNN) and their challenges"", ""search_query"": ""Lecture 7 recurrent neural network Since RNNs have hidden states, why do they never suffer from vanishing gradients?""}",0.0,0.5,1,0,,auto-score; manually sanity-check before final submission
B051,verification_scope,L7,"Since RNNs have hidden states, why do they never suffer from vanishing gradients?","The premise is wrong. Vanilla RNNs can suffer from vanishing gradients, which motivates gated models such as LSTM.",Lecture 7 RNN LSTM,premise is wrong;vanishing gradients;LSTM,yes,correct_premise,A3_full_topk2,"The premise is incorrect: RNNs do not inherently avoid vanishing gradients solely because they have hidden states. The provided evidence does not support this claim. Instead, it indicates that RNNs maintain hidden states to process sequences and carry information across time steps, which can help in mitigating the vanishing gradient problem through mechanisms like gating (e.g., LSTM) or residual connections.

Evidence: [1], [2]",d51e1f8f461c;9bafece4e6fe,"Lecture 7(1).pdf, page 7, chunk d51e1f8f461c;Lecture 9 .pdf, page 8, chunk 9bafece4e6fe",ollama,qwen2.5:3b,8.557140207994962,3,1177,260,"draft_then_verifier;route={""in_scope"": ""yes"", ""question_type"": ""false_premise"", ""lecture_topic"": ""Recurrent Neural Networks (RNN) and their challenges"", ""search_query"": ""Lecture 7 recurrent neural network Since RNNs have hidden states, why do they never suffer from vanishing gradients?""}",0.5,1.0,1,1,,auto-score; manually sanity-check before final submission
B051,verification_scope,L7,"Since RNNs have hidden states, why do they never suffer from vanishing gradients?","The premise is wrong. Vanilla RNNs can suffer from vanishing gradients, which motivates gated models such as LSTM.",Lecture 7 RNN LSTM,premise is wrong;vanishing gradients;LSTM,yes,correct_premise,A4_full_without_calculation_guard,"The premise is incorrect: RNNs do not inherently suffer from vanishing gradients because of their hidden states; rather, they are designed to handle sequences by maintaining a hidden state that allows them to capture long-term dependencies without suffering from vanishing gradients. This mechanism prevents gradient values from becoming too small and thus avoiding the vanishing gradient problem.

Evidence: 1, 3, 5",d51e1f8f461c;9bafece4e6fe;ef5b58fac38f;ec60693a5da1;5330f2aefb4b,"Lecture 7(1).pdf, page 7, chunk d51e1f8f461c;Lecture 9 .pdf, page 8, chunk 9bafece4e6fe;RNN_LSTM_Name_Classification_Tutorial (1).ipynb, page 1, chunk ef5b58fac38f;Lecture 7(1).pdf, page 8, chunk ec60693a5da1;Lecture 7(1).pdf, page 59, chunk 5330f2aefb4b",ollama,qwen2.5:3b,11.301991499989526,3,2677,295,"draft_then_verifier;route={""in_scope"": ""yes"", ""question_type"": ""false_premise"", ""lecture_topic"": ""Recurrent Neural Networks (RNN) and their challenges"", ""search_query"": ""Lecture 7 recurrent neural network Since RNNs have hidden states, why do they never suffer from vanishing gradients?""}",0.0,1.0,1,1,,auto-score; manually sanity-check before final submission
B052,verification_scope,L8,"Since attention always removes the need for any sequence order information, why do Transformers ignore position completely?","The premise is wrong. Attention itself does not encode order, so Transformer-style models need positional information.",Lecture 8 Transformer positional encoding,premise is wrong;attention;order;positional,yes,correct_premise,V0_baseline_single_call,"Transformers do not explicitly use positional information because they rely on self-attention mechanisms to capture dependencies between elements in a sequence without needing to know their absolute positions. This is detailed in [Transformer paper](https://arxiv.org/abs/1706.03762). The self-attention mechanism allows the model to weigh the importance of each element relative to others, regardless of their position in the sequence, thus effectively ignoring positional information.",,,ollama,qwen2.5:3b,2.935667375000776,1,110,121,,0.5,0.5,0,0,,auto-score; manually sanity-check before final submission
B052,verification_scope,L8,"Since attention always removes the need for any sequence order information, why do Transformers ignore position completely?","The premise is wrong. Attention itself does not encode order, so Transformer-style models need positional information.",Lecture 8 Transformer positional encoding,premise is wrong;attention;order;positional,yes,correct_premise,V1_retrieval_only,"Since attention always removes the need for any sequence order information, Transformers ignore position completely because they use self-attention to flexibly align words regardless of their position.

Key Course Terms:
1. Attention mechanism
2. Self-Attention

Caveat:
Transformers do not require positional encoding as they rely on the alignment provided by attention mechanisms rather than explicit position information.

Evidence: [Evidence 1], [Evidence 4]",c0b8f03a6731;8f30d820a639;4dd83da30e1e;8c64833cf585;572b04a1f8da,"Lecture 7(1).pdf, page 72, chunk c0b8f03a6731;Lecture 8(2).pdf, page 3, chunk 8f30d820a639;Lecture 8(2).pdf, page 21, chunk 4dd83da30e1e;Lecture 8(2).pdf, page 18, chunk 8c64833cf585;Lecture 8(2).pdf, page 60, chunk 572b04a1f8da",ollama,qwen2.5:3b,3.898733250010992,1,810,115,,1.0,1.0,1,0,,auto-score; manually sanity-check before final submission
B052,verification_scope,L8,"Since attention always removes the need for any sequence order information, why do Transformers ignore position completely?","The premise is wrong. Attention itself does not encode order, so Transformer-style models need positional information.",Lecture 8 Transformer positional encoding,premise is wrong;attention;order;positional,yes,correct_premise,V2_router_rewrite_retrieval,"Since attention mechanisms in Transformers do not require sequence order information, they ignore position completely. This is because attention allows the model to flexibly align words regardless of their position, as demonstrated by the output from the Transformer's parallel self-attention mechanism which outputs context vectors without considering sequential processing.

Key Course Terms:
- Attention
- Parallel Self-Attention

Evidence: [Evidence 1], [Evidence 2], [Evidence 4]",8f30d820a639;eb9d7e1e1eee;8726ed1d9ed7;c0b8f03a6731;8c64833cf585,"Lecture 8(2).pdf, page 3, chunk 8f30d820a639;Lecture 7(1).pdf, page 77, chunk eb9d7e1e1eee;Lecture 7(1).pdf, page 79, chunk 8726ed1d9ed7;Lecture 7(1).pdf, page 72, chunk c0b8f03a6731;Lecture 8(2).pdf, page 18, chunk 8c64833cf585",ollama,qwen2.5:3b,5.68177624999953,2,1047,168,"route={'in_scope': 'yes', 'question_type': 'false_premise', 'lecture_topic': 'position encoding in transformers', 'search_query': 'Lecture 8 attention transformer Since attention always removes the need for any sequence order information, why do Transformers ignore position completely?'}",0.5,1.0,1,0,,auto-score; manually sanity-check before final submission
B052,verification_scope,L8,"Since attention always removes the need for any sequence order information, why do Transformers ignore position completely?","The premise is wrong. Attention itself does not encode order, so Transformer-style models need positional information.",Lecture 8 Transformer positional encoding,premise is wrong;attention;order;positional,yes,correct_premise,V3_retrieval_verifier,"The premise is incorrect: Since attention mechanism removes the need for sequence order information, Transformers do not ignore position completely; they use self-attention to flexibly align words regardless of their position while still incorporating positional encoding through special functions like 𝑝𝑜𝑠.

Evidence: [Evidence 1], [Evidence 3]",c0b8f03a6731;8f30d820a639;4dd83da30e1e;8c64833cf585;572b04a1f8da,"Lecture 7(1).pdf, page 72, chunk c0b8f03a6731;Lecture 8(2).pdf, page 3, chunk 8f30d820a639;Lecture 8(2).pdf, page 21, chunk 4dd83da30e1e;Lecture 8(2).pdf, page 18, chunk 8c64833cf585;Lecture 8(2).pdf, page 60, chunk 572b04a1f8da",ollama,qwen2.5:3b,7.408089084012317,2,1853,201,draft_then_verifier,1.0,1.0,1,1,,auto-score; manually sanity-check before final submission
B052,verification_scope,L8,"Since attention always removes the need for any sequence order information, why do Transformers ignore position completely?","The premise is wrong. Attention itself does not encode order, so Transformer-style models need positional information.",Lecture 8 Transformer positional encoding,premise is wrong;attention;order;positional,yes,correct_premise,V4_full_router_retrieval_verifier,"The premise is incorrect: Since attention mechanisms in Transformers do not require sequence order information, they ignore position completely.

Transformer's parallel self-attention mechanism outputs context vectors without considering sequential processing, which demonstrates that attention allows the model to flexibly align words regardless of their position. However, this does not mean Transformers ignore position completely; rather, it shows how Transformers can handle sequences differently from RNN-based models by focusing on alignment and flexibility rather than strict sequence order.

Evidence: [Evidence 1], [Evidence 2], [Evidence 4]",8f30d820a639;eb9d7e1e1eee;8726ed1d9ed7;c0b8f03a6731;8c64833cf585,"Lecture 8(2).pdf, page 3, chunk 8f30d820a639;Lecture 7(1).pdf, page 77, chunk eb9d7e1e1eee;Lecture 7(1).pdf, page 79, chunk 8726ed1d9ed7;Lecture 7(1).pdf, page 72, chunk c0b8f03a6731;Lecture 8(2).pdf, page 18, chunk 8c64833cf585",ollama,qwen2.5:3b,10.823923584001022,3,2158,330,"draft_then_verifier;route={""in_scope"": ""yes"", ""question_type"": ""false_premise"", ""lecture_topic"": ""position encoding in transformers"", ""search_query"": ""Lecture 8 attention transformer Since attention always removes the need for any sequence order information, why do Transformers ignore position completely?""}",0.5,1.0,1,1,,auto-score; manually sanity-check before final submission
B052,verification_scope,L8,"Since attention always removes the need for any sequence order information, why do Transformers ignore position completely?","The premise is wrong. Attention itself does not encode order, so Transformer-style models need positional information.",Lecture 8 Transformer positional encoding,premise is wrong;attention;order;positional,yes,correct_premise,A1_full_without_router,"The premise is incorrect: Since attention mechanisms in Transformers do not require sequence order information, they ignore position completely.

Transformer's parallel self-attention mechanism outputs context vectors without considering sequential processing, demonstrating that attention allows the model to flexibly align words regardless of their position. However, this does not mean Transformers ignore position completely; rather, it shows how Transformers can process sequences in a way that is independent of sequence order but still maintains some form of positional information through alignment mechanisms.

Evidence: [Evidence 1], [Evidence 2], [Evidence 4]",8f30d820a639;eb9d7e1e1eee;8726ed1d9ed7;c0b8f03a6731;8c64833cf585,"Lecture 8(2).pdf, page 3, chunk 8f30d820a639;Lecture 7(1).pdf, page 77, chunk eb9d7e1e1eee;Lecture 7(1).pdf, page 79, chunk 8726ed1d9ed7;Lecture 7(1).pdf, page 72, chunk c0b8f03a6731;Lecture 8(2).pdf, page 18, chunk 8c64833cf585",ollama,qwen2.5:3b,9.396759458992165,2,1984,288,"draft_then_verifier;route={""in_scope"": ""yes"", ""question_type"": ""false_premise"", ""lecture_topic"": ""Lecture 8 attention transformer"", ""search_query"": ""Lecture 8 attention transformer Since attention always removes the need for any sequence order information, why do Transformers ignore position completely?""}",1.0,1.0,1,1,,auto-score; manually sanity-check before final submission
B052,verification_scope,L8,"Since attention always removes the need for any sequence order information, why do Transformers ignore position completely?","The premise is wrong. Attention itself does not encode order, so Transformer-style models need positional information.",Lecture 8 Transformer positional encoding,premise is wrong;attention;order;positional,yes,correct_premise,A2_full_without_verifier,"Since attention mechanisms in Transformers do not require sequence order information, they ignore position completely. This is because attention allows the model to flexibly align words regardless of their position, as demonstrated by the output from the Transformer's parallel self-attention mechanism which outputs context vectors without considering sequential processing.

Key Course Terms:
- Attention
- Parallel Self-Attention

Evidence: [Evidence 1], [Evidence 2], [Evidence 4]",8f30d820a639;eb9d7e1e1eee;8726ed1d9ed7;c0b8f03a6731;8c64833cf585,"Lecture 8(2).pdf, page 3, chunk 8f30d820a639;Lecture 7(1).pdf, page 77, chunk eb9d7e1e1eee;Lecture 7(1).pdf, page 79, chunk 8726ed1d9ed7;Lecture 7(1).pdf, page 72, chunk c0b8f03a6731;Lecture 8(2).pdf, page 18, chunk 8c64833cf585",ollama,qwen2.5:3b,5.68177624999953,2,1047,168,"route={""in_scope"": ""yes"", ""question_type"": ""false_premise"", ""lecture_topic"": ""position encoding in transformers"", ""search_query"": ""Lecture 8 attention transformer Since attention always removes the need for any sequence order information, why do Transformers ignore position completely?""}",0.5,1.0,1,0,,auto-score; manually sanity-check before final submission
B052,verification_scope,L8,"Since attention always removes the need for any sequence order information, why do Transformers ignore position completely?","The premise is wrong. Attention itself does not encode order, so Transformer-style models need positional information.",Lecture 8 Transformer positional encoding,premise is wrong;attention;order;positional,yes,correct_premise,A3_full_topk2,"The premise is incorrect: Transformers do not ignore position completely because attention mechanisms inherently remove the need for sequence order information, allowing them to process sequences without positional dependencies. Instead, they use a mechanism called self-attention that computes alignments between query vectors and key vectors derived from input vectors through linear transformations (Wk for keys, Wv for values, and Wq for queries). These alignments are computed independently of sequence order.

Evidence: [Evidence 1], [Evidence 2]",8f30d820a639;eb9d7e1e1eee,"Lecture 8(2).pdf, page 3, chunk 8f30d820a639;Lecture 7(1).pdf, page 77, chunk eb9d7e1e1eee",ollama,qwen2.5:3b,13.297058543001183,3,1460,458,"draft_then_verifier;route={""in_scope"": ""yes"", ""question_type"": ""false_premise"", ""lecture_topic"": ""position encoding in transformers"", ""search_query"": ""Lecture 8 attention transformer Since attention always removes the need for any sequence order information, why do Transformers ignore position completely?""}",1.0,1.0,1,1,,auto-score; manually sanity-check before final submission
B052,verification_scope,L8,"Since attention always removes the need for any sequence order information, why do Transformers ignore position completely?","The premise is wrong. Attention itself does not encode order, so Transformer-style models need positional information.",Lecture 8 Transformer positional encoding,premise is wrong;attention;order;positional,yes,correct_premise,A4_full_without_calculation_guard,"The premise is incorrect: Since attention mechanisms in Transformers do not require sequence order information, they ignore position completely.

Transformer's parallel self-attention mechanism outputs context vectors without considering sequential processing, which demonstrates that attention allows the model to flexibly align words regardless of their position. However, this does not mean Transformers ignore position completely; rather, it shows how Transformers can handle sequences differently from RNN-based models by focusing on alignment and flexibility rather than strict sequence order.

Evidence: [Evidence 1], [Evidence 2], [Evidence 4]",8f30d820a639;eb9d7e1e1eee;8726ed1d9ed7;c0b8f03a6731;8c64833cf585,"Lecture 8(2).pdf, page 3, chunk 8f30d820a639;Lecture 7(1).pdf, page 77, chunk eb9d7e1e1eee;Lecture 7(1).pdf, page 79, chunk 8726ed1d9ed7;Lecture 7(1).pdf, page 72, chunk c0b8f03a6731;Lecture 8(2).pdf, page 18, chunk 8c64833cf585",ollama,qwen2.5:3b,10.823923584001022,3,2158,330,"draft_then_verifier;route={""in_scope"": ""yes"", ""question_type"": ""false_premise"", ""lecture_topic"": ""position encoding in transformers"", ""search_query"": ""Lecture 8 attention transformer Since attention always removes the need for any sequence order information, why do Transformers ignore position completely?""}",0.5,1.0,1,1,,auto-score; manually sanity-check before final submission
B053,verification_scope,L9,"Since GANs explicitly compute likelihood p(x), why are they called explicit-density models?",The premise is wrong. GANs are usually treated as implicit-density models because they generate samples without explicitly defining likelihood.,Lecture 9 generative models taxonomy,premise is wrong;implicit density;likelihood,yes,correct_premise,V0_baseline_single_call,"GANs are called explicit-density models because they directly compute the probability density (p(x)) of their generated data, which is a key characteristic distinguishing them from implicit-density models like variational autoencoders. This direct computation aligns with the term ""explicit"" as it explicitly represents the likelihood of observed data without approximations or indirect representations.",,,ollama,qwen2.5:3b,2.200506540990318,1,102,100,,0.5,0.5,0,0,,auto-score; manually sanity-check before final submission
B053,verification_scope,L9,"Since GANs explicitly compute likelihood p(x), why are they called explicit-density models?",The premise is wrong. GANs are usually treated as implicit-density models because they generate samples without explicitly defining likelihood.,Lecture 9 generative models taxonomy,premise is wrong;implicit density;likelihood,yes,correct_premise,V1_retrieval_only,"Since GANs explicitly compute likelihood p(x), they are called explicit-density models. This is because GANs learn to approximate pdata(x) by maximizing the likelihood of training data, which aligns with the definition of an explicit density model where pmodel(x) is explicitly defined and learned without needing an explicit formulation for it.

Evidence: [Evidence 1], [Evidence 2], [Evidence 3]",d4607e65ad03;f1927a6e4afa;a21e4792e1de;fc2c01e29732;248063a0caa9,"Lecture 9 .pdf, page 43, chunk d4607e65ad03;Lecture 9 .pdf, page 20, chunk f1927a6e4afa;Lecture 9 .pdf, page 5, chunk a21e4792e1de;Lecture 9 .pdf, page 6, chunk fc2c01e29732;Lecture 9 .pdf, page 7, chunk 248063a0caa9",ollama,qwen2.5:3b,3.646732791996328,1,679,99,,0.0,1.0,1,0,,auto-score; manually sanity-check before final submission
B053,verification_scope,L9,"Since GANs explicitly compute likelihood p(x), why are they called explicit-density models?",The premise is wrong. GANs are usually treated as implicit-density models because they generate samples without explicitly defining likelihood.,Lecture 9 generative models taxonomy,premise is wrong;implicit density;likelihood,yes,correct_premise,V2_router_rewrite_retrieval,"Since GANs explicitly compute likelihood p(x), they are called explicit-density models because GANs solve for the model pmodel(x) without explicitly defining it, as per Evidence [Evidence 1] and Evidence [Evidence 2]. This is in contrast to implicit-density models like Mixture Models or Gaussian Mixture Adversarial Networks/PixelCNN Networks.

Key Course Terms:
- Explicit Density
- Implicit Density

Caveat:
GANs are advantageous for their ability to explicitly compute likelihood p(x), which leads to high-quality samples and ease of optimization, as detailed in Evidence [Evidence 4] and Evidence [Evidence 5]. However, they also have limitations such as being trickier and unstable to train without an explicit formulation for p(x).

Evidence: [Evidence 1], [Evidence 2], [Evidence 4], [Evidence 5]",a21e4792e1de;f1927a6e4afa;d4607e65ad03;85afa669b7c4;e602491ff0e6,"Lecture 9 .pdf, page 5, chunk a21e4792e1de;Lecture 9 .pdf, page 20, chunk f1927a6e4afa;Lecture 9 .pdf, page 43, chunk d4607e65ad03;Lecture 9 .pdf, page 77, chunk 85afa669b7c4;Lecture 9 .pdf, page 44, chunk e602491ff0e6",ollama,qwen2.5:3b,8.036989790998632,2,754,246,"route={'in_scope': 'yes', 'question_type': 'false_premise', 'lecture_topic': 'Generative Adversarial Networks (GANs)', 'search_query': 'Lecture 9 generative adversarial network Since GANs explicitly compute likelihood p(x), why are they called explicit-density models?'}",0.5,1.0,1,0,,auto-score; manually sanity-check before final submission
B053,verification_scope,L9,"Since GANs explicitly compute likelihood p(x), why are they called explicit-density models?",The premise is wrong. GANs are usually treated as implicit-density models because they generate samples without explicitly defining likelihood.,Lecture 9 generative models taxonomy,premise is wrong;implicit density;likelihood,yes,correct_premise,V3_retrieval_verifier,"The premise is incorrect: GANs are called explicit-density models because they learn to approximate pdata(x) by maximizing the likelihood of training data, which aligns with the definition of an explicit density model where pmodel(x) is explicitly defined and learned without needing an explicit formulation for it.

Evidence: [Evidence 1], [Evidence 2], [Evidence 3]",d4607e65ad03;f1927a6e4afa;a21e4792e1de;fc2c01e29732;248063a0caa9,"Lecture 9 .pdf, page 43, chunk d4607e65ad03;Lecture 9 .pdf, page 20, chunk f1927a6e4afa;Lecture 9 .pdf, page 5, chunk a21e4792e1de;Lecture 9 .pdf, page 6, chunk fc2c01e29732;Lecture 9 .pdf, page 7, chunk 248063a0caa9",ollama,qwen2.5:3b,7.341110791996471,2,1570,190,draft_then_verifier,0.0,1.0,1,1,,auto-score; manually sanity-check before final submission
B053,verification_scope,L9,"Since GANs explicitly compute likelihood p(x), why are they called explicit-density models?",The premise is wrong. GANs are usually treated as implicit-density models because they generate samples without explicitly defining likelihood.,Lecture 9 generative models taxonomy,premise is wrong;implicit density;likelihood,yes,correct_premise,V4_full_router_retrieval_verifier,"The premise is incorrect: Since GANs explicitly compute likelihood p(x), they are called explicit-density models because GANs solve for the model pmodel(x) without explicitly defining it, as per Evidence [Evidence 1] and Evidence [Evidence 2]. This contradicts the statement that GANs are called explicit-density models solely based on their ability to compute likelihood p(x).

Evidence: [Evidence 1], [Evidence 2]",a21e4792e1de;f1927a6e4afa;d4607e65ad03;85afa669b7c4;e602491ff0e6,"Lecture 9 .pdf, page 5, chunk a21e4792e1de;Lecture 9 .pdf, page 20, chunk f1927a6e4afa;Lecture 9 .pdf, page 43, chunk d4607e65ad03;Lecture 9 .pdf, page 77, chunk 85afa669b7c4;Lecture 9 .pdf, page 44, chunk e602491ff0e6",ollama,qwen2.5:3b,12.1083839990024,3,1656,349,"draft_then_verifier;route={""in_scope"": ""yes"", ""question_type"": ""false_premise"", ""lecture_topic"": ""Generative Adversarial Networks (GANs)"", ""search_query"": ""Lecture 9 generative adversarial network Since GANs explicitly compute likelihood p(x), why are they called explicit-density models?""}",0.0,1.0,1,1,,auto-score; manually sanity-check before final submission
B053,verification_scope,L9,"Since GANs explicitly compute likelihood p(x), why are they called explicit-density models?",The premise is wrong. GANs are usually treated as implicit-density models because they generate samples without explicitly defining likelihood.,Lecture 9 generative models taxonomy,premise is wrong;implicit density;likelihood,yes,correct_premise,A1_full_without_router,"The premise is incorrect: Since GANs explicitly compute likelihood p(x), they are called explicit-density models because GANs solve for the model pmodel(x) without explicitly defining it, as per Evidence [Evidence 1] and Evidence [Evidence 2]. This statement contradicts the provided evidence which states that GANs are called ""explicit-density models"" because they can explicitly compute likelihood p(x), not because they do not define it.",a21e4792e1de;f1927a6e4afa;d4607e65ad03;85afa669b7c4;e602491ff0e6,"Lecture 9 .pdf, page 5, chunk a21e4792e1de;Lecture 9 .pdf, page 20, chunk f1927a6e4afa;Lecture 9 .pdf, page 43, chunk d4607e65ad03;Lecture 9 .pdf, page 77, chunk 85afa669b7c4;Lecture 9 .pdf, page 44, chunk e602491ff0e6",ollama,qwen2.5:3b,10.390774248997332,2,1490,311,"draft_then_verifier;route={""in_scope"": ""yes"", ""question_type"": ""false_premise"", ""lecture_topic"": ""Lecture 9 generative adversarial network"", ""search_query"": ""Lecture 9 generative adversarial network Since GANs explicitly compute likelihood p(x), why are they called explicit-density models?""}",0.0,1.0,1,1,,auto-score; manually sanity-check before final submission
B053,verification_scope,L9,"Since GANs explicitly compute likelihood p(x), why are they called explicit-density models?",The premise is wrong. GANs are usually treated as implicit-density models because they generate samples without explicitly defining likelihood.,Lecture 9 generative models taxonomy,premise is wrong;implicit density;likelihood,yes,correct_premise,A2_full_without_verifier,"Since GANs explicitly compute likelihood p(x), they are called explicit-density models because GANs solve for the model pmodel(x) without explicitly defining it, as per Evidence [Evidence 1] and Evidence [Evidence 2]. This is in contrast to implicit-density models like Mixture Models or Gaussian Mixture Adversarial Networks/PixelCNN Networks.

Key Course Terms:
- Explicit Density
- Implicit Density

Caveat:
GANs are advantageous for their ability to explicitly compute likelihood p(x), which leads to high-quality samples and ease of optimization, as detailed in Evidence [Evidence 4] and Evidence [Evidence 5]. However, they also have limitations such as being trickier and unstable to train without an explicit formulation for p(x).

Evidence: [Evidence 1], [Evidence 2], [Evidence 4], [Evidence 5]",a21e4792e1de;f1927a6e4afa;d4607e65ad03;85afa669b7c4;e602491ff0e6,"Lecture 9 .pdf, page 5, chunk a21e4792e1de;Lecture 9 .pdf, page 20, chunk f1927a6e4afa;Lecture 9 .pdf, page 43, chunk d4607e65ad03;Lecture 9 .pdf, page 77, chunk 85afa669b7c4;Lecture 9 .pdf, page 44, chunk e602491ff0e6",ollama,qwen2.5:3b,8.036989790998632,2,754,246,"route={""in_scope"": ""yes"", ""question_type"": ""false_premise"", ""lecture_topic"": ""Generative Adversarial Networks (GANs)"", ""search_query"": ""Lecture 9 generative adversarial network Since GANs explicitly compute likelihood p(x), why are they called explicit-density models?""}",0.5,1.0,1,0,,auto-score; manually sanity-check before final submission
B053,verification_scope,L9,"Since GANs explicitly compute likelihood p(x), why are they called explicit-density models?",The premise is wrong. GANs are usually treated as implicit-density models because they generate samples without explicitly defining likelihood.,Lecture 9 generative models taxonomy,premise is wrong;implicit density;likelihood,yes,correct_premise,A3_full_topk2,"The premise is incorrect: GANs are called explicit-density models because they solve for pmodel(x) without explicitly defining it, which aligns with their role in generative models.

Evidence: [1], [2]",a21e4792e1de;f1927a6e4afa,"Lecture 9 .pdf, page 5, chunk a21e4792e1de;Lecture 9 .pdf, page 20, chunk f1927a6e4afa",ollama,qwen2.5:3b,7.036630583010265,3,1159,184,"draft_then_verifier;route={""in_scope"": ""yes"", ""question_type"": ""false_premise"", ""lecture_topic"": ""Generative Adversarial Networks (GANs)"", ""search_query"": ""Lecture 9 generative adversarial network Since GANs explicitly compute likelihood p(x), why are they called explicit-density models?""}",0.0,1.0,1,1,,auto-score; manually sanity-check before final submission
B053,verification_scope,L9,"Since GANs explicitly compute likelihood p(x), why are they called explicit-density models?",The premise is wrong. GANs are usually treated as implicit-density models because they generate samples without explicitly defining likelihood.,Lecture 9 generative models taxonomy,premise is wrong;implicit density;likelihood,yes,correct_premise,A4_full_without_calculation_guard,"The premise is incorrect: Since GANs explicitly compute likelihood p(x), they are called explicit-density models because GANs solve for the model pmodel(x) without explicitly defining it, as per Evidence [Evidence 1] and Evidence [Evidence 2]. This contradicts the statement that GANs are called explicit-density models solely based on their ability to compute likelihood p(x).

Evidence: [Evidence 1], [Evidence 2]",a21e4792e1de;f1927a6e4afa;d4607e65ad03;85afa669b7c4;e602491ff0e6,"Lecture 9 .pdf, page 5, chunk a21e4792e1de;Lecture 9 .pdf, page 20, chunk f1927a6e4afa;Lecture 9 .pdf, page 43, chunk d4607e65ad03;Lecture 9 .pdf, page 77, chunk 85afa669b7c4;Lecture 9 .pdf, page 44, chunk e602491ff0e6",ollama,qwen2.5:3b,12.1083839990024,3,1656,349,"draft_then_verifier;route={""in_scope"": ""yes"", ""question_type"": ""false_premise"", ""lecture_topic"": ""Generative Adversarial Networks (GANs)"", ""search_query"": ""Lecture 9 generative adversarial network Since GANs explicitly compute likelihood p(x), why are they called explicit-density models?""}",0.0,1.0,1,1,,auto-score; manually sanity-check before final submission
B054,verification_scope,L2-L9,What exact questions will appear in the COMP5541 final exam?,"The provided materials do not contain the exact final exam questions, so the system should refuse to invent them.",Course materials scope,not enough information;exact final exam,no,refuse,V0_baseline_single_call,Not enough information in the provided course materials.,,,ollama,qwen2.5:3b,0.3444255000067642,1,94,14,,1.0,1.0,0,,1,auto-score; manually sanity-check before final submission
B054,verification_scope,L2-L9,What exact questions will appear in the COMP5541 final exam?,"The provided materials do not contain the exact final exam questions, so the system should refuse to invent them.",Course materials scope,not enough information;exact final exam,no,refuse,V1_retrieval_only,"Answer:
The exact questions that will appear in the COMP5541 final exam are covered by the first two parts of the course structure, which include Machine Learning Basics and K-Nearest Neighbor.

Key Course Terms: Machine Learning Basics, K-Nearest Neighbor

Evidence: [Evidence 4], [Evidence 5]",dd79492c0634;4912c313171b;c21058527fdf;553b153b0af9;48d0dafb390b,"T3-Machine Learning Development_Q.pdf, page 24, chunk dd79492c0634;T3-Machine Learning Development_Q.pdf, page 23, chunk 4912c313171b;Lecture2-2026-COMP5541(1).pdf, page 65, chunk c21058527fdf;Lecture 8(2).pdf, page 2, chunk 553b153b0af9;Lecture 6(2).pdf, page 2, chunk 48d0dafb390b",ollama,qwen2.5:3b,3.9238426250085463,1,1060,73,,0.0,1.0,0,,0,auto-score; manually sanity-check before final submission
B054,verification_scope,L2-L9,What exact questions will appear in the COMP5541 final exam?,"The provided materials do not contain the exact final exam questions, so the system should refuse to invent them.",Course materials scope,not enough information;exact final exam,no,refuse,V2_router_rewrite_retrieval,"Answer: The exact questions that will appear in the COMP5541 final exam are covered by Lectures 2-6. They include True or False questions, Multiple-choice questions, and two Problem-solving questions (covering material from Lectures 4 and 5). The format of the quiz is paper-based and open-book; students may bring one double-sided A4 sheet but not electronic devices such as laptops, tablets, smartphones.

Key Course Terms: Lecture, True or False question, Multiple-choice question, Problem-solving question

Evidence:
[Evidence 3]",dd79492c0634;4912c313171b;48d0dafb390b;3f5e6c0832e7;bbfe6e72d6ae,"T3-Machine Learning Development_Q.pdf, page 24, chunk dd79492c0634;T3-Machine Learning Development_Q.pdf, page 23, chunk 4912c313171b;Lecture 6(2).pdf, page 2, chunk 48d0dafb390b;T4-pytorch.pdf, page 1, chunk 3f5e6c0832e7;Lecture 9 .pdf, page 1, chunk bbfe6e72d6ae",ollama,qwen2.5:3b,6.627097624994349,2,1042,165,"route={'in_scope': 'no', 'question_type': 'unanswerable', 'lecture_topic': '', 'search_query': 'COMP5541 Lectures 2-9 What exact questions will appear in the COMP5541 final exam?'}",0.0,1.0,0,,0,auto-score; manually sanity-check before final submission
B054,verification_scope,L2-L9,What exact questions will appear in the COMP5541 final exam?,"The provided materials do not contain the exact final exam questions, so the system should refuse to invent them.",Course materials scope,not enough information;exact final exam,no,refuse,V3_retrieval_verifier,"Answer:
The exact questions that will appear in the COMP5541 final exam are covered by the first two parts of the course structure, which include Machine Learning Basics and K-Nearest Neighbor.

Key Course Terms: Machine Learning Basics, K-Nearest Neighbor

Evidence: [Evidence 4], [Evidence 5]",dd79492c0634;4912c313171b;c21058527fdf;553b153b0af9;48d0dafb390b,"T3-Machine Learning Development_Q.pdf, page 24, chunk dd79492c0634;T3-Machine Learning Development_Q.pdf, page 23, chunk 4912c313171b;Lecture2-2026-COMP5541(1).pdf, page 65, chunk c21058527fdf;Lecture 8(2).pdf, page 2, chunk 553b153b0af9;Lecture 6(2).pdf, page 2, chunk 48d0dafb390b",ollama,qwen2.5:3b,8.289166459013359,2,2335,151,draft_then_verifier_rejected_overcorrection,0.0,1.0,0,,0,auto-score; manually sanity-check before final submission
B054,verification_scope,L2-L9,What exact questions will appear in the COMP5541 final exam?,"The provided materials do not contain the exact final exam questions, so the system should refuse to invent them.",Course materials scope,not enough information;exact final exam,no,refuse,V4_full_router_retrieval_verifier,not enough information in the provided course materials,,,ollama,qwen2.5:3b,1.8506957909994528,2,321,45,"route={""in_scope"": ""no"", ""question_type"": ""unanswerable"", ""lecture_topic"": """", ""search_query"": ""COMP5541 Lectures 2-9 What exact questions will appear in the COMP5541 final exam?""}",1.0,1.0,0,,1,auto-score; manually sanity-check before final submission
B054,verification_scope,L2-L9,What exact questions will appear in the COMP5541 final exam?,"The provided materials do not contain the exact final exam questions, so the system should refuse to invent them.",Course materials scope,not enough information;exact final exam,no,refuse,A1_full_without_router,"Answer: The exact questions that will appear in the COMP5541 final exam are covered by Lectures 2-6. They include True or False questions, Multiple-choice questions, and two Problem-solving questions (covering material from Lectures 4 and 5). The format of the quiz is paper-based and open-book; students may bring one double-sided A4 sheet but not electronic devices such as laptops, tablets, smartphones.

Key Course Terms: Lecture, True or False question, Multiple-choice question, Problem-solving question

Evidence:
[Evidence 3]",dd79492c0634;4912c313171b;48d0dafb390b;3f5e6c0832e7;bbfe6e72d6ae,"T3-Machine Learning Development_Q.pdf, page 24, chunk dd79492c0634;T3-Machine Learning Development_Q.pdf, page 23, chunk 4912c313171b;Lecture 6(2).pdf, page 2, chunk 48d0dafb390b;T4-pytorch.pdf, page 1, chunk 3f5e6c0832e7;Lecture 9 .pdf, page 1, chunk bbfe6e72d6ae",ollama,qwen2.5:3b,10.31618895799329,2,2042,245,"draft_then_verifier_rejected_overcorrection;route={""in_scope"": ""yes"", ""question_type"": ""concept"", ""lecture_topic"": ""COMP5541 Lectures 2-9"", ""search_query"": ""COMP5541 Lectures 2-9 What exact questions will appear in the COMP5541 final exam?""}",0.0,1.0,0,,0,auto-score; manually sanity-check before final submission
B054,verification_scope,L2-L9,What exact questions will appear in the COMP5541 final exam?,"The provided materials do not contain the exact final exam questions, so the system should refuse to invent them.",Course materials scope,not enough information;exact final exam,no,refuse,A2_full_without_verifier,not enough information in the provided course materials,,,ollama,qwen2.5:3b,1.8506957909994528,2,321,45,"route={""in_scope"": ""no"", ""question_type"": ""unanswerable"", ""lecture_topic"": """", ""search_query"": ""COMP5541 Lectures 2-9 What exact questions will appear in the COMP5541 final exam?""}",1.0,1.0,0,,1,auto-score; manually sanity-check before final submission
B054,verification_scope,L2-L9,What exact questions will appear in the COMP5541 final exam?,"The provided materials do not contain the exact final exam questions, so the system should refuse to invent them.",Course materials scope,not enough information;exact final exam,no,refuse,A3_full_topk2,not enough information in the provided course materials,,,ollama,qwen2.5:3b,1.8506957909994528,2,321,45,"route={""in_scope"": ""no"", ""question_type"": ""unanswerable"", ""lecture_topic"": """", ""search_query"": ""COMP5541 Lectures 2-9 What exact questions will appear in the COMP5541 final exam?""}",1.0,1.0,0,,1,auto-score; manually sanity-check before final submission
B054,verification_scope,L2-L9,What exact questions will appear in the COMP5541 final exam?,"The provided materials do not contain the exact final exam questions, so the system should refuse to invent them.",Course materials scope,not enough information;exact final exam,no,refuse,A4_full_without_calculation_guard,not enough information in the provided course materials,,,ollama,qwen2.5:3b,1.8506957909994528,2,321,45,"route={""in_scope"": ""no"", ""question_type"": ""unanswerable"", ""lecture_topic"": """", ""search_query"": ""COMP5541 Lectures 2-9 What exact questions will appear in the COMP5541 final exam?""}",1.0,1.0,0,,1,auto-score; manually sanity-check before final submission
B055,verification_scope,L2-L9,What private comments did the instructor make about grading after class?,"The provided materials do not contain private after-class comments, so the system should refuse to answer.",Course materials scope,not enough information;private comments,no,refuse,V0_baseline_single_call,Not enough information in the provided course materials.,,,ollama,qwen2.5:3b,0.2919762499986973,1,97,14,,1.0,1.0,0,,1,auto-score; manually sanity-check before final submission
B055,verification_scope,L2-L9,What private comments did the instructor make about grading after class?,"The provided materials do not contain private after-class comments, so the system should refuse to answer.",Course materials scope,not enough information;private comments,no,refuse,V1_retrieval_only,"not enough information in the provided course materials

Evidence:
[Evidence 1]
[Evidence 2]",1183eb715506;82d134ae4505;380523a60066;32eeef62bdbb;75a107ea4b8a,"T3-Machine Learning Development_Q.pdf, page 16, chunk 1183eb715506;T3-Machine Learning Development_Q.pdf, page 11, chunk 82d134ae4505;Lecture 8(2).pdf, page 61, chunk 380523a60066;Lecture3-2026.pdf, page 21, chunk 32eeef62bdbb;Lecture 4.pdf, page 47, chunk 75a107ea4b8a",ollama,qwen2.5:3b,2.081648667000991,1,1099,23,,1.0,1.0,0,,1,auto-score; manually sanity-check before final submission
B055,verification_scope,L2-L9,What private comments did the instructor make about grading after class?,"The provided materials do not contain private after-class comments, so the system should refuse to answer.",Course materials scope,not enough information;private comments,no,refuse,V2_router_rewrite_retrieval,"not enough information in the provided course materials

Evidence:
[Evidence 1]
[Evidence 2]",1183eb715506;82d134ae4505;48d0dafb390b;3f5e6c0832e7;bbfe6e72d6ae,"T3-Machine Learning Development_Q.pdf, page 16, chunk 1183eb715506;T3-Machine Learning Development_Q.pdf, page 11, chunk 82d134ae4505;Lecture 6(2).pdf, page 2, chunk 48d0dafb390b;T4-pytorch.pdf, page 1, chunk 3f5e6c0832e7;Lecture 9 .pdf, page 1, chunk bbfe6e72d6ae",ollama,qwen2.5:3b,2.3006722499994794,2,1078,50,"route={'in_scope': 'no', 'question_type': 'unanswerable', 'lecture_topic': '', 'search_query': 'COMP5541 Lectures 2-9 What private comments did the instructor make about grading after class?'}",1.0,1.0,0,,1,auto-score; manually sanity-check before final submission
B055,verification_scope,L2-L9,What private comments did the instructor make about grading after class?,"The provided materials do not contain private after-class comments, so the system should refuse to answer.",Course materials scope,not enough information;private comments,no,refuse,V3_retrieval_verifier,"not enough information in the provided course materials

Evidence: [Evidence 1], [Evidence 2]",1183eb715506;82d134ae4505;380523a60066;32eeef62bdbb;75a107ea4b8a,"T3-Machine Learning Development_Q.pdf, page 16, chunk 1183eb715506;T3-Machine Learning Development_Q.pdf, page 11, chunk 82d134ae4505;Lecture 8(2).pdf, page 61, chunk 380523a60066;Lecture3-2026.pdf, page 21, chunk 32eeef62bdbb;Lecture 4.pdf, page 47, chunk 75a107ea4b8a",ollama,qwen2.5:3b,4.402875042003871,2,2365,46,draft_then_verifier,1.0,1.0,0,,1,auto-score; manually sanity-check before final submission
B055,verification_scope,L2-L9,What private comments did the instructor make about grading after class?,"The provided materials do not contain private after-class comments, so the system should refuse to answer.",Course materials scope,not enough information;private comments,no,refuse,V4_full_router_retrieval_verifier,not enough information in the provided course materials,,,ollama,qwen2.5:3b,1.0747382090012252,2,327,40,"route={""in_scope"": ""no"", ""question_type"": ""unanswerable"", ""lecture_topic"": """", ""search_query"": ""COMP5541 Lectures 2-9 What private comments did the instructor make about grading after class?""}",1.0,1.0,0,,1,auto-score; manually sanity-check before final submission
B055,verification_scope,L2-L9,What private comments did the instructor make about grading after class?,"The provided materials do not contain private after-class comments, so the system should refuse to answer.",Course materials scope,not enough information;private comments,no,refuse,A1_full_without_router,"not enough information in the provided course materials

Evidence: [Evidence 1], [Evidence 2]",1183eb715506;82d134ae4505;48d0dafb390b;3f5e6c0832e7;bbfe6e72d6ae,"T3-Machine Learning Development_Q.pdf, page 16, chunk 1183eb715506;T3-Machine Learning Development_Q.pdf, page 11, chunk 82d134ae4505;Lecture 6(2).pdf, page 2, chunk 48d0dafb390b;T4-pytorch.pdf, page 1, chunk 3f5e6c0832e7;Lecture 9 .pdf, page 1, chunk bbfe6e72d6ae",ollama,qwen2.5:3b,3.459593416999269,2,2001,46,"draft_then_verifier;route={""in_scope"": ""yes"", ""question_type"": ""concept"", ""lecture_topic"": ""COMP5541 Lectures 2-9"", ""search_query"": ""COMP5541 Lectures 2-9 What private comments did the instructor make about grading after class?""}",1.0,1.0,0,,1,auto-score; manually sanity-check before final submission
B055,verification_scope,L2-L9,What private comments did the instructor make about grading after class?,"The provided materials do not contain private after-class comments, so the system should refuse to answer.",Course materials scope,not enough information;private comments,no,refuse,A2_full_without_verifier,not enough information in the provided course materials,,,ollama,qwen2.5:3b,1.0747382090012252,2,327,40,"route={""in_scope"": ""no"", ""question_type"": ""unanswerable"", ""lecture_topic"": """", ""search_query"": ""COMP5541 Lectures 2-9 What private comments did the instructor make about grading after class?""}",1.0,1.0,0,,1,auto-score; manually sanity-check before final submission
B055,verification_scope,L2-L9,What private comments did the instructor make about grading after class?,"The provided materials do not contain private after-class comments, so the system should refuse to answer.",Course materials scope,not enough information;private comments,no,refuse,A3_full_topk2,not enough information in the provided course materials,,,ollama,qwen2.5:3b,1.0747382090012252,2,327,40,"route={""in_scope"": ""no"", ""question_type"": ""unanswerable"", ""lecture_topic"": """", ""search_query"": ""COMP5541 Lectures 2-9 What private comments did the instructor make about grading after class?""}",1.0,1.0,0,,1,auto-score; manually sanity-check before final submission
B055,verification_scope,L2-L9,What private comments did the instructor make about grading after class?,"The provided materials do not contain private after-class comments, so the system should refuse to answer.",Course materials scope,not enough information;private comments,no,refuse,A4_full_without_calculation_guard,not enough information in the provided course materials,,,ollama,qwen2.5:3b,1.0747382090012252,2,327,40,"route={""in_scope"": ""no"", ""question_type"": ""unanswerable"", ""lecture_topic"": """", ""search_query"": ""COMP5541 Lectures 2-9 What private comments did the instructor make about grading after class?""}",1.0,1.0,0,,1,auto-score; manually sanity-check before final submission
B056,verification_scope,L2-L9,What is the instructor's personal opinion of each student in our group?,"The provided course materials do not contain private opinions about students, so the system should refuse to invent them.",Course materials scope,not enough information;private opinions,no,refuse,V0_baseline_single_call,Not enough information in the provided course materials.,,,ollama,qwen2.5:3b,0.317496542003937,1,97,14,,1.0,1.0,0,,1,auto-score; manually sanity-check before final submission
B056,verification_scope,L2-L9,What is the instructor's personal opinion of each student in our group?,"The provided course materials do not contain private opinions about students, so the system should refuse to invent them.",Course materials scope,not enough information;private opinions,no,refuse,V1_retrieval_only,"The instructor's personal opinion of each student in our group is not provided based on the given evidence. Not enough information in the provided course materials.

Evidence:
[Evidence 1]
[Evidence 2]",b812bc9667f8;e1347b8e8812;dd79492c0634;11e0de2b8f21;6e5a4220b1f1,"T3-Machine Learning Development_Q.pdf, page 26, chunk b812bc9667f8;T3-Machine Learning Development_Q.pdf, page 28, chunk e1347b8e8812;T3-Machine Learning Development_Q.pdf, page 24, chunk dd79492c0634;Lecture 8(2).pdf, page 34, chunk 11e0de2b8f21;T3-Machine Learning Development_Q.pdf, page 22, chunk 6e5a4220b1f1",ollama,qwen2.5:3b,3.1893504580075387,1,1171,50,,1.0,1.0,0,,1,auto-score; manually sanity-check before final submission
B056,verification_scope,L2-L9,What is the instructor's personal opinion of each student in our group?,"The provided course materials do not contain private opinions about students, so the system should refuse to invent them.",Course materials scope,not enough information;private opinions,no,refuse,V2_router_rewrite_retrieval,not enough information in the provided course materials,b812bc9667f8;e1347b8e8812;dd79492c0634;11e0de2b8f21;8bd334058afd,"T3-Machine Learning Development_Q.pdf, page 26, chunk b812bc9667f8;T3-Machine Learning Development_Q.pdf, page 28, chunk e1347b8e8812;T3-Machine Learning Development_Q.pdf, page 24, chunk dd79492c0634;Lecture 8(2).pdf, page 34, chunk 11e0de2b8f21;Lecture3-2026.pdf, page 2, chunk 8bd334058afd",ollama,qwen2.5:3b,5.45390999999654,2,1430,119,"route={'in_scope': 'yes', 'question_type': 'unanswerable', 'lecture_topic': 'not enough information in the provided course materials', 'search_query': ""COMP5541 Lectures 2-9 What is the instructor's personal opinion of each student in our group?""}",1.0,1.0,0,,1,auto-score; manually sanity-check before final submission
B056,verification_scope,L2-L9,What is the instructor's personal opinion of each student in our group?,"The provided course materials do not contain private opinions about students, so the system should refuse to invent them.",Course materials scope,not enough information;private opinions,no,refuse,V3_retrieval_verifier,"The instructor's personal opinion of each student in our group is not provided based on the given evidence. Not enough information in the provided course materials.

Evidence:
[Evidence 1]
[Evidence 2]",b812bc9667f8;e1347b8e8812;dd79492c0634;11e0de2b8f21;6e5a4220b1f1,"T3-Machine Learning Development_Q.pdf, page 26, chunk b812bc9667f8;T3-Machine Learning Development_Q.pdf, page 28, chunk e1347b8e8812;T3-Machine Learning Development_Q.pdf, page 24, chunk dd79492c0634;Lecture 8(2).pdf, page 34, chunk 11e0de2b8f21;T3-Machine Learning Development_Q.pdf, page 22, chunk 6e5a4220b1f1",ollama,qwen2.5:3b,6.550207291016704,2,2536,92,draft_then_verifier_rejected_overcorrection,1.0,1.0,0,,1,auto-score; manually sanity-check before final submission
B056,verification_scope,L2-L9,What is the instructor's personal opinion of each student in our group?,"The provided course materials do not contain private opinions about students, so the system should refuse to invent them.",Course materials scope,not enough information;private opinions,no,refuse,V4_full_router_retrieval_verifier,"not enough information in the provided course materials

Evidence: 1, 2, 3",b812bc9667f8;e1347b8e8812;dd79492c0634;11e0de2b8f21;8bd334058afd,"T3-Machine Learning Development_Q.pdf, page 26, chunk b812bc9667f8;T3-Machine Learning Development_Q.pdf, page 28, chunk e1347b8e8812;T3-Machine Learning Development_Q.pdf, page 24, chunk dd79492c0634;Lecture 8(2).pdf, page 34, chunk 11e0de2b8f21;Lecture3-2026.pdf, page 2, chunk 8bd334058afd",ollama,qwen2.5:3b,8.352307249995647,3,2866,137,"draft_then_verifier;route={""in_scope"": ""yes"", ""question_type"": ""unanswerable"", ""lecture_topic"": ""not enough information in the provided course materials"", ""search_query"": ""COMP5541 Lectures 2-9 What is the instructor's personal opinion of each student in our group?""}",1.0,1.0,0,,1,auto-score; manually sanity-check before final submission
B056,verification_scope,L2-L9,What is the instructor's personal opinion of each student in our group?,"The provided course materials do not contain private opinions about students, so the system should refuse to invent them.",Course materials scope,not enough information;private opinions,no,refuse,A1_full_without_router,"not enough information in the provided course materials

Evidence: 1, 2, 3",b812bc9667f8;e1347b8e8812;dd79492c0634;11e0de2b8f21;8bd334058afd,"T3-Machine Learning Development_Q.pdf, page 26, chunk b812bc9667f8;T3-Machine Learning Development_Q.pdf, page 28, chunk e1347b8e8812;T3-Machine Learning Development_Q.pdf, page 24, chunk dd79492c0634;Lecture 8(2).pdf, page 34, chunk 11e0de2b8f21;Lecture3-2026.pdf, page 2, chunk 8bd334058afd",ollama,qwen2.5:3b,5.233388457985711,2,2695,31,"draft_then_verifier;route={""in_scope"": ""yes"", ""question_type"": ""concept"", ""lecture_topic"": ""COMP5541 Lectures 2-9"", ""search_query"": ""COMP5541 Lectures 2-9 What is the instructor's personal opinion of each student in our group?""}",1.0,1.0,0,,1,auto-score; manually sanity-check before final submission
B056,verification_scope,L2-L9,What is the instructor's personal opinion of each student in our group?,"The provided course materials do not contain private opinions about students, so the system should refuse to invent them.",Course materials scope,not enough information;private opinions,no,refuse,A2_full_without_verifier,not enough information in the provided course materials,b812bc9667f8;e1347b8e8812;dd79492c0634;11e0de2b8f21;8bd334058afd,"T3-Machine Learning Development_Q.pdf, page 26, chunk b812bc9667f8;T3-Machine Learning Development_Q.pdf, page 28, chunk e1347b8e8812;T3-Machine Learning Development_Q.pdf, page 24, chunk dd79492c0634;Lecture 8(2).pdf, page 34, chunk 11e0de2b8f21;Lecture3-2026.pdf, page 2, chunk 8bd334058afd",ollama,qwen2.5:3b,5.45390999999654,2,1430,119,"route={""in_scope"": ""yes"", ""question_type"": ""unanswerable"", ""lecture_topic"": ""not enough information in the provided course materials"", ""search_query"": ""COMP5541 Lectures 2-9 What is the instructor's personal opinion of each student in our group?""}",1.0,1.0,0,,1,auto-score; manually sanity-check before final submission
B056,verification_scope,L2-L9,What is the instructor's personal opinion of each student in our group?,"The provided course materials do not contain private opinions about students, so the system should refuse to invent them.",Course materials scope,not enough information;private opinions,no,refuse,A3_full_topk2,"not enough information in the provided course materials

Explanation:
The given evidence does not contain any personal opinions or evaluations made by the instructor regarding each student's performance. The code snippets provided are for calculating final scores and assigning grades based on those scores, but they do not include any subjective assessments of individual students' performances.",b812bc9667f8;e1347b8e8812,"T3-Machine Learning Development_Q.pdf, page 26, chunk b812bc9667f8;T3-Machine Learning Development_Q.pdf, page 28, chunk e1347b8e8812",ollama,qwen2.5:3b,8.53899466797884,3,1824,248,"draft_then_verifier_rejected_overcorrection;route={""in_scope"": ""yes"", ""question_type"": ""unanswerable"", ""lecture_topic"": ""not enough information in the provided course materials"", ""search_query"": ""COMP5541 Lectures 2-9 What is the instructor's personal opinion of each student in our group?""}",1.0,1.0,0,,1,auto-score; manually sanity-check before final submission
B056,verification_scope,L2-L9,What is the instructor's personal opinion of each student in our group?,"The provided course materials do not contain private opinions about students, so the system should refuse to invent them.",Course materials scope,not enough information;private opinions,no,refuse,A4_full_without_calculation_guard,"not enough information in the provided course materials

Evidence: 1, 2, 3",b812bc9667f8;e1347b8e8812;dd79492c0634;11e0de2b8f21;8bd334058afd,"T3-Machine Learning Development_Q.pdf, page 26, chunk b812bc9667f8;T3-Machine Learning Development_Q.pdf, page 28, chunk e1347b8e8812;T3-Machine Learning Development_Q.pdf, page 24, chunk dd79492c0634;Lecture 8(2).pdf, page 34, chunk 11e0de2b8f21;Lecture3-2026.pdf, page 2, chunk 8bd334058afd",ollama,qwen2.5:3b,8.352307249995647,3,2866,137,"draft_then_verifier;route={""in_scope"": ""yes"", ""question_type"": ""unanswerable"", ""lecture_topic"": ""not enough information in the provided course materials"", ""search_query"": ""COMP5541 Lectures 2-9 What is the instructor's personal opinion of each student in our group?""}",1.0,1.0,0,,1,auto-score; manually sanity-check before final submission
B057,verification_scope,L2-L9,Can you give the official answer key for an unreleased future quiz?,"The provided materials do not include unreleased future quiz answers, so the system should refuse to invent them.",Course materials scope,not enough information;future quiz,no,refuse,V0_baseline_single_call,Not enough information in the provided course materials.,,,ollama,qwen2.5:3b,0.3582015840074746,1,96,14,,1.0,1.0,0,,1,auto-score; manually sanity-check before final submission
B057,verification_scope,L2-L9,Can you give the official answer key for an unreleased future quiz?,"The provided materials do not include unreleased future quiz answers, so the system should refuse to invent them.",Course materials scope,not enough information;future quiz,no,refuse,V1_retrieval_only,"Not enough information in the provided course materials.

Evidence: [Evidence 1], [Evidence 2], [Evidence 3], [Evidence 4], [Evidence 5]",6978cd279157;96a0c3249971;edc937921885;9054fe4cd23a;7033c93332d7,"T2-Review on Calculus.pdf, page 34, chunk 6978cd279157;T2-Review on Calculus.pdf, page 42, chunk 96a0c3249971;T2-Review on Calculus.pdf, page 32, chunk edc937921885;T2-Review on Calculus.pdf, page 46, chunk 9054fe4cd23a;T2-Review on Calculus.pdf, page 44, chunk 7033c93332d7",ollama,qwen2.5:3b,2.141810250002891,1,573,34,,1.0,1.0,0,,1,auto-score; manually sanity-check before final submission
B057,verification_scope,L2-L9,Can you give the official answer key for an unreleased future quiz?,"The provided materials do not include unreleased future quiz answers, so the system should refuse to invent them.",Course materials scope,not enough information;future quiz,no,refuse,V2_router_rewrite_retrieval,"Not enough information in the provided course materials.

Evidence: [Evidence 1], [Evidence 2], [Evidence 3], [Evidence 4], [Evidence 5]",6978cd279157;96a0c3249971;edc937921885;9054fe4cd23a;7033c93332d7,"T2-Review on Calculus.pdf, page 34, chunk 6978cd279157;T2-Review on Calculus.pdf, page 42, chunk 96a0c3249971;T2-Review on Calculus.pdf, page 32, chunk edc937921885;T2-Review on Calculus.pdf, page 46, chunk 9054fe4cd23a;T2-Review on Calculus.pdf, page 44, chunk 7033c93332d7",ollama,qwen2.5:3b,3.296715790987946,2,733,61,"route={'in_scope': 'no', 'question_type': 'unanswerable', 'lecture_topic': '', 'search_query': 'COMP5541 Lectures 2-9 Can you give the official answer key for an unreleased future quiz?'}",1.0,1.0,0,,1,auto-score; manually sanity-check before final submission
B057,verification_scope,L2-L9,Can you give the official answer key for an unreleased future quiz?,"The provided materials do not include unreleased future quiz answers, so the system should refuse to invent them.",Course materials scope,not enough information;future quiz,no,refuse,V3_retrieval_verifier,"not enough information in the provided course materials. Evidence: [Evidence 1], [Evidence 2], [Evidence 3], [Evidence 4], [Evidence 5]",6978cd279157;96a0c3249971;edc937921885;9054fe4cd23a;7033c93332d7,"T2-Review on Calculus.pdf, page 34, chunk 6978cd279157;T2-Review on Calculus.pdf, page 42, chunk 96a0c3249971;T2-Review on Calculus.pdf, page 32, chunk edc937921885;T2-Review on Calculus.pdf, page 46, chunk 9054fe4cd23a;T2-Review on Calculus.pdf, page 44, chunk 7033c93332d7",ollama,qwen2.5:3b,4.56541391700739,2,1323,67,draft_then_verifier,1.0,1.0,0,,1,auto-score; manually sanity-check before final submission
B057,verification_scope,L2-L9,Can you give the official answer key for an unreleased future quiz?,"The provided materials do not include unreleased future quiz answers, so the system should refuse to invent them.",Course materials scope,not enough information;future quiz,no,refuse,V4_full_router_retrieval_verifier,not enough information in the provided course materials,,,ollama,qwen2.5:3b,1.5767767079960322,2,325,40,"route={""in_scope"": ""no"", ""question_type"": ""unanswerable"", ""lecture_topic"": """", ""search_query"": ""COMP5541 Lectures 2-9 Can you give the official answer key for an unreleased future quiz?""}",1.0,1.0,0,,1,auto-score; manually sanity-check before final submission
B057,verification_scope,L2-L9,Can you give the official answer key for an unreleased future quiz?,"The provided materials do not include unreleased future quiz answers, so the system should refuse to invent them.",Course materials scope,not enough information;future quiz,no,refuse,A1_full_without_router,"not enough information in the provided course materials. Evidence: [Evidence 1], [Evidence 2], [Evidence 3], [Evidence 4], [Evidence 5]",6978cd279157;96a0c3249971;edc937921885;9054fe4cd23a;7033c93332d7,"T2-Review on Calculus.pdf, page 34, chunk 6978cd279157;T2-Review on Calculus.pdf, page 42, chunk 96a0c3249971;T2-Review on Calculus.pdf, page 32, chunk edc937921885;T2-Review on Calculus.pdf, page 46, chunk 9054fe4cd23a;T2-Review on Calculus.pdf, page 44, chunk 7033c93332d7",ollama,qwen2.5:3b,4.584613873987109,2,1323,67,"draft_then_verifier;route={""in_scope"": ""yes"", ""question_type"": ""concept"", ""lecture_topic"": ""COMP5541 Lectures 2-9"", ""search_query"": ""COMP5541 Lectures 2-9 Can you give the official answer key for an unreleased future quiz?""}",1.0,1.0,0,,1,auto-score; manually sanity-check before final submission
B057,verification_scope,L2-L9,Can you give the official answer key for an unreleased future quiz?,"The provided materials do not include unreleased future quiz answers, so the system should refuse to invent them.",Course materials scope,not enough information;future quiz,no,refuse,A2_full_without_verifier,not enough information in the provided course materials,,,ollama,qwen2.5:3b,1.5767767079960322,2,325,40,"route={""in_scope"": ""no"", ""question_type"": ""unanswerable"", ""lecture_topic"": """", ""search_query"": ""COMP5541 Lectures 2-9 Can you give the official answer key for an unreleased future quiz?""}",1.0,1.0,0,,1,auto-score; manually sanity-check before final submission
B057,verification_scope,L2-L9,Can you give the official answer key for an unreleased future quiz?,"The provided materials do not include unreleased future quiz answers, so the system should refuse to invent them.",Course materials scope,not enough information;future quiz,no,refuse,A3_full_topk2,not enough information in the provided course materials,,,ollama,qwen2.5:3b,1.5767767079960322,2,325,40,"route={""in_scope"": ""no"", ""question_type"": ""unanswerable"", ""lecture_topic"": """", ""search_query"": ""COMP5541 Lectures 2-9 Can you give the official answer key for an unreleased future quiz?""}",1.0,1.0,0,,1,auto-score; manually sanity-check before final submission
B057,verification_scope,L2-L9,Can you give the official answer key for an unreleased future quiz?,"The provided materials do not include unreleased future quiz answers, so the system should refuse to invent them.",Course materials scope,not enough information;future quiz,no,refuse,A4_full_without_calculation_guard,not enough information in the provided course materials,,,ollama,qwen2.5:3b,1.5767767079960322,2,325,40,"route={""in_scope"": ""no"", ""question_type"": ""unanswerable"", ""lecture_topic"": """", ""search_query"": ""COMP5541 Lectures 2-9 Can you give the official answer key for an unreleased future quiz?""}",1.0,1.0,0,,1,auto-score; manually sanity-check before final submission
B058,verification_scope,L2-L9,What grade will our group receive if we submit this project?,"The course materials do not determine the group's future grade, so the system should refuse to predict it as fact.",Course materials scope,not enough information;future grade,no,refuse,V0_baseline_single_call,Not enough information in the provided course materials.,,,ollama,qwen2.5:3b,0.3475330410001334,1,94,14,,1.0,1.0,0,,1,auto-score; manually sanity-check before final submission
B058,verification_scope,L2-L9,What grade will our group receive if we submit this project?,"The course materials do not determine the group's future grade, so the system should refuse to predict it as fact.",Course materials scope,not enough information;future grade,no,refuse,V1_retrieval_only,"Answer:
The grade for our group will be C based on the provided score of 0.2678.

Key Course Terms:
compute_final_score, assign_grade

Explanation:
Given that the score is 0.2678 from Exercise 1 (T3-Machine Learning Development_Q.pdf, page 25), we can determine the grade using the function compute_final_score and its associated grading logic in Exercise 4 (T3-Machine Learning Development_Q.pdf, page 27). The provided score falls within the range for a C grade.

Evidence:
[Evidence 1]
[Evidence 2]
[Evidence 3]
[Evidence 4]",ab73e3e6ca85;a9d9d474d5bc;b812bc9667f8;0976f873c3ac;f9185a92fdc5,"T3-Machine Learning Development_Q.pdf, page 25, chunk ab73e3e6ca85;T3-Machine Learning Development_Q.pdf, page 31, chunk a9d9d474d5bc;T3-Machine Learning Development_Q.pdf, page 26, chunk b812bc9667f8;T3-Machine Learning Development_Q.pdf, page 27, chunk 0976f873c3ac;Lecture 6(2).pdf, page 63, chunk f9185a92fdc5",ollama,qwen2.5:3b,6.087750833001337,1,1049,131,,0.0,1.0,0,,0,auto-score; manually sanity-check before final submission
B058,verification_scope,L2-L9,What grade will our group receive if we submit this project?,"The course materials do not determine the group's future grade, so the system should refuse to predict it as fact.",Course materials scope,not enough information;future grade,no,refuse,V2_router_rewrite_retrieval,"The grade for our group will be F based on the final score calculation provided.

Key Course Terms:
- Final Score Calculation: compute_final_score(student)
- Grade Assignment: assign_grade(score)

Formula Used:
score = 0.4 * homework_avg + 0.2 * quiz_avg + 0.4 * exam

Evidence:
[Evidence 1]
[Evidence 3]",ab73e3e6ca85;a9d9d474d5bc;b812bc9667f8;0976f873c3ac;3b88db0c0030,"T3-Machine Learning Development_Q.pdf, page 25, chunk ab73e3e6ca85;T3-Machine Learning Development_Q.pdf, page 31, chunk a9d9d474d5bc;T3-Machine Learning Development_Q.pdf, page 26, chunk b812bc9667f8;T3-Machine Learning Development_Q.pdf, page 27, chunk 0976f873c3ac;COMP5541_2026_assignment.pdf, page 1, chunk 3b88db0c0030",ollama,qwen2.5:3b,6.551038082994637,2,1483,124,"route={'in_scope': 'yes', 'question_type': 'unanswerable', 'lecture_topic': 'Grading and Evaluation Methods in COMP5541', 'search_query': 'COMP5541 Lectures 2-9 What grade will our group receive if we submit this project?'}",0.0,1.0,0,,0,auto-score; manually sanity-check before final submission
B058,verification_scope,L2-L9,What grade will our group receive if we submit this project?,"The course materials do not determine the group's future grade, so the system should refuse to predict it as fact.",Course materials scope,not enough information;future grade,no,refuse,V3_retrieval_verifier,"Answer:
The grade for our group will be C based on the provided score of 0.2678.

Key Course Terms:
compute_final_score, assign_grade

Explanation:
Given that the score is 0.2678 from Exercise 1 (T3-Machine Learning Development_Q.pdf, page 25), we can determine the grade using the function compute_final_score and its associated grading logic in Exercise 4 (T3-Machine Learning Development_Q.pdf, page 27). The provided score falls within the range for a C grade.

Evidence:
[Evidence 1]
[Evidence 2]
[Evidence 3]
[Evidence 4]",ab73e3e6ca85;a9d9d474d5bc;b812bc9667f8;0976f873c3ac;f9185a92fdc5,"T3-Machine Learning Development_Q.pdf, page 25, chunk ab73e3e6ca85;T3-Machine Learning Development_Q.pdf, page 31, chunk a9d9d474d5bc;T3-Machine Learning Development_Q.pdf, page 26, chunk b812bc9667f8;T3-Machine Learning Development_Q.pdf, page 27, chunk 0976f873c3ac;Lecture 6(2).pdf, page 63, chunk f9185a92fdc5",ollama,qwen2.5:3b,12.667454958005692,2,2371,265,draft_then_verifier_rejected_overcorrection,0.0,1.0,0,,0,auto-score; manually sanity-check before final submission
B058,verification_scope,L2-L9,What grade will our group receive if we submit this project?,"The course materials do not determine the group's future grade, so the system should refuse to predict it as fact.",Course materials scope,not enough information;future grade,no,refuse,V4_full_router_retrieval_verifier,"The grade for our group will be F based on the final score calculation provided.

Key Course Terms:
- Final Score Calculation: compute_final_score(student)
- Grade Assignment: assign_grade(score)

Formula Used:
score = 0.4 * homework_avg + 0.2 * quiz_avg + 0.4 * exam

Evidence:
[Evidence 1]
[Evidence 3]",ab73e3e6ca85;a9d9d474d5bc;b812bc9667f8;0976f873c3ac;3b88db0c0030,"T3-Machine Learning Development_Q.pdf, page 25, chunk ab73e3e6ca85;T3-Machine Learning Development_Q.pdf, page 31, chunk a9d9d474d5bc;T3-Machine Learning Development_Q.pdf, page 26, chunk b812bc9667f8;T3-Machine Learning Development_Q.pdf, page 27, chunk 0976f873c3ac;COMP5541_2026_assignment.pdf, page 1, chunk 3b88db0c0030",ollama,qwen2.5:3b,11.715819874996669,3,3031,206,"draft_then_verifier_rejected_overcorrection;route={""in_scope"": ""yes"", ""question_type"": ""unanswerable"", ""lecture_topic"": ""Grading and Evaluation Methods in COMP5541"", ""search_query"": ""COMP5541 Lectures 2-9 What grade will our group receive if we submit this project?""}",0.0,1.0,0,,0,auto-score; manually sanity-check before final submission
B058,verification_scope,L2-L9,What grade will our group receive if we submit this project?,"The course materials do not determine the group's future grade, so the system should refuse to predict it as fact.",Course materials scope,not enough information;future grade,no,refuse,A1_full_without_router,"The grade for our group will be F based on the final score calculation provided.

Key Course Terms:
- Final Score Calculation: compute_final_score(student)
- Grade Assignment: assign_grade(score)

Formula Used:
score = 0.4 * homework_avg + 0.2 * quiz_avg + 0.4 * exam

Evidence:
[Evidence 1]
[Evidence 3]",ab73e3e6ca85;a9d9d474d5bc;b812bc9667f8;0976f873c3ac;3b88db0c0030,"T3-Machine Learning Development_Q.pdf, page 25, chunk ab73e3e6ca85;T3-Machine Learning Development_Q.pdf, page 31, chunk a9d9d474d5bc;T3-Machine Learning Development_Q.pdf, page 26, chunk b812bc9667f8;T3-Machine Learning Development_Q.pdf, page 27, chunk 0976f873c3ac;COMP5541_2026_assignment.pdf, page 1, chunk 3b88db0c0030",ollama,qwen2.5:3b,9.843781916992157,2,2866,158,"draft_then_verifier_rejected_overcorrection;route={""in_scope"": ""yes"", ""question_type"": ""concept"", ""lecture_topic"": ""COMP5541 Lectures 2-9"", ""search_query"": ""COMP5541 Lectures 2-9 What grade will our group receive if we submit this project?""}",0.0,1.0,0,,0,auto-score; manually sanity-check before final submission
B058,verification_scope,L2-L9,What grade will our group receive if we submit this project?,"The course materials do not determine the group's future grade, so the system should refuse to predict it as fact.",Course materials scope,not enough information;future grade,no,refuse,A2_full_without_verifier,"The grade for our group will be F based on the final score calculation provided.

Key Course Terms:
- Final Score Calculation: compute_final_score(student)
- Grade Assignment: assign_grade(score)

Formula Used:
score = 0.4 * homework_avg + 0.2 * quiz_avg + 0.4 * exam

Evidence:
[Evidence 1]
[Evidence 3]",ab73e3e6ca85;a9d9d474d5bc;b812bc9667f8;0976f873c3ac;3b88db0c0030,"T3-Machine Learning Development_Q.pdf, page 25, chunk ab73e3e6ca85;T3-Machine Learning Development_Q.pdf, page 31, chunk a9d9d474d5bc;T3-Machine Learning Development_Q.pdf, page 26, chunk b812bc9667f8;T3-Machine Learning Development_Q.pdf, page 27, chunk 0976f873c3ac;COMP5541_2026_assignment.pdf, page 1, chunk 3b88db0c0030",ollama,qwen2.5:3b,6.551038082994637,2,1483,124,"route={""in_scope"": ""yes"", ""question_type"": ""unanswerable"", ""lecture_topic"": ""Grading and Evaluation Methods in COMP5541"", ""search_query"": ""COMP5541 Lectures 2-9 What grade will our group receive if we submit this project?""}",0.0,1.0,0,,0,auto-score; manually sanity-check before final submission
B058,verification_scope,L2-L9,What grade will our group receive if we submit this project?,"The course materials do not determine the group's future grade, so the system should refuse to predict it as fact.",Course materials scope,not enough information;future grade,no,refuse,A3_full_topk2,"The grade for our group will be C.

Evidence:
[Evidence 1]
[Evidence 2]",ab73e3e6ca85;a9d9d474d5bc,"T3-Machine Learning Development_Q.pdf, page 25, chunk ab73e3e6ca85;T3-Machine Learning Development_Q.pdf, page 31, chunk a9d9d474d5bc",ollama,qwen2.5:3b,5.096611999979359,3,1451,86,"draft_then_verifier_rejected_overcorrection;route={""in_scope"": ""yes"", ""question_type"": ""unanswerable"", ""lecture_topic"": ""Grading and Evaluation Methods in COMP5541"", ""search_query"": ""COMP5541 Lectures 2-9 What grade will our group receive if we submit this project?""}",0.0,1.0,0,,0,auto-score; manually sanity-check before final submission
B058,verification_scope,L2-L9,What grade will our group receive if we submit this project?,"The course materials do not determine the group's future grade, so the system should refuse to predict it as fact.",Course materials scope,not enough information;future grade,no,refuse,A4_full_without_calculation_guard,"The grade for our group will be F based on the final score calculation provided.

Key Course Terms:
- Final Score Calculation: compute_final_score(student)
- Grade Assignment: assign_grade(score)

Formula Used:
score = 0.4 * homework_avg + 0.2 * quiz_avg + 0.4 * exam

Evidence:
[Evidence 1]
[Evidence 3]",ab73e3e6ca85;a9d9d474d5bc;b812bc9667f8;0976f873c3ac;3b88db0c0030,"T3-Machine Learning Development_Q.pdf, page 25, chunk ab73e3e6ca85;T3-Machine Learning Development_Q.pdf, page 31, chunk a9d9d474d5bc;T3-Machine Learning Development_Q.pdf, page 26, chunk b812bc9667f8;T3-Machine Learning Development_Q.pdf, page 27, chunk 0976f873c3ac;COMP5541_2026_assignment.pdf, page 1, chunk 3b88db0c0030",ollama,qwen2.5:3b,11.715819874996669,3,3031,206,"draft_then_verifier_rejected_overcorrection;route={""in_scope"": ""yes"", ""question_type"": ""unanswerable"", ""lecture_topic"": ""Grading and Evaluation Methods in COMP5541"", ""search_query"": ""COMP5541 Lectures 2-9 What grade will our group receive if we submit this project?""}",0.0,1.0,0,,0,auto-score; manually sanity-check before final submission
B059,verification_scope,L2-L9,What was discussed in a private meeting that is not included in the course materials?,The system should say there is not enough information because private meetings outside the materials are not in scope.,Course materials scope,not enough information;private meeting,no,refuse,V0_baseline_single_call,Not enough information in the provided course materials.,,,ollama,qwen2.5:3b,0.3469889580010203,1,100,14,,1.0,1.0,0,,1,auto-score; manually sanity-check before final submission
B059,verification_scope,L2-L9,What was discussed in a private meeting that is not included in the course materials?,The system should say there is not enough information because private meetings outside the materials are not in scope.,Course materials scope,not enough information;private meeting,no,refuse,V1_retrieval_only,"Not enough information in the provided course materials.

Evidence: [Evidence 1], [Evidence 2], [Evidence 3], [Evidence 4], [Evidence 5]",139ca51e5549;15677388d3b4;1183eb715506;8d64a26e8a94;06694397593f,"Tutorial 1-Review on Linear Algebra.pdf, page 36, chunk 139ca51e5549;Lecture2-2026-COMP5541(1).pdf, page 51, chunk 15677388d3b4;T3-Machine Learning Development_Q.pdf, page 16, chunk 1183eb715506;Lecture 7(1).pdf, page 44, chunk 8d64a26e8a94;Lecture 7(1).pdf, page 45, chunk 06694397593f",ollama,qwen2.5:3b,2.4976459169993177,1,947,34,,1.0,1.0,0,,1,auto-score; manually sanity-check before final submission
B059,verification_scope,L2-L9,What was discussed in a private meeting that is not included in the course materials?,The system should say there is not enough information because private meetings outside the materials are not in scope.,Course materials scope,not enough information;private meeting,no,refuse,V2_router_rewrite_retrieval,"not enough information in the provided course materials.

Evidence: [Evidence 1], [Evidence 2]",139ca51e5549;48d0dafb390b;3f5e6c0832e7;bbfe6e72d6ae;2291a5993c5a,"Tutorial 1-Review on Linear Algebra.pdf, page 36, chunk 139ca51e5549;Lecture 6(2).pdf, page 2, chunk 48d0dafb390b;T4-pytorch.pdf, page 1, chunk 3f5e6c0832e7;Lecture 9 .pdf, page 1, chunk bbfe6e72d6ae;Lecture 4.pdf, page 1, chunk 2291a5993c5a",ollama,qwen2.5:3b,5.352595583011862,2,879,108,"route={'in_scope': 'yes', 'question_type': 'unanswerable', 'lecture_topic': 'not applicable from provided L2-L9 topics', 'search_query': 'COMP5541 Lectures 2-9 What was discussed in a private meeting that is not included in the course materials?'}",1.0,1.0,0,,1,auto-score; manually sanity-check before final submission
B059,verification_scope,L2-L9,What was discussed in a private meeting that is not included in the course materials?,The system should say there is not enough information because private meetings outside the materials are not in scope.,Course materials scope,not enough information;private meeting,no,refuse,V3_retrieval_verifier,"Not enough information in the provided course materials.

Evidence: [Evidence 1], [Evidence 2], [Evidence 3], [Evidence 4], [Evidence 5]",139ca51e5549;15677388d3b4;1183eb715506;8d64a26e8a94;06694397593f,"Tutorial 1-Review on Linear Algebra.pdf, page 36, chunk 139ca51e5549;Lecture2-2026-COMP5541(1).pdf, page 51, chunk 15677388d3b4;T3-Machine Learning Development_Q.pdf, page 16, chunk 1183eb715506;Lecture 7(1).pdf, page 44, chunk 8d64a26e8a94;Lecture 7(1).pdf, page 45, chunk 06694397593f",ollama,qwen2.5:3b,5.660707791990717,2,2075,91,draft_then_verifier_rejected_overcorrection,1.0,1.0,0,,1,auto-score; manually sanity-check before final submission
B059,verification_scope,L2-L9,What was discussed in a private meeting that is not included in the course materials?,The system should say there is not enough information because private meetings outside the materials are not in scope.,Course materials scope,not enough information;private meeting,no,refuse,V4_full_router_retrieval_verifier,"not enough information in the provided course materials.

Evidence: [Evidence 1], [Evidence 2]",139ca51e5549;48d0dafb390b;3f5e6c0832e7;bbfe6e72d6ae;2291a5993c5a,"Tutorial 1-Review on Linear Algebra.pdf, page 36, chunk 139ca51e5549;Lecture 6(2).pdf, page 2, chunk 48d0dafb390b;T4-pytorch.pdf, page 1, chunk 3f5e6c0832e7;Lecture 9 .pdf, page 1, chunk bbfe6e72d6ae;Lecture 4.pdf, page 1, chunk 2291a5993c5a",ollama,qwen2.5:3b,8.237194708010065,3,1771,171,"draft_then_verifier_rejected_overcorrection;route={""in_scope"": ""yes"", ""question_type"": ""unanswerable"", ""lecture_topic"": ""not applicable from provided L2-L9 topics"", ""search_query"": ""COMP5541 Lectures 2-9 What was discussed in a private meeting that is not included in the course materials?""}",1.0,1.0,0,,1,auto-score; manually sanity-check before final submission
B059,verification_scope,L2-L9,What was discussed in a private meeting that is not included in the course materials?,The system should say there is not enough information because private meetings outside the materials are not in scope.,Course materials scope,not enough information;private meeting,no,refuse,A1_full_without_router,"not enough information in the provided course materials.

Evidence: [Evidence 1], [Evidence 2]",139ca51e5549;48d0dafb390b;3f5e6c0832e7;bbfe6e72d6ae;2291a5993c5a,"Tutorial 1-Review on Linear Algebra.pdf, page 36, chunk 139ca51e5549;Lecture 6(2).pdf, page 2, chunk 48d0dafb390b;T4-pytorch.pdf, page 1, chunk 3f5e6c0832e7;Lecture 9 .pdf, page 1, chunk bbfe6e72d6ae;Lecture 4.pdf, page 1, chunk 2291a5993c5a",ollama,qwen2.5:3b,4.8268735830060905,2,1600,53,"draft_then_verifier_rejected_overcorrection;route={""in_scope"": ""yes"", ""question_type"": ""concept"", ""lecture_topic"": ""COMP5541 Lectures 2-9"", ""search_query"": ""COMP5541 Lectures 2-9 What was discussed in a private meeting that is not included in the course materials?""}",1.0,1.0,0,,1,auto-score; manually sanity-check before final submission
B059,verification_scope,L2-L9,What was discussed in a private meeting that is not included in the course materials?,The system should say there is not enough information because private meetings outside the materials are not in scope.,Course materials scope,not enough information;private meeting,no,refuse,A2_full_without_verifier,"not enough information in the provided course materials.

Evidence: [Evidence 1], [Evidence 2]",139ca51e5549;48d0dafb390b;3f5e6c0832e7;bbfe6e72d6ae;2291a5993c5a,"Tutorial 1-Review on Linear Algebra.pdf, page 36, chunk 139ca51e5549;Lecture 6(2).pdf, page 2, chunk 48d0dafb390b;T4-pytorch.pdf, page 1, chunk 3f5e6c0832e7;Lecture 9 .pdf, page 1, chunk bbfe6e72d6ae;Lecture 4.pdf, page 1, chunk 2291a5993c5a",ollama,qwen2.5:3b,5.352595583011862,2,879,108,"route={""in_scope"": ""yes"", ""question_type"": ""unanswerable"", ""lecture_topic"": ""not applicable from provided L2-L9 topics"", ""search_query"": ""COMP5541 Lectures 2-9 What was discussed in a private meeting that is not included in the course materials?""}",1.0,1.0,0,,1,auto-score; manually sanity-check before final submission
B059,verification_scope,L2-L9,What was discussed in a private meeting that is not included in the course materials?,The system should say there is not enough information because private meetings outside the materials are not in scope.,Course materials scope,not enough information;private meeting,no,refuse,A3_full_topk2,"not enough information in the provided course materials.

Evidence:
[Evidence 1]
[Evidence 2]",139ca51e5549;48d0dafb390b,"Tutorial 1-Review on Linear Algebra.pdf, page 36, chunk 139ca51e5549;Lecture 6(2).pdf, page 2, chunk 48d0dafb390b",ollama,qwen2.5:3b,5.6602249580028,3,1417,132,"draft_then_verifier_rejected_overcorrection;route={""in_scope"": ""yes"", ""question_type"": ""unanswerable"", ""lecture_topic"": ""not applicable from provided L2-L9 topics"", ""search_query"": ""COMP5541 Lectures 2-9 What was discussed in a private meeting that is not included in the course materials?""}",1.0,1.0,0,,1,auto-score; manually sanity-check before final submission
B059,verification_scope,L2-L9,What was discussed in a private meeting that is not included in the course materials?,The system should say there is not enough information because private meetings outside the materials are not in scope.,Course materials scope,not enough information;private meeting,no,refuse,A4_full_without_calculation_guard,"not enough information in the provided course materials.

Evidence: [Evidence 1], [Evidence 2]",139ca51e5549;48d0dafb390b;3f5e6c0832e7;bbfe6e72d6ae;2291a5993c5a,"Tutorial 1-Review on Linear Algebra.pdf, page 36, chunk 139ca51e5549;Lecture 6(2).pdf, page 2, chunk 48d0dafb390b;T4-pytorch.pdf, page 1, chunk 3f5e6c0832e7;Lecture 9 .pdf, page 1, chunk bbfe6e72d6ae;Lecture 4.pdf, page 1, chunk 2291a5993c5a",ollama,qwen2.5:3b,8.237194708010065,3,1771,171,"draft_then_verifier_rejected_overcorrection;route={""in_scope"": ""yes"", ""question_type"": ""unanswerable"", ""lecture_topic"": ""not applicable from provided L2-L9 topics"", ""search_query"": ""COMP5541 Lectures 2-9 What was discussed in a private meeting that is not included in the course materials?""}",1.0,1.0,0,,1,auto-score; manually sanity-check before final submission
B060,verification_scope,L2-L9,Which exact unseen past-paper questions will the instructor reuse this year?,"The provided materials do not reveal exact unseen reused questions, so the system should refuse to invent them.",Course materials scope,not enough information;unseen questions,no,refuse,V0_baseline_single_call,not enough information in the provided course materials,,,ollama,qwen2.5:3b,0.315240249998169,1,98,13,,1.0,1.0,0,,1,auto-score; manually sanity-check before final submission
B060,verification_scope,L2-L9,Which exact unseen past-paper questions will the instructor reuse this year?,"The provided materials do not reveal exact unseen reused questions, so the system should refuse to invent them.",Course materials scope,not enough information;unseen questions,no,refuse,V1_retrieval_only,"The instructor will not reuse exact unseen past-paper questions this year.
Evidence: [Evidence 1]",48d0dafb390b;c21058527fdf;c4206be00394;ec521620f962;9fd340c8e5b4,"Lecture 6(2).pdf, page 2, chunk 48d0dafb390b;Lecture2-2026-COMP5541(1).pdf, page 65, chunk c21058527fdf;Lecture2-2026-COMP5541(1).pdf, page 22, chunk c4206be00394;Tutorial 1-Review on Linear Algebra.pdf, page 32, chunk ec521620f962;Lecture 6(2).pdf, page 88, chunk 9fd340c8e5b4",ollama,qwen2.5:3b,1.99054441699991,1,838,24,,0.0,1.0,0,,0,auto-score; manually sanity-check before final submission
B060,verification_scope,L2-L9,Which exact unseen past-paper questions will the instructor reuse this year?,"The provided materials do not reveal exact unseen reused questions, so the system should refuse to invent them.",Course materials scope,not enough information;unseen questions,no,refuse,V2_router_rewrite_retrieval,"not enough information in the provided course materials.

Evidence: [Evidence 1]",48d0dafb390b;c21058527fdf;c4206be00394;ec521620f962;3b88db0c0030,"Lecture 6(2).pdf, page 2, chunk 48d0dafb390b;Lecture2-2026-COMP5541(1).pdf, page 65, chunk c21058527fdf;Lecture2-2026-COMP5541(1).pdf, page 22, chunk c4206be00394;Tutorial 1-Review on Linear Algebra.pdf, page 32, chunk ec521620f962;COMP5541_2026_assignment.pdf, page 1, chunk 3b88db0c0030",ollama,qwen2.5:3b,3.16200787400885,2,1118,47,"route={'in_scope': 'no', 'question_type': 'unanswerable', 'lecture_topic': '', 'search_query': 'COMP5541 Lectures 2-9 Which exact unseen past-paper questions will the instructor reuse this year?'}",1.0,1.0,0,,1,auto-score; manually sanity-check before final submission
B060,verification_scope,L2-L9,Which exact unseen past-paper questions will the instructor reuse this year?,"The provided materials do not reveal exact unseen reused questions, so the system should refuse to invent them.",Course materials scope,not enough information;unseen questions,no,refuse,V3_retrieval_verifier,"The instructor will not reuse exact unseen past-paper questions this year.
Evidence: [Evidence 1]",48d0dafb390b;c21058527fdf;c4206be00394;ec521620f962;9fd340c8e5b4,"Lecture 6(2).pdf, page 2, chunk 48d0dafb390b;Lecture2-2026-COMP5541(1).pdf, page 65, chunk c21058527fdf;Lecture2-2026-COMP5541(1).pdf, page 22, chunk c4206be00394;Tutorial 1-Review on Linear Algebra.pdf, page 32, chunk ec521620f962;Lecture 6(2).pdf, page 88, chunk 9fd340c8e5b4",ollama,qwen2.5:3b,4.347717791999457,2,1845,53,draft_then_verifier_rejected_overcorrection,0.0,1.0,0,,0,auto-score; manually sanity-check before final submission
B060,verification_scope,L2-L9,Which exact unseen past-paper questions will the instructor reuse this year?,"The provided materials do not reveal exact unseen reused questions, so the system should refuse to invent them.",Course materials scope,not enough information;unseen questions,no,refuse,V4_full_router_retrieval_verifier,not enough information in the provided course materials,,,ollama,qwen2.5:3b,1.5811033320205752,2,329,40,"route={""in_scope"": ""no"", ""question_type"": ""unanswerable"", ""lecture_topic"": """", ""search_query"": ""COMP5541 Lectures 2-9 Which exact unseen past-paper questions will the instructor reuse this year?""}",1.0,1.0,0,,1,auto-score; manually sanity-check before final submission
B060,verification_scope,L2-L9,Which exact unseen past-paper questions will the instructor reuse this year?,"The provided materials do not reveal exact unseen reused questions, so the system should refuse to invent them.",Course materials scope,not enough information;unseen questions,no,refuse,A1_full_without_router,"not enough information in the provided course materials.

Evidence: [Evidence 1]",48d0dafb390b;c21058527fdf;c4206be00394;ec521620f962;3b88db0c0030,"Lecture 6(2).pdf, page 2, chunk 48d0dafb390b;Lecture2-2026-COMP5541(1).pdf, page 65, chunk c21058527fdf;Lecture2-2026-COMP5541(1).pdf, page 22, chunk c4206be00394;Tutorial 1-Review on Linear Algebra.pdf, page 32, chunk ec521620f962;COMP5541_2026_assignment.pdf, page 1, chunk 3b88db0c0030",ollama,qwen2.5:3b,4.793153166989214,2,2076,64,"draft_then_verifier_rejected_overcorrection;route={""in_scope"": ""yes"", ""question_type"": ""concept"", ""lecture_topic"": ""COMP5541 Lectures 2-9"", ""search_query"": ""COMP5541 Lectures 2-9 Which exact unseen past-paper questions will the instructor reuse this year?""}",1.0,1.0,0,,1,auto-score; manually sanity-check before final submission
B060,verification_scope,L2-L9,Which exact unseen past-paper questions will the instructor reuse this year?,"The provided materials do not reveal exact unseen reused questions, so the system should refuse to invent them.",Course materials scope,not enough information;unseen questions,no,refuse,A2_full_without_verifier,not enough information in the provided course materials,,,ollama,qwen2.5:3b,1.5811033320205752,2,329,40,"route={""in_scope"": ""no"", ""question_type"": ""unanswerable"", ""lecture_topic"": """", ""search_query"": ""COMP5541 Lectures 2-9 Which exact unseen past-paper questions will the instructor reuse this year?""}",1.0,1.0,0,,1,auto-score; manually sanity-check before final submission
B060,verification_scope,L2-L9,Which exact unseen past-paper questions will the instructor reuse this year?,"The provided materials do not reveal exact unseen reused questions, so the system should refuse to invent them.",Course materials scope,not enough information;unseen questions,no,refuse,A3_full_topk2,not enough information in the provided course materials,,,ollama,qwen2.5:3b,1.5811033320205752,2,329,40,"route={""in_scope"": ""no"", ""question_type"": ""unanswerable"", ""lecture_topic"": """", ""search_query"": ""COMP5541 Lectures 2-9 Which exact unseen past-paper questions will the instructor reuse this year?""}",1.0,1.0,0,,1,auto-score; manually sanity-check before final submission
B060,verification_scope,L2-L9,Which exact unseen past-paper questions will the instructor reuse this year?,"The provided materials do not reveal exact unseen reused questions, so the system should refuse to invent them.",Course materials scope,not enough information;unseen questions,no,refuse,A4_full_without_calculation_guard,not enough information in the provided course materials,,,ollama,qwen2.5:3b,1.5811033320205752,2,329,40,"route={""in_scope"": ""no"", ""question_type"": ""unanswerable"", ""lecture_topic"": """", ""search_query"": ""COMP5541 Lectures 2-9 Which exact unseen past-paper questions will the instructor reuse this year?""}",1.0,1.0,0,,1,auto-score; manually sanity-check before final submission
