case_id,category,lecture_scope,question,reference_answer,source_hint,required_terms,false_premise,expected_behavior,version,answer,retrieved_ids,retrieved_sources,provider,model,latency_s,llm_calls,input_tokens_est,output_tokens_est,notes,correctness_score,faithfulness_score,citation_hit,false_premise_detected,refusal_correct,human_comment
E001,concept,L2,What is the main assumption behind the K-nearest neighbor classifier?,Nearby points in feature space are likely to have similar labels or properties.,Lecture 2 KNN assumption,feature space;nearby;similar labels,no,answer,V0_baseline_single_call,"The main assumption behind the K-nearest neighbor (KNN) classifier is that instances of the same class will have neighbors with similar characteristics. This assumption is based on the principle that points which are close to each other in feature space are likely to belong to the same class, as stated in evidence [COMP5541-3].",,,ollama,qwen2.5:3b,13.393004666999332,1,96,82,,0.0,0.5,0,,,auto-score; manually sanity-check before final submission
E001,concept,L2,What is the main assumption behind the K-nearest neighbor classifier?,Nearby points in feature space are likely to have similar labels or properties.,Lecture 2 KNN assumption,feature space;nearby;similar labels,no,answer,V1_retrieval_only,"The main assumption behind the K-nearest neighbor classifier is that data points which are closer in feature space tend to have similar labels or properties.

Key Course Terms:
- Supervised Learning Method

Caveat:
- The classifier is fast during testing but slow during training, as indicated by O(1) for training and O(N) for testing time complexity. 

Evidence: [Evidence 4], [Evidence 5]",d5b4a491ab9d;91b25784e606;f55fc8f47abf;cdf6d6c2ccf9;fffd4aed3433,"Lecture2-2026-COMP5541(1).pdf, page 15, chunk d5b4a491ab9d;Lecture2-2026-COMP5541(1).pdf, page 17, chunk 91b25784e606;Lecture2-2026-COMP5541(1).pdf, page 6, chunk f55fc8f47abf;Lecture2-2026-COMP5541(1).pdf, page 8, chunk cdf6d6c2ccf9;Lecture2-2026-COMP5541(1).pdf, page 16, chunk fffd4aed3433",ollama,qwen2.5:3b,2.44739237500471,1,674,97,,0.5,1.0,1,,,auto-score; manually sanity-check before final submission
E001,concept,L2,What is the main assumption behind the K-nearest neighbor classifier?,Nearby points in feature space are likely to have similar labels or properties.,Lecture 2 KNN assumption,feature space;nearby;similar labels,no,answer,V2_router_rewrite_retrieval,"The main assumption behind the K-nearest neighbor classifier is that data points which are closer in feature space tend to have similar labels or properties.

Key Course Terms:
- Supervised Learning Method

Caveat:
- The classifier is fast during testing but slow during training, as indicated by O(1) for training and O(N) for testing time complexity. 

Evidence: [Evidence 4], [Evidence 5]",d5b4a491ab9d;91b25784e606;f55fc8f47abf;cdf6d6c2ccf9;fffd4aed3433,"Lecture2-2026-COMP5541(1).pdf, page 15, chunk d5b4a491ab9d;Lecture2-2026-COMP5541(1).pdf, page 17, chunk 91b25784e606;Lecture2-2026-COMP5541(1).pdf, page 6, chunk f55fc8f47abf;Lecture2-2026-COMP5541(1).pdf, page 8, chunk cdf6d6c2ccf9;Lecture2-2026-COMP5541(1).pdf, page 16, chunk fffd4aed3433",ollama,qwen2.5:3b,3.265435042001627,2,834,143,"route={'in_scope': 'yes', 'question_type': 'concept', 'lecture_topic': 'K-Nearest Neighbors (KNN) algorithm', 'search_query': 'COMP5541 Lectures 2-9 What is the main assumption behind the K-nearest neighbor classifier?'}",0.5,1.0,1,,,auto-score; manually sanity-check before final submission
E001,concept,L2,What is the main assumption behind the K-nearest neighbor classifier?,Nearby points in feature space are likely to have similar labels or properties.,Lecture 2 KNN assumption,feature space;nearby;similar labels,no,answer,V3_retrieval_verifier,"The main assumption behind the K-nearest neighbor classifier is that data points which are closer in feature space tend to have similar labels or properties.

Key Course Terms:
- Supervised Learning Method

Caveat:
- The classifier is fast during testing but slow during training, as indicated by O(1) for training and O(N) for testing time complexity. 

Evidence: [Evidence 4], [Evidence 5]",d5b4a491ab9d;91b25784e606;f55fc8f47abf;cdf6d6c2ccf9;fffd4aed3433,"Lecture2-2026-COMP5541(1).pdf, page 15, chunk d5b4a491ab9d;Lecture2-2026-COMP5541(1).pdf, page 17, chunk 91b25784e606;Lecture2-2026-COMP5541(1).pdf, page 6, chunk f55fc8f47abf;Lecture2-2026-COMP5541(1).pdf, page 8, chunk cdf6d6c2ccf9;Lecture2-2026-COMP5541(1).pdf, page 16, chunk fffd4aed3433",ollama,qwen2.5:3b,4.849372249998851,2,1589,164,draft_then_verifier_rejected_overcorrection,0.5,1.0,1,,,auto-score; manually sanity-check before final submission
E001,concept,L2,What is the main assumption behind the K-nearest neighbor classifier?,Nearby points in feature space are likely to have similar labels or properties.,Lecture 2 KNN assumption,feature space;nearby;similar labels,no,answer,V4_full_router_retrieval_verifier,"The main assumption behind the K-nearest neighbor classifier is that data points which are closer in feature space tend to have similar labels or properties.

Key Course Terms:
- Supervised Learning Method

Caveat:
- The classifier is fast during testing but slow during training, as indicated by O(1) for training and O(N) for testing time complexity. 

Evidence: [Evidence 4], [Evidence 5]",d5b4a491ab9d;91b25784e606;f55fc8f47abf;cdf6d6c2ccf9;fffd4aed3433,"Lecture2-2026-COMP5541(1).pdf, page 15, chunk d5b4a491ab9d;Lecture2-2026-COMP5541(1).pdf, page 17, chunk 91b25784e606;Lecture2-2026-COMP5541(1).pdf, page 6, chunk f55fc8f47abf;Lecture2-2026-COMP5541(1).pdf, page 8, chunk cdf6d6c2ccf9;Lecture2-2026-COMP5541(1).pdf, page 16, chunk fffd4aed3433",ollama,qwen2.5:3b,5.580362958000478,3,1753,210,"route={""in_scope"": ""yes"", ""question_type"": ""concept"", ""lecture_topic"": ""K-Nearest Neighbors (KNN) algorithm"", ""search_query"": ""COMP5541 Lectures 2-9 What is the main assumption behind the K-nearest neighbor classifier?""}",0.5,1.0,1,,,auto-score; manually sanity-check before final submission
E001,concept,L2,What is the main assumption behind the K-nearest neighbor classifier?,Nearby points in feature space are likely to have similar labels or properties.,Lecture 2 KNN assumption,feature space;nearby;similar labels,no,answer,A1_full_without_router,"The main assumption behind the K-nearest neighbor classifier is that data points which are closer in feature space tend to have similar labels or properties.

Key Course Terms:
- Supervised Learning Method

Caveat:
- The classifier is fast during testing but slow during training, as indicated by O(1) for training and O(N) for testing time complexity. 

Evidence: [Evidence 4], [Evidence 5]",d5b4a491ab9d;91b25784e606;f55fc8f47abf;cdf6d6c2ccf9;fffd4aed3433,"Lecture2-2026-COMP5541(1).pdf, page 15, chunk d5b4a491ab9d;Lecture2-2026-COMP5541(1).pdf, page 17, chunk 91b25784e606;Lecture2-2026-COMP5541(1).pdf, page 6, chunk f55fc8f47abf;Lecture2-2026-COMP5541(1).pdf, page 8, chunk cdf6d6c2ccf9;Lecture2-2026-COMP5541(1).pdf, page 16, chunk fffd4aed3433",ollama,qwen2.5:3b,4.576485500001581,2,1589,164,"route={""in_scope"": ""yes"", ""question_type"": ""concept"", ""lecture_topic"": ""COMP5541 Lectures 2-9"", ""search_query"": ""COMP5541 Lectures 2-9 What is the main assumption behind the K-nearest neighbor classifier?""}",0.5,1.0,1,,,auto-score; manually sanity-check before final submission
E001,concept,L2,What is the main assumption behind the K-nearest neighbor classifier?,Nearby points in feature space are likely to have similar labels or properties.,Lecture 2 KNN assumption,feature space;nearby;similar labels,no,answer,A2_full_without_verifier,"The main assumption behind the K-nearest neighbor classifier is that data points which are closer in feature space tend to have similar labels or properties.

Key Course Terms:
- Supervised Learning Method

Caveat:
- The classifier is fast during testing but slow during training, as indicated by O(1) for training and O(N) for testing time complexity. 

Evidence: [Evidence 4], [Evidence 5]",d5b4a491ab9d;91b25784e606;f55fc8f47abf;cdf6d6c2ccf9;fffd4aed3433,"Lecture2-2026-COMP5541(1).pdf, page 15, chunk d5b4a491ab9d;Lecture2-2026-COMP5541(1).pdf, page 17, chunk 91b25784e606;Lecture2-2026-COMP5541(1).pdf, page 6, chunk f55fc8f47abf;Lecture2-2026-COMP5541(1).pdf, page 8, chunk cdf6d6c2ccf9;Lecture2-2026-COMP5541(1).pdf, page 16, chunk fffd4aed3433",ollama,qwen2.5:3b,3.265435042001627,2,834,143,"route={""in_scope"": ""yes"", ""question_type"": ""concept"", ""lecture_topic"": ""K-Nearest Neighbors (KNN) algorithm"", ""search_query"": ""COMP5541 Lectures 2-9 What is the main assumption behind the K-nearest neighbor classifier?""}",0.5,1.0,1,,,auto-score; manually sanity-check before final submission
E001,concept,L2,What is the main assumption behind the K-nearest neighbor classifier?,Nearby points in feature space are likely to have similar labels or properties.,Lecture 2 KNN assumption,feature space;nearby;similar labels,no,answer,A3_full_topk2,"The main assumption behind the K-nearest neighbor classifier is that objects similar in features are located in close proximity to each other in the feature space.

Key Course Terms: Feature Space

Explanation:
The lecture notes indicate that the K-Nearest Neighbor (KNN) Classifier operates under the assumption that points with similar features will be near one another in the feature space. This assumption is fundamental for the classifier's operation, as it relies on finding and comparing the distances between a query point and its k-nearest neighbors to make predictions.

Evidence: [Evidence 1], [Evidence 2]",d5b4a491ab9d;91b25784e606,"Lecture2-2026-COMP5541(1).pdf, page 15, chunk d5b4a491ab9d;Lecture2-2026-COMP5541(1).pdf, page 17, chunk 91b25784e606",ollama,qwen2.5:3b,6.031966082995496,3,1271,321,"route={""in_scope"": ""yes"", ""question_type"": ""concept"", ""lecture_topic"": ""K-Nearest Neighbors (KNN) algorithm"", ""search_query"": ""COMP5541 Lectures 2-9 What is the main assumption behind the K-nearest neighbor classifier?""}",0.0,1.0,1,,,auto-score; manually sanity-check before final submission
E001,concept,L2,What is the main assumption behind the K-nearest neighbor classifier?,Nearby points in feature space are likely to have similar labels or properties.,Lecture 2 KNN assumption,feature space;nearby;similar labels,no,answer,A4_full_without_calculation_guard,"The main assumption behind the K-nearest neighbor classifier is that data points which are closer in feature space tend to have similar labels or properties.

Key Course Terms:
- Supervised Learning Method

Caveat:
- The classifier is fast during testing but slow during training, as indicated by O(1) for training and O(N) for testing time complexity. 

Evidence: [Evidence 4], [Evidence 5]",d5b4a491ab9d;91b25784e606;f55fc8f47abf;cdf6d6c2ccf9;fffd4aed3433,"Lecture2-2026-COMP5541(1).pdf, page 15, chunk d5b4a491ab9d;Lecture2-2026-COMP5541(1).pdf, page 17, chunk 91b25784e606;Lecture2-2026-COMP5541(1).pdf, page 6, chunk f55fc8f47abf;Lecture2-2026-COMP5541(1).pdf, page 8, chunk cdf6d6c2ccf9;Lecture2-2026-COMP5541(1).pdf, page 16, chunk fffd4aed3433",ollama,qwen2.5:3b,5.580362958000478,3,1753,210,"route={""in_scope"": ""yes"", ""question_type"": ""concept"", ""lecture_topic"": ""K-Nearest Neighbors (KNN) algorithm"", ""search_query"": ""COMP5541 Lectures 2-9 What is the main assumption behind the K-nearest neighbor classifier?""}",0.5,1.0,1,,,auto-score; manually sanity-check before final submission
E002,concept,L2,Why is KNN called a non-parametric method?,KNN mainly stores the training data and does not learn a fixed parameter vector like linear regression.,Lecture 2 KNN non-parametric,stores training data;no fixed parameters,no,answer,V0_baseline_single_call,"KNN (k-Nearest Neighbors) is called a non-parametric method because it does not rely on a specific parametric form to model the data; instead, it makes predictions based solely on the available training data. This approach avoids making assumptions about the underlying distribution of the data, thus adhering to the definition of non-parametric methods which do not assume any fixed mathematical form for the relationship between variables.",,,ollama,qwen2.5:3b,1.4058445420014325,1,89,110,,0.0,0.5,0,,,auto-score; manually sanity-check before final submission
E002,concept,L2,Why is KNN called a non-parametric method?,KNN mainly stores the training data and does not learn a fixed parameter vector like linear regression.,Lecture 2 KNN non-parametric,stores training data;no fixed parameters,no,answer,V1_retrieval_only,"KNN is called a non-parametric method because it does not make strong assumptions about the form of the relationship between input features and output labels, as evidenced by [Evidence 2] and [Evidence 3]. The key assumption behind KNN is that data points close in feature space are likely to have similar labels or properties, which is stated explicitly in [Evidence 1].

Key Terms:
- Non-parametric Model
- Parametric Model

Caveat:
- KNN does not assume a specific functional form for the relationship between inputs and outputs.

Formula/Caveats:
- The non-parametric nature of KNN means it can adapt to various data distributions without making restrictive assumptions about the underlying model.",6538af76734c;8d1244d95258;9c15f8ecc779;46399ba258fb;0e7b519faa2a,"Lecture2-2026-COMP5541(1).pdf, page 38, chunk 6538af76734c;Lecture2-2026-COMP5541(1).pdf, page 82, chunk 8d1244d95258;Lecture2-2026-COMP5541(1).pdf, page 81, chunk 9c15f8ecc779;Lecture2-2026-COMP5541(1).pdf, page 29, chunk 46399ba258fb;Lecture2-2026-COMP5541(1).pdf, page 9, chunk 0e7b519faa2a",ollama,qwen2.5:3b,3.951629041999695,1,1026,175,,0.0,1.0,1,,,auto-score; manually sanity-check before final submission
E002,concept,L2,Why is KNN called a non-parametric method?,KNN mainly stores the training data and does not learn a fixed parameter vector like linear regression.,Lecture 2 KNN non-parametric,stores training data;no fixed parameters,no,answer,V2_router_rewrite_retrieval,"KNN is called a non-parametric method because it does not make strong prior assumptions about the data distribution.

Key terms: Non-parametric Model

Explanation: The provided evidence supports this by stating that KNN is considered a non-parametric model, which implies it lacks strong prior assumptions. This contrasts with parametric models like linear regression, which have predefined forms and parameters (Evidence 3). Additionally, the reflection questions highlight how KNN does not require training to be performed; instead, all that's needed is storing and possibly indexing the training data (Evidence 4 & Evidence 5), further supporting its non-parametric nature.",9c15f8ecc779;8d1244d95258;6538af76734c;46399ba258fb;2e202bed85f3,"Lecture2-2026-COMP5541(1).pdf, page 81, chunk 9c15f8ecc779;Lecture2-2026-COMP5541(1).pdf, page 82, chunk 8d1244d95258;Lecture2-2026-COMP5541(1).pdf, page 38, chunk 6538af76734c;Lecture2-2026-COMP5541(1).pdf, page 29, chunk 46399ba258fb;Lecture2-2026-COMP5541(1).pdf, page 34, chunk 2e202bed85f3",ollama,qwen2.5:3b,5.377883041997848,2,1236,278,"route={'in_scope': 'yes', 'question_type': 'concept', 'lecture_topic': 'K-Nearest Neighbors (KNN) algorithm and its classification methods', 'search_query': 'Lecture 2 KNN Why is KNN called a non-parametric method?'}",0.0,1.0,1,,,auto-score; manually sanity-check before final submission
E002,concept,L2,Why is KNN called a non-parametric method?,KNN mainly stores the training data and does not learn a fixed parameter vector like linear regression.,Lecture 2 KNN non-parametric,stores training data;no fixed parameters,no,answer,V3_retrieval_verifier,"KNN is called a non-parametric method because it does not make strong assumptions about the form of the relationship between input features and output labels, as evidenced by [Evidence 2] and [Evidence 3]. The key assumption behind KNN is that data points close in feature space are likely to have similar labels or properties, which is stated explicitly in [Evidence 1].

Key Terms:
- Non-parametric Model
- Parametric Model

Caveat:
- KNN does not assume a specific functional form for the relationship between inputs and outputs.

Formula/Caveats:
- The non-parametric nature of KNN means it can adapt to various data distributions without making restrictive assumptions about the underlying model.",6538af76734c;8d1244d95258;9c15f8ecc779;46399ba258fb;0e7b519faa2a,"Lecture2-2026-COMP5541(1).pdf, page 38, chunk 6538af76734c;Lecture2-2026-COMP5541(1).pdf, page 82, chunk 8d1244d95258;Lecture2-2026-COMP5541(1).pdf, page 81, chunk 9c15f8ecc779;Lecture2-2026-COMP5541(1).pdf, page 29, chunk 46399ba258fb;Lecture2-2026-COMP5541(1).pdf, page 9, chunk 0e7b519faa2a",ollama,qwen2.5:3b,8.282537000995944,2,2360,334,draft_then_verifier_rejected_overcorrection,0.0,1.0,1,,,auto-score; manually sanity-check before final submission
E002,concept,L2,Why is KNN called a non-parametric method?,KNN mainly stores the training data and does not learn a fixed parameter vector like linear regression.,Lecture 2 KNN non-parametric,stores training data;no fixed parameters,no,answer,V4_full_router_retrieval_verifier,"KNN is called a non-parametric method because it does not make strong prior assumptions about the data distribution.

Key terms: Non-parametric Model

Explanation: The provided evidence supports this by stating that KNN is considered a non-parametric model, which implies it lacks strong prior assumptions. This contrasts with parametric models like linear regression, which have predefined forms and parameters (Evidence 3). Additionally, the reflection questions highlight how KNN does not require training to be performed; instead, all that's needed is storing and possibly indexing the training data (Evidence 4 & Evidence 5), further supporting its non-parametric nature.",9c15f8ecc779;8d1244d95258;6538af76734c;46399ba258fb;2e202bed85f3,"Lecture2-2026-COMP5541(1).pdf, page 81, chunk 9c15f8ecc779;Lecture2-2026-COMP5541(1).pdf, page 82, chunk 8d1244d95258;Lecture2-2026-COMP5541(1).pdf, page 38, chunk 6538af76734c;Lecture2-2026-COMP5541(1).pdf, page 29, chunk 46399ba258fb;Lecture2-2026-COMP5541(1).pdf, page 34, chunk 2e202bed85f3",ollama,qwen2.5:3b,8.84178245899966,3,2634,385,"route={""in_scope"": ""yes"", ""question_type"": ""concept"", ""lecture_topic"": ""K-Nearest Neighbors (KNN) algorithm and its classification methods"", ""search_query"": ""Lecture 2 KNN Why is KNN called a non-parametric method?""}",0.0,1.0,1,,,auto-score; manually sanity-check before final submission
E002,concept,L2,Why is KNN called a non-parametric method?,KNN mainly stores the training data and does not learn a fixed parameter vector like linear regression.,Lecture 2 KNN non-parametric,stores training data;no fixed parameters,no,answer,A1_full_without_router,"KNN is called a non-parametric method because it does not make strong prior assumptions about the data distribution.

Key terms: Non-parametric Model

Explanation: The provided evidence supports this by stating that KNN is considered a non-parametric model, which implies it lacks strong prior assumptions. This contrasts with parametric models like linear regression, which have predefined forms and parameters (Evidence 3). Additionally, the reflection questions highlight how KNN does not require training to be performed; instead, all that's needed is storing and possibly indexing the training data (Evidence 4 & Evidence 5), further supporting its non-parametric nature.",9c15f8ecc779;8d1244d95258;6538af76734c;46399ba258fb;2e202bed85f3,"Lecture2-2026-COMP5541(1).pdf, page 81, chunk 9c15f8ecc779;Lecture2-2026-COMP5541(1).pdf, page 82, chunk 8d1244d95258;Lecture2-2026-COMP5541(1).pdf, page 38, chunk 6538af76734c;Lecture2-2026-COMP5541(1).pdf, page 29, chunk 46399ba258fb;Lecture2-2026-COMP5541(1).pdf, page 34, chunk 2e202bed85f3",ollama,qwen2.5:3b,7.845097416997305,2,2468,344,"route={""in_scope"": ""yes"", ""question_type"": ""comparison"", ""lecture_topic"": ""Lecture 2 KNN"", ""search_query"": ""Lecture 2 KNN Why is KNN called a non-parametric method?""}",0.0,1.0,1,,,auto-score; manually sanity-check before final submission
E002,concept,L2,Why is KNN called a non-parametric method?,KNN mainly stores the training data and does not learn a fixed parameter vector like linear regression.,Lecture 2 KNN non-parametric,stores training data;no fixed parameters,no,answer,A2_full_without_verifier,"KNN is called a non-parametric method because it does not make strong prior assumptions about the data distribution.

Key terms: Non-parametric Model

Explanation: The provided evidence supports this by stating that KNN is considered a non-parametric model, which implies it lacks strong prior assumptions. This contrasts with parametric models like linear regression, which have predefined forms and parameters (Evidence 3). Additionally, the reflection questions highlight how KNN does not require training to be performed; instead, all that's needed is storing and possibly indexing the training data (Evidence 4 & Evidence 5), further supporting its non-parametric nature.",9c15f8ecc779;8d1244d95258;6538af76734c;46399ba258fb;2e202bed85f3,"Lecture2-2026-COMP5541(1).pdf, page 81, chunk 9c15f8ecc779;Lecture2-2026-COMP5541(1).pdf, page 82, chunk 8d1244d95258;Lecture2-2026-COMP5541(1).pdf, page 38, chunk 6538af76734c;Lecture2-2026-COMP5541(1).pdf, page 29, chunk 46399ba258fb;Lecture2-2026-COMP5541(1).pdf, page 34, chunk 2e202bed85f3",ollama,qwen2.5:3b,5.377883041997848,2,1236,278,"route={""in_scope"": ""yes"", ""question_type"": ""concept"", ""lecture_topic"": ""K-Nearest Neighbors (KNN) algorithm and its classification methods"", ""search_query"": ""Lecture 2 KNN Why is KNN called a non-parametric method?""}",0.0,1.0,1,,,auto-score; manually sanity-check before final submission
E002,concept,L2,Why is KNN called a non-parametric method?,KNN mainly stores the training data and does not learn a fixed parameter vector like linear regression.,Lecture 2 KNN non-parametric,stores training data;no fixed parameters,no,answer,A3_full_topk2,"KNN is called a non-parametric method because it does not rely on a predetermined mathematical formula or set of parameters to make predictions.

Key Course Terms:
- Non-parametric

Mechanism:
Non-parametric methods, such as KNN (k-nearest neighbors), do not assume any specific form for the underlying data distribution. Instead, they use all available training data points directly in their decision-making process without fitting a model that has parameters to be learned from the data.

Evidence: [Evidence 1], [Evidence 2]",9c15f8ecc779;8d1244d95258,"Lecture2-2026-COMP5541(1).pdf, page 81, chunk 9c15f8ecc779;Lecture2-2026-COMP5541(1).pdf, page 82, chunk 8d1244d95258",ollama,qwen2.5:3b,7.062427042008494,3,1930,303,"route={""in_scope"": ""yes"", ""question_type"": ""concept"", ""lecture_topic"": ""K-Nearest Neighbors (KNN) algorithm and its classification methods"", ""search_query"": ""Lecture 2 KNN Why is KNN called a non-parametric method?""}",0.0,1.0,1,,,auto-score; manually sanity-check before final submission
E002,concept,L2,Why is KNN called a non-parametric method?,KNN mainly stores the training data and does not learn a fixed parameter vector like linear regression.,Lecture 2 KNN non-parametric,stores training data;no fixed parameters,no,answer,A4_full_without_calculation_guard,"KNN is called a non-parametric method because it does not make strong prior assumptions about the data distribution.

Key terms: Non-parametric Model

Explanation: The provided evidence supports this by stating that KNN is considered a non-parametric model, which implies it lacks strong prior assumptions. This contrasts with parametric models like linear regression, which have predefined forms and parameters (Evidence 3). Additionally, the reflection questions highlight how KNN does not require training to be performed; instead, all that's needed is storing and possibly indexing the training data (Evidence 4 & Evidence 5), further supporting its non-parametric nature.",9c15f8ecc779;8d1244d95258;6538af76734c;46399ba258fb;2e202bed85f3,"Lecture2-2026-COMP5541(1).pdf, page 81, chunk 9c15f8ecc779;Lecture2-2026-COMP5541(1).pdf, page 82, chunk 8d1244d95258;Lecture2-2026-COMP5541(1).pdf, page 38, chunk 6538af76734c;Lecture2-2026-COMP5541(1).pdf, page 29, chunk 46399ba258fb;Lecture2-2026-COMP5541(1).pdf, page 34, chunk 2e202bed85f3",ollama,qwen2.5:3b,8.84178245899966,3,2634,385,"route={""in_scope"": ""yes"", ""question_type"": ""concept"", ""lecture_topic"": ""K-Nearest Neighbors (KNN) algorithm and its classification methods"", ""search_query"": ""Lecture 2 KNN Why is KNN called a non-parametric method?""}",0.0,1.0,1,,,auto-score; manually sanity-check before final submission
E003,comparison,L2,Why should the test set not be used to choose K in KNN?,The validation set is used for hyperparameter selection; the test set should be reserved for final unbiased evaluation.,Lecture 2 validation/test split,validation;hyperparameter;test set;final evaluation,no,answer,V0_baseline_single_call,Not enough information in the provided course materials.,,,ollama,qwen2.5:3b,0.2864379579987144,1,93,14,,0.0,1.0,0,,,auto-score; manually sanity-check before final submission
E003,comparison,L2,Why should the test set not be used to choose K in KNN?,The validation set is used for hyperparameter selection; the test set should be reserved for final unbiased evaluation.,Lecture 2 validation/test split,validation;hyperparameter;test set;final evaluation,no,answer,V1_retrieval_only,"Why should the test set not be used to choose K in KNN?
The test set should not be used to choose K in KNN because it is a holdout dataset meant for evaluating the final performance of the model, not for hyperparameter tuning. The key mechanism here is that using the test set for choosing K could lead to overfitting on the validation data, which would result in an overly optimistic estimate of how well the model will perform on unseen data.

Evidence: [Evidence 1], [Evidence 4]",a37cb6ad8f7f;9c15f8ecc779;8d1244d95258;f9380f4a4c9f;46399ba258fb,"Lecture2-2026-COMP5541(1).pdf, page 24, chunk a37cb6ad8f7f;Lecture2-2026-COMP5541(1).pdf, page 81, chunk 9c15f8ecc779;Lecture2-2026-COMP5541(1).pdf, page 82, chunk 8d1244d95258;Lecture2-2026-COMP5541(1).pdf, page 23, chunk f9380f4a4c9f;Lecture2-2026-COMP5541(1).pdf, page 29, chunk 46399ba258fb",ollama,qwen2.5:3b,3.4241584580013296,1,1052,120,,1.0,1.0,1,,,auto-score; manually sanity-check before final submission
E003,comparison,L2,Why should the test set not be used to choose K in KNN?,The validation set is used for hyperparameter selection; the test set should be reserved for final unbiased evaluation.,Lecture 2 validation/test split,validation;hyperparameter;test set;final evaluation,no,answer,V2_router_rewrite_retrieval,"Why should the test set not be used to choose K in KNN?
The test set should not be used to choose K in KNN because choosing K based on test accuracy can lead to overfitting, where the model performs well on the training data but poorly on unseen data. This is contrary to the principle of using a validation set or cross-validation for hyperparameter tuning.

Key terms: validation set, cross-validation
Evidence: 1, 23",a37cb6ad8f7f;9c15f8ecc779;8d1244d95258;46399ba258fb;f9380f4a4c9f,"Lecture2-2026-COMP5541(1).pdf, page 24, chunk a37cb6ad8f7f;Lecture2-2026-COMP5541(1).pdf, page 81, chunk 9c15f8ecc779;Lecture2-2026-COMP5541(1).pdf, page 82, chunk 8d1244d95258;Lecture2-2026-COMP5541(1).pdf, page 29, chunk 46399ba258fb;Lecture2-2026-COMP5541(1).pdf, page 23, chunk f9380f4a4c9f",ollama,qwen2.5:3b,3.9870894999985462,2,1209,149,"route={'in_scope': 'yes', 'question_type': 'false_premise', 'lecture_topic': 'Cross-Validation and Model Selection', 'search_query': 'Lecture 2 KNN Why should the test set not be used to choose K in KNN?'}",1.0,1.0,1,,,auto-score; manually sanity-check before final submission
E003,comparison,L2,Why should the test set not be used to choose K in KNN?,The validation set is used for hyperparameter selection; the test set should be reserved for final unbiased evaluation.,Lecture 2 validation/test split,validation;hyperparameter;test set;final evaluation,no,answer,V3_retrieval_verifier,"Why should the test set not be used to choose K in KNN?
The test set should not be used to choose K in KNN because it is a holdout dataset meant for evaluating the final performance of the model, not for hyperparameter tuning. The key mechanism here is that using the test set for choosing K could lead to overfitting on the validation data, which would result in an overly optimistic estimate of how well the model will perform on unseen data.

Evidence: [Evidence 1], [Evidence 4]",a37cb6ad8f7f;9c15f8ecc779;8d1244d95258;f9380f4a4c9f;46399ba258fb,"Lecture2-2026-COMP5541(1).pdf, page 24, chunk a37cb6ad8f7f;Lecture2-2026-COMP5541(1).pdf, page 81, chunk 9c15f8ecc779;Lecture2-2026-COMP5541(1).pdf, page 82, chunk 8d1244d95258;Lecture2-2026-COMP5541(1).pdf, page 23, chunk f9380f4a4c9f;Lecture2-2026-COMP5541(1).pdf, page 29, chunk 46399ba258fb",ollama,qwen2.5:3b,7.344185499001469,2,2361,247,draft_then_verifier_rejected_overcorrection,1.0,1.0,1,,,auto-score; manually sanity-check before final submission
E003,comparison,L2,Why should the test set not be used to choose K in KNN?,The validation set is used for hyperparameter selection; the test set should be reserved for final unbiased evaluation.,Lecture 2 validation/test split,validation;hyperparameter;test set;final evaluation,no,answer,V4_full_router_retrieval_verifier,"The premise is incorrect: The test set should not be used to choose K in KNN because choosing K based on test accuracy can lead to overfitting, where the model performs well on the training data but poorly on unseen data. This is contrary to the principle of using a validation set or cross-validation for hyperparameter tuning.

Evidence: 1, 23",a37cb6ad8f7f;9c15f8ecc779;8d1244d95258;46399ba258fb;f9380f4a4c9f,"Lecture2-2026-COMP5541(1).pdf, page 24, chunk a37cb6ad8f7f;Lecture2-2026-COMP5541(1).pdf, page 81, chunk 9c15f8ecc779;Lecture2-2026-COMP5541(1).pdf, page 82, chunk 8d1244d95258;Lecture2-2026-COMP5541(1).pdf, page 29, chunk 46399ba258fb;Lecture2-2026-COMP5541(1).pdf, page 23, chunk f9380f4a4c9f",ollama,qwen2.5:3b,7.149036207993049,3,2463,235,"route={""in_scope"": ""yes"", ""question_type"": ""false_premise"", ""lecture_topic"": ""Cross-Validation and Model Selection"", ""search_query"": ""Lecture 2 KNN Why should the test set not be used to choose K in KNN?""}",1.0,1.0,1,,,auto-score; manually sanity-check before final submission
E003,comparison,L2,Why should the test set not be used to choose K in KNN?,The validation set is used for hyperparameter selection; the test set should be reserved for final unbiased evaluation.,Lecture 2 validation/test split,validation;hyperparameter;test set;final evaluation,no,answer,A1_full_without_router,"Why should the test set not be used to choose K in KNN?
The test set should not be used to choose K in KNN because choosing K based on test accuracy can lead to overfitting, where the model performs well on the training data but poorly on unseen data. This is contrary to the principle of using a validation set or cross-validation for hyperparameter tuning.

Key terms: validation set, cross-validation
Evidence: 1, 23",a37cb6ad8f7f;9c15f8ecc779;8d1244d95258;46399ba258fb;f9380f4a4c9f,"Lecture2-2026-COMP5541(1).pdf, page 24, chunk a37cb6ad8f7f;Lecture2-2026-COMP5541(1).pdf, page 81, chunk 9c15f8ecc779;Lecture2-2026-COMP5541(1).pdf, page 82, chunk 8d1244d95258;Lecture2-2026-COMP5541(1).pdf, page 29, chunk 46399ba258fb;Lecture2-2026-COMP5541(1).pdf, page 23, chunk f9380f4a4c9f",ollama,qwen2.5:3b,6.17063187599706,2,2345,190,"route={""in_scope"": ""yes"", ""question_type"": ""comparison"", ""lecture_topic"": ""Lecture 2 KNN"", ""search_query"": ""Lecture 2 KNN Why should the test set not be used to choose K in KNN?""}",1.0,1.0,1,,,auto-score; manually sanity-check before final submission
E003,comparison,L2,Why should the test set not be used to choose K in KNN?,The validation set is used for hyperparameter selection; the test set should be reserved for final unbiased evaluation.,Lecture 2 validation/test split,validation;hyperparameter;test set;final evaluation,no,answer,A2_full_without_verifier,"Why should the test set not be used to choose K in KNN?
The test set should not be used to choose K in KNN because choosing K based on test accuracy can lead to overfitting, where the model performs well on the training data but poorly on unseen data. This is contrary to the principle of using a validation set or cross-validation for hyperparameter tuning.

Key terms: validation set, cross-validation
Evidence: 1, 23",a37cb6ad8f7f;9c15f8ecc779;8d1244d95258;46399ba258fb;f9380f4a4c9f,"Lecture2-2026-COMP5541(1).pdf, page 24, chunk a37cb6ad8f7f;Lecture2-2026-COMP5541(1).pdf, page 81, chunk 9c15f8ecc779;Lecture2-2026-COMP5541(1).pdf, page 82, chunk 8d1244d95258;Lecture2-2026-COMP5541(1).pdf, page 29, chunk 46399ba258fb;Lecture2-2026-COMP5541(1).pdf, page 23, chunk f9380f4a4c9f",ollama,qwen2.5:3b,3.9870894999985462,2,1209,149,"route={""in_scope"": ""yes"", ""question_type"": ""false_premise"", ""lecture_topic"": ""Cross-Validation and Model Selection"", ""search_query"": ""Lecture 2 KNN Why should the test set not be used to choose K in KNN?""}",1.0,1.0,1,,,auto-score; manually sanity-check before final submission
E003,comparison,L2,Why should the test set not be used to choose K in KNN?,The validation set is used for hyperparameter selection; the test set should be reserved for final unbiased evaluation.,Lecture 2 validation/test split,validation;hyperparameter;test set;final evaluation,no,answer,A3_full_topk2,"The premise is incorrect: The test set should not be used to choose K in KNN because it would lead to overfitting and an overly optimistic estimate of performance, which is contrary to the goal of evaluating model generalization.

Evidence: [Evidence 1], [Evidence 2]",a37cb6ad8f7f;9c15f8ecc779,"Lecture2-2026-COMP5541(1).pdf, page 24, chunk a37cb6ad8f7f;Lecture2-2026-COMP5541(1).pdf, page 81, chunk 9c15f8ecc779",ollama,qwen2.5:3b,5.442320166002901,3,1599,200,"route={""in_scope"": ""yes"", ""question_type"": ""false_premise"", ""lecture_topic"": ""Cross-Validation and Model Selection"", ""search_query"": ""Lecture 2 KNN Why should the test set not be used to choose K in KNN?""}",0.0,1.0,1,,,auto-score; manually sanity-check before final submission
E003,comparison,L2,Why should the test set not be used to choose K in KNN?,The validation set is used for hyperparameter selection; the test set should be reserved for final unbiased evaluation.,Lecture 2 validation/test split,validation;hyperparameter;test set;final evaluation,no,answer,A4_full_without_calculation_guard,"The premise is incorrect: The test set should not be used to choose K in KNN because choosing K based on test accuracy can lead to overfitting, where the model performs well on the training data but poorly on unseen data. This is contrary to the principle of using a validation set or cross-validation for hyperparameter tuning.

Evidence: 1, 23",a37cb6ad8f7f;9c15f8ecc779;8d1244d95258;46399ba258fb;f9380f4a4c9f,"Lecture2-2026-COMP5541(1).pdf, page 24, chunk a37cb6ad8f7f;Lecture2-2026-COMP5541(1).pdf, page 81, chunk 9c15f8ecc779;Lecture2-2026-COMP5541(1).pdf, page 82, chunk 8d1244d95258;Lecture2-2026-COMP5541(1).pdf, page 29, chunk 46399ba258fb;Lecture2-2026-COMP5541(1).pdf, page 23, chunk f9380f4a4c9f",ollama,qwen2.5:3b,7.149036207993049,3,2463,235,"route={""in_scope"": ""yes"", ""question_type"": ""false_premise"", ""lecture_topic"": ""Cross-Validation and Model Selection"", ""search_query"": ""Lecture 2 KNN Why should the test set not be used to choose K in KNN?""}",1.0,1.0,1,,,auto-score; manually sanity-check before final submission
E004,calculation,L2,"For linear regression with 12 input features and one scalar output, how many parameters are there if a bias term is included?",There are 13 parameters: 12 feature weights plus 1 bias.,Lecture 2 linear regression parameter count,12 weights;1 bias;13,no,answer,V0_baseline_single_call,"To determine the number of parameters in a linear regression model with 12 input features and one scalar output when including a bias term, we need to consider both the weights for each feature and the bias term.

Given:
- Number of input features (including bias) = 13

The formula for calculating the total number of parameters \( P \) in such a linear regression model is:

\[ P = (\text{Number of Input Features}) + 1 \]

Substituting the given value:

\[ P = 12 + 1 = 13 \]

Therefore, there are 13 parameters in this model.",,,ollama,qwen2.5:3b,2.131395874999725,1,110,132,,1.0,0.5,0,,,auto-score; manually sanity-check before final submission
E004,calculation,L2,"For linear regression with 12 input features and one scalar output, how many parameters are there if a bias term is included?",There are 13 parameters: 12 feature weights plus 1 bias.,Lecture 2 linear regression parameter count,12 weights;1 bias;13,no,answer,V1_retrieval_only,"For linear regression with 12 input features and one scalar output, if a bias term is included, there are 13 parameters.

Key terms: Linear Regression, Parameters

Explanation:
In linear regression, for each feature, we have a weight parameter (w) that represents the influence of that feature on the output. Additionally, a bias term (b) is added to account for any constant values needed in the model. With 12 input features and including one bias term, the total number of parameters becomes 13.

Evidence: [Evidence 1], [Evidence 4]",4a47c4a5634c;2a0f5b5573d2;82530212ecdd;e93efcbeb01d;1a54fdf8bbe5,"Lecture2-2026-COMP5541(1).pdf, page 60, chunk 4a47c4a5634c;Tutorial 1-Review on Linear Algebra.pdf, page 12, chunk 2a0f5b5573d2;Lecture 4.pdf, page 16, chunk 82530212ecdd;Lecture2-2026-COMP5541(1).pdf, page 67, chunk e93efcbeb01d;Lecture 4.pdf, page 8, chunk 1a54fdf8bbe5",ollama,qwen2.5:3b,3.069788624998182,1,583,134,,0.5,1.0,1,,,auto-score; manually sanity-check before final submission
E004,calculation,L2,"For linear regression with 12 input features and one scalar output, how many parameters are there if a bias term is included?",There are 13 parameters: 12 feature weights plus 1 bias.,Lecture 2 linear regression parameter count,12 weights;1 bias;13,no,answer,V2_router_rewrite_retrieval,"For linear regression with 12 input features and one scalar output, if a bias term is included, there are 13 parameters. This can be calculated using the formula: number of parameters = (number of inputs + 1). In this case, it's 12 (inputs) + 1 (bias term).

Evidence: [Evidence 1], [Evidence 5]",4a47c4a5634c;82530212ecdd;e93efcbeb01d;1a54fdf8bbe5;1fa7191f8812,"Lecture2-2026-COMP5541(1).pdf, page 60, chunk 4a47c4a5634c;Lecture 4.pdf, page 16, chunk 82530212ecdd;Lecture2-2026-COMP5541(1).pdf, page 67, chunk e93efcbeb01d;Lecture 4.pdf, page 8, chunk 1a54fdf8bbe5;Lecture2-2026-COMP5541(1).pdf, page 39, chunk 1fa7191f8812",ollama,qwen2.5:3b,5.846251042003132,2,738,130,"route={'in_scope': 'yes', 'question_type': 'calculation', 'lecture_topic': 'Linear Regression Models', 'search_query': 'Lecture 2 linear regression For linear regression with 12 input features and one scalar output, how many parameters are there if a bias term is included?'}",0.5,1.0,1,,,auto-score; manually sanity-check before final submission
E004,calculation,L2,"For linear regression with 12 input features and one scalar output, how many parameters are there if a bias term is included?",There are 13 parameters: 12 feature weights plus 1 bias.,Lecture 2 linear regression parameter count,12 weights;1 bias;13,no,answer,V3_retrieval_verifier,"There are 13 parameters: 12 feature weights plus 1 bias term.

Evidence: Evidence 1; Evidence 2; Evidence 3",4a47c4a5634c;2a0f5b5573d2;82530212ecdd;e93efcbeb01d;1a54fdf8bbe5,"Lecture2-2026-COMP5541(1).pdf, page 60, chunk 4a47c4a5634c;Tutorial 1-Review on Linear Algebra.pdf, page 12, chunk 2a0f5b5573d2;Lecture 4.pdf, page 16, chunk 82530212ecdd;Lecture2-2026-COMP5541(1).pdf, page 67, chunk e93efcbeb01d;Lecture 4.pdf, page 8, chunk 1a54fdf8bbe5",ollama,qwen2.5:3b,3.069788624998182,1,583,134,draft_then_calculation_guard,1.0,1.0,1,,,auto-score; manually sanity-check before final submission
E004,calculation,L2,"For linear regression with 12 input features and one scalar output, how many parameters are there if a bias term is included?",There are 13 parameters: 12 feature weights plus 1 bias.,Lecture 2 linear regression parameter count,12 weights;1 bias;13,no,answer,V4_full_router_retrieval_verifier,"There are 13 parameters: 12 feature weights plus 1 bias term.

Evidence: Evidence 1; Evidence 2; Evidence 3",4a47c4a5634c;82530212ecdd;e93efcbeb01d;1a54fdf8bbe5;1fa7191f8812,"Lecture2-2026-COMP5541(1).pdf, page 60, chunk 4a47c4a5634c;Lecture 4.pdf, page 16, chunk 82530212ecdd;Lecture2-2026-COMP5541(1).pdf, page 67, chunk e93efcbeb01d;Lecture 4.pdf, page 8, chunk 1a54fdf8bbe5;Lecture2-2026-COMP5541(1).pdf, page 39, chunk 1fa7191f8812",ollama,qwen2.5:3b,5.846251042003132,2,738,130,"route={""in_scope"": ""yes"", ""question_type"": ""calculation"", ""lecture_topic"": ""Linear Regression Models"", ""search_query"": ""Lecture 2 linear regression For linear regression with 12 input features and one scalar output, how many parameters are there if a bias term is included?""}",1.0,1.0,1,,,auto-score; manually sanity-check before final submission
E004,calculation,L2,"For linear regression with 12 input features and one scalar output, how many parameters are there if a bias term is included?",There are 13 parameters: 12 feature weights plus 1 bias.,Lecture 2 linear regression parameter count,12 weights;1 bias;13,no,answer,A1_full_without_router,"There are 13 parameters: 12 feature weights plus 1 bias term.

Evidence: Evidence 1; Evidence 2; Evidence 3",4a47c4a5634c;82530212ecdd;e93efcbeb01d;1a54fdf8bbe5;1fa7191f8812,"Lecture2-2026-COMP5541(1).pdf, page 60, chunk 4a47c4a5634c;Lecture 4.pdf, page 16, chunk 82530212ecdd;Lecture2-2026-COMP5541(1).pdf, page 67, chunk e93efcbeb01d;Lecture 4.pdf, page 8, chunk 1a54fdf8bbe5;Lecture2-2026-COMP5541(1).pdf, page 39, chunk 1fa7191f8812",ollama,qwen2.5:3b,4.7769354170013685,1,564,73,"route={""in_scope"": ""yes"", ""question_type"": ""calculation"", ""lecture_topic"": ""Lecture 2 linear regression"", ""search_query"": ""Lecture 2 linear regression For linear regression with 12 input features and one scalar output, how many parameters are there if a bias term is included?""}",1.0,1.0,1,,,auto-score; manually sanity-check before final submission
E004,calculation,L2,"For linear regression with 12 input features and one scalar output, how many parameters are there if a bias term is included?",There are 13 parameters: 12 feature weights plus 1 bias.,Lecture 2 linear regression parameter count,12 weights;1 bias;13,no,answer,A2_full_without_verifier,"For linear regression with 12 input features and one scalar output, if a bias term is included, there are 13 parameters. This can be calculated using the formula: number of parameters = (number of inputs + 1). In this case, it's 12 (inputs) + 1 (bias term).

Evidence: [Evidence 1], [Evidence 5]",4a47c4a5634c;82530212ecdd;e93efcbeb01d;1a54fdf8bbe5;1fa7191f8812,"Lecture2-2026-COMP5541(1).pdf, page 60, chunk 4a47c4a5634c;Lecture 4.pdf, page 16, chunk 82530212ecdd;Lecture2-2026-COMP5541(1).pdf, page 67, chunk e93efcbeb01d;Lecture 4.pdf, page 8, chunk 1a54fdf8bbe5;Lecture2-2026-COMP5541(1).pdf, page 39, chunk 1fa7191f8812",ollama,qwen2.5:3b,5.846251042003132,2,738,130,"route={""in_scope"": ""yes"", ""question_type"": ""calculation"", ""lecture_topic"": ""Linear Regression Models"", ""search_query"": ""Lecture 2 linear regression For linear regression with 12 input features and one scalar output, how many parameters are there if a bias term is included?""}",0.5,1.0,1,,,auto-score; manually sanity-check before final submission
E004,calculation,L2,"For linear regression with 12 input features and one scalar output, how many parameters are there if a bias term is included?",There are 13 parameters: 12 feature weights plus 1 bias.,Lecture 2 linear regression parameter count,12 weights;1 bias;13,no,answer,A3_full_topk2,"There are 13 parameters: 12 feature weights plus 1 bias term.

Evidence: Evidence 1; Evidence 2",4a47c4a5634c;82530212ecdd,"Lecture2-2026-COMP5541(1).pdf, page 60, chunk 4a47c4a5634c;Lecture 4.pdf, page 16, chunk 82530212ecdd",ollama,qwen2.5:3b,3.5592395829989982,2,551,187,"route={""in_scope"": ""yes"", ""question_type"": ""calculation"", ""lecture_topic"": ""Linear Regression Models"", ""search_query"": ""Lecture 2 linear regression For linear regression with 12 input features and one scalar output, how many parameters are there if a bias term is included?""}",1.0,1.0,1,,,auto-score; manually sanity-check before final submission
E004,calculation,L2,"For linear regression with 12 input features and one scalar output, how many parameters are there if a bias term is included?",There are 13 parameters: 12 feature weights plus 1 bias.,Lecture 2 linear regression parameter count,12 weights;1 bias;13,no,answer,A4_full_without_calculation_guard,"For linear regression with 12 input features and one scalar output, if a bias term is included, there are 13 parameters. This can be calculated using the formula: number of parameters = (number of inputs + 1). In this case, it's 12 (inputs) + 1 (bias term).

Evidence: [Evidence 1], [Evidence 5]",4a47c4a5634c;82530212ecdd;e93efcbeb01d;1a54fdf8bbe5;1fa7191f8812,"Lecture2-2026-COMP5541(1).pdf, page 60, chunk 4a47c4a5634c;Lecture 4.pdf, page 16, chunk 82530212ecdd;Lecture2-2026-COMP5541(1).pdf, page 67, chunk e93efcbeb01d;Lecture 4.pdf, page 8, chunk 1a54fdf8bbe5;Lecture2-2026-COMP5541(1).pdf, page 39, chunk 1fa7191f8812",ollama,qwen2.5:3b,8.742521125004714,3,1536,210,"route={""in_scope"": ""yes"", ""question_type"": ""calculation"", ""lecture_topic"": ""Linear Regression Models"", ""search_query"": ""Lecture 2 linear regression For linear regression with 12 input features and one scalar output, how many parameters are there if a bias term is included?""}",0.5,1.0,1,,,auto-score; manually sanity-check before final submission
E005,concept,L2,What do high bias and high variance mean in the bias-variance tradeoff?,High bias means the model is too simple and underfits; high variance means the model is too sensitive to training data and overfits.,Lecture 2 bias variance,high bias;underfitting;high variance;overfitting,no,answer,V0_baseline_single_call,"In the context of the bias-variance tradeoff within COMP5541, high bias indicates that a machine learning model is overly simplistic or underfitted. This means it fails to capture the underlying trend (bias) of the data but also does not account for noise in the training data.

On the other hand, high variance signifies that the model has learned the training data too well, including its noise and outliers. Consequently, this leads to poor generalization as the model performs poorly on unseen data due to overfitting.

These concepts are crucial in understanding how machine learning models can be optimized for better performance by balancing these two sources of error.",,,ollama,qwen2.5:3b,2.1050104169989936,1,97,169,,1.0,0.5,0,,,auto-score; manually sanity-check before final submission
E005,concept,L2,What do high bias and high variance mean in the bias-variance tradeoff?,High bias means the model is too simple and underfits; high variance means the model is too sensitive to training data and overfits.,Lecture 2 bias variance,high bias;underfitting;high variance;overfitting,no,answer,V1_retrieval_only,"High bias means that a machine learning algorithm's predictions are consistently far from the correct values. This happens when the model cannot capture the underlying trend or relationship within the training dataset, leading to underfitting.

High variance indicates that a machine learning algorithm is too sensitive and reacts excessively to small fluctuations in the training data. It results in high sensitivity, where slight changes in the training set can lead to significant differences in predictions, often due to overfitting.

Key Course Terms:
- Bias
- Variance
- Underfitting
- Overfitting

Evidence: [Evidence 1], [Evidence 2], [Evidence 4], [Evidence 5]",cbd10035b62d;ca6c6044b150;c9db4aeb5ec6;cf13f894f1d1;e3d9918d3deb,"Lecture3-2026.pdf, page 7, chunk cbd10035b62d;Lecture3-2026.pdf, page 8, chunk ca6c6044b150;Lecture3-2026.pdf, page 6, chunk c9db4aeb5ec6;Lecture2-2026-COMP5541(1).pdf, page 80, chunk cf13f894f1d1;Lecture3-2026.pdf, page 9, chunk e3d9918d3deb",ollama,qwen2.5:3b,3.3012928340031067,1,728,167,,1.0,1.0,1,,,auto-score; manually sanity-check before final submission
E005,concept,L2,What do high bias and high variance mean in the bias-variance tradeoff?,High bias means the model is too simple and underfits; high variance means the model is too sensitive to training data and overfits.,Lecture 2 bias variance,high bias;underfitting;high variance;overfitting,no,answer,V2_router_rewrite_retrieval,"High bias and high variance mean in the context of the bias-variance tradeoff that a model is underfitting when it has high bias, meaning it fails to capture the underlying trend of the data (high bias error), and overfitting when it has high variance, meaning it captures noise as if it were part of the underlying pattern (high variance error).

Evidence: [Evidence 1], [Evidence 2]",cbd10035b62d;ca6c6044b150;c9db4aeb5ec6;cf13f894f1d1;6d6e4a7803ce,"Lecture3-2026.pdf, page 7, chunk cbd10035b62d;Lecture3-2026.pdf, page 8, chunk ca6c6044b150;Lecture3-2026.pdf, page 6, chunk c9db4aeb5ec6;Lecture2-2026-COMP5541(1).pdf, page 80, chunk cf13f894f1d1;Lecture3-2026.pdf, page 11, chunk 6d6e4a7803ce",ollama,qwen2.5:3b,3.1519232069986174,2,820,137,"route={'in_scope': 'yes', 'question_type': 'definition', 'lecture_topic': 'bias-variance tradeoff', 'search_query': 'Lecture 2 bias variance What do high bias and high variance mean in the bias-variance tradeoff?'}",1.0,1.0,1,,,auto-score; manually sanity-check before final submission
E005,concept,L2,What do high bias and high variance mean in the bias-variance tradeoff?,High bias means the model is too simple and underfits; high variance means the model is too sensitive to training data and overfits.,Lecture 2 bias variance,high bias;underfitting;high variance;overfitting,no,answer,V3_retrieval_verifier,"High bias means that a machine learning algorithm's predictions are consistently far from the correct values. This happens when the model cannot capture the underlying trend or relationship within the training dataset, leading to underfitting.

High variance indicates that a machine learning algorithm is too sensitive and reacts excessively to small fluctuations in the training data. It results in high sensitivity, where slight changes in the training set can lead to significant differences in predictions, often due to overfitting.

Key Course Terms:
- Bias
- Variance
- Underfitting
- Overfitting

Evidence: [Evidence 1], [Evidence 2], [Evidence 4], [Evidence 5]",cbd10035b62d;ca6c6044b150;c9db4aeb5ec6;cf13f894f1d1;e3d9918d3deb,"Lecture3-2026.pdf, page 7, chunk cbd10035b62d;Lecture3-2026.pdf, page 8, chunk ca6c6044b150;Lecture3-2026.pdf, page 6, chunk c9db4aeb5ec6;Lecture2-2026-COMP5541(1).pdf, page 80, chunk cf13f894f1d1;Lecture3-2026.pdf, page 9, chunk e3d9918d3deb",ollama,qwen2.5:3b,6.832311001002381,2,1768,324,draft_then_verifier_rejected_overcorrection,1.0,1.0,1,,,auto-score; manually sanity-check before final submission
E005,concept,L2,What do high bias and high variance mean in the bias-variance tradeoff?,High bias means the model is too simple and underfits; high variance means the model is too sensitive to training data and overfits.,Lecture 2 bias variance,high bias;underfitting;high variance;overfitting,no,answer,V4_full_router_retrieval_verifier,"High bias and high variance mean in the context of the bias-variance tradeoff that a model is underfitting when it has high bias, meaning it fails to capture the underlying trend of the data (high bias error), and overfitting when it has high variance, meaning it captures noise as if it were part of the underlying pattern (high variance error).

Evidence: [Evidence 1], [Evidence 2]",cbd10035b62d;ca6c6044b150;c9db4aeb5ec6;cf13f894f1d1;6d6e4a7803ce,"Lecture3-2026.pdf, page 7, chunk cbd10035b62d;Lecture3-2026.pdf, page 8, chunk ca6c6044b150;Lecture3-2026.pdf, page 6, chunk c9db4aeb5ec6;Lecture2-2026-COMP5541(1).pdf, page 80, chunk cf13f894f1d1;Lecture3-2026.pdf, page 11, chunk 6d6e4a7803ce",ollama,qwen2.5:3b,5.204820623999694,3,1720,185,"route={""in_scope"": ""yes"", ""question_type"": ""definition"", ""lecture_topic"": ""bias-variance tradeoff"", ""search_query"": ""Lecture 2 bias variance What do high bias and high variance mean in the bias-variance tradeoff?""}",1.0,1.0,1,,,auto-score; manually sanity-check before final submission
E005,concept,L2,What do high bias and high variance mean in the bias-variance tradeoff?,High bias means the model is too simple and underfits; high variance means the model is too sensitive to training data and overfits.,Lecture 2 bias variance,high bias;underfitting;high variance;overfitting,no,answer,A1_full_without_router,"High bias and high variance mean in the context of the bias-variance tradeoff that a model is underfitting when it has high bias, meaning it fails to capture the underlying trend of the data (high bias error), and overfitting when it has high variance, meaning it captures noise as if it were part of the underlying pattern (high variance error).

Evidence: [Evidence 1], [Evidence 2]",cbd10035b62d;ca6c6044b150;c9db4aeb5ec6;cf13f894f1d1;6d6e4a7803ce,"Lecture3-2026.pdf, page 7, chunk cbd10035b62d;Lecture3-2026.pdf, page 8, chunk ca6c6044b150;Lecture3-2026.pdf, page 6, chunk c9db4aeb5ec6;Lecture2-2026-COMP5541(1).pdf, page 80, chunk cf13f894f1d1;Lecture3-2026.pdf, page 11, chunk 6d6e4a7803ce",ollama,qwen2.5:3b,5.054076832995634,2,1558,198,"route={""in_scope"": ""yes"", ""question_type"": ""concept"", ""lecture_topic"": ""Lecture 2 bias variance"", ""search_query"": ""Lecture 2 bias variance What do high bias and high variance mean in the bias-variance tradeoff?""}",1.0,1.0,1,,,auto-score; manually sanity-check before final submission
E005,concept,L2,What do high bias and high variance mean in the bias-variance tradeoff?,High bias means the model is too simple and underfits; high variance means the model is too sensitive to training data and overfits.,Lecture 2 bias variance,high bias;underfitting;high variance;overfitting,no,answer,A2_full_without_verifier,"High bias and high variance mean in the context of the bias-variance tradeoff that a model is underfitting when it has high bias, meaning it fails to capture the underlying trend of the data (high bias error), and overfitting when it has high variance, meaning it captures noise as if it were part of the underlying pattern (high variance error).

Evidence: [Evidence 1], [Evidence 2]",cbd10035b62d;ca6c6044b150;c9db4aeb5ec6;cf13f894f1d1;6d6e4a7803ce,"Lecture3-2026.pdf, page 7, chunk cbd10035b62d;Lecture3-2026.pdf, page 8, chunk ca6c6044b150;Lecture3-2026.pdf, page 6, chunk c9db4aeb5ec6;Lecture2-2026-COMP5541(1).pdf, page 80, chunk cf13f894f1d1;Lecture3-2026.pdf, page 11, chunk 6d6e4a7803ce",ollama,qwen2.5:3b,3.1519232069986174,2,820,137,"route={""in_scope"": ""yes"", ""question_type"": ""definition"", ""lecture_topic"": ""bias-variance tradeoff"", ""search_query"": ""Lecture 2 bias variance What do high bias and high variance mean in the bias-variance tradeoff?""}",1.0,1.0,1,,,auto-score; manually sanity-check before final submission
E005,concept,L2,What do high bias and high variance mean in the bias-variance tradeoff?,High bias means the model is too simple and underfits; high variance means the model is too sensitive to training data and overfits.,Lecture 2 bias variance,high bias;underfitting;high variance;overfitting,no,answer,A3_full_topk2,"Direct Answer: High bias means that a model is overly simplistic and fails to capture the underlying trend in the data, resulting in a large error on both training and test sets. High variance indicates that a model is too complex and captures noise as if it were an underlying pattern, leading to low generalization performance.

Key Terms:
- Bias
- Variance

Explanation: In the context of machine learning algorithms, high bias implies that the algorithm's assumptions are overly simplistic, failing to capture the complexity in the data. This leads to underfitting where both training and test errors are high. On the other hand, high variance suggests that the model is too complex, capturing noise as if it were an underlying pattern. This results in overfitting, where the model performs well on the training set but poorly on unseen data due to its sensitivity to small fluctuations or noise in the training dataset.

Evidence: [Evidence 1], [Evidence 2]",cbd10035b62d;ca6c6044b150,"Lecture3-2026.pdf, page 7, chunk cbd10035b62d;Lecture3-2026.pdf, page 8, chunk ca6c6044b150",ollama,qwen2.5:3b,9.203196998991189,3,1436,538,"route={""in_scope"": ""yes"", ""question_type"": ""definition"", ""lecture_topic"": ""bias-variance tradeoff"", ""search_query"": ""Lecture 2 bias variance What do high bias and high variance mean in the bias-variance tradeoff?""}",1.0,1.0,0,,,auto-score; manually sanity-check before final submission
E005,concept,L2,What do high bias and high variance mean in the bias-variance tradeoff?,High bias means the model is too simple and underfits; high variance means the model is too sensitive to training data and overfits.,Lecture 2 bias variance,high bias;underfitting;high variance;overfitting,no,answer,A4_full_without_calculation_guard,"High bias and high variance mean in the context of the bias-variance tradeoff that a model is underfitting when it has high bias, meaning it fails to capture the underlying trend of the data (high bias error), and overfitting when it has high variance, meaning it captures noise as if it were part of the underlying pattern (high variance error).

Evidence: [Evidence 1], [Evidence 2]",cbd10035b62d;ca6c6044b150;c9db4aeb5ec6;cf13f894f1d1;6d6e4a7803ce,"Lecture3-2026.pdf, page 7, chunk cbd10035b62d;Lecture3-2026.pdf, page 8, chunk ca6c6044b150;Lecture3-2026.pdf, page 6, chunk c9db4aeb5ec6;Lecture2-2026-COMP5541(1).pdf, page 80, chunk cf13f894f1d1;Lecture3-2026.pdf, page 11, chunk 6d6e4a7803ce",ollama,qwen2.5:3b,5.204820623999694,3,1720,185,"route={""in_scope"": ""yes"", ""question_type"": ""definition"", ""lecture_topic"": ""bias-variance tradeoff"", ""search_query"": ""Lecture 2 bias variance What do high bias and high variance mean in the bias-variance tradeoff?""}",1.0,1.0,1,,,auto-score; manually sanity-check before final submission
E006,comparison,L2,How can we reduce high variance according to the course materials?,"Use a simpler model, add more training data, or use regularization.",Lecture 2 bias variance remedies,simpler model;more training data;regularization,no,answer,V0_baseline_single_call,"According to the course materials (COMP5541), reducing high variance in a machine learning model typically involves techniques that focus on improving the model's ability to generalize from training data to unseen data. One common approach is through regularization, which penalizes large coefficients or weights in the model during its training process. Another method is increasing the amount of training data available for the model, as more data can help the model learn more stable and less variable features.

For instance, consider L2 regularization (also known as Ridge regression), where a penalty term proportional to the sum of squares of the coefficients is added to the loss function during optimization. This encourages smaller coefficient values, thereby reducing variance without significantly affecting bias. Similarly, increasing dataset size can help in capturing more stable patterns that generalize well across different samples.

These techniques are discussed in detail within the course materials (COMP5541).",,,ollama,qwen2.5:3b,2.7914664580021054,1,95,258,,0.5,0.5,0,,,auto-score; manually sanity-check before final submission
E006,comparison,L2,How can we reduce high variance according to the course materials?,"Use a simpler model, add more training data, or use regularization.",Lecture 2 bias variance remedies,simpler model;more training data;regularization,no,answer,V1_retrieval_only,"Direct Answer: To reduce high variance according to the course materials, we should increase model complexity.

Key Course Terms: Bias-Variance Tradeoff, Underfitting, Overfitting

Explanation: The course materials indicate that overfitting is related to high variance. Overfitting occurs when a model is too simple and captures noise in the data instead of the underlying pattern. To reduce this, we should increase the complexity of the model so it can better capture the true underlying relationship without being overly influenced by random fluctuations or noise in the training dataset.

Evidence: [Evidence 1], [Evidence 2], [Evidence 3], [Evidence 4], [Evidence 5]",ca6c6044b150;cf13f894f1d1;e3d9918d3deb;1f51571182c2;f9da558903b7,"Lecture3-2026.pdf, page 8, chunk ca6c6044b150;Lecture2-2026-COMP5541(1).pdf, page 80, chunk cf13f894f1d1;Lecture3-2026.pdf, page 9, chunk e3d9918d3deb;Lecture 4.pdf, page 2, chunk 1f51571182c2;Lecture2-2026-COMP5541(1).pdf, page 76, chunk f9da558903b7",ollama,qwen2.5:3b,3.443909125002392,1,768,167,,0.0,1.0,1,,,auto-score; manually sanity-check before final submission
E006,comparison,L2,How can we reduce high variance according to the course materials?,"Use a simpler model, add more training data, or use regularization.",Lecture 2 bias variance remedies,simpler model;more training data;regularization,no,answer,V2_router_rewrite_retrieval,"Direct Answer: According to the course materials, we can reduce high variance by using simpler models or more training data.

Key Course Terms: Bias-Variance Tradeoff, Overfitting

Bias is an error from erroneous assumptions in the ML algorithm. Variance is an error from sensitivity to small fluctuations in the training set.
Overfitting occurs when a model captures the noise as if it were a significant relationship, leading to high variance and poor generalization.

Caveat: Regularization can also be used to reduce variance by adding a penalty for complexity in the model. Evidence: [Evidence 3], [Evidence 4]",ca6c6044b150;cbd10035b62d;6d6e4a7803ce;a97881440ee7;cf13f894f1d1,"Lecture3-2026.pdf, page 8, chunk ca6c6044b150;Lecture3-2026.pdf, page 7, chunk cbd10035b62d;Lecture3-2026.pdf, page 11, chunk 6d6e4a7803ce;Lecture 4.pdf, page 4, chunk a97881440ee7;Lecture2-2026-COMP5541(1).pdf, page 80, chunk cf13f894f1d1",ollama,qwen2.5:3b,4.367829750004603,2,817,244,"route={'in_scope': 'yes', 'question_type': 'calculation', 'lecture_topic': 'Regularization Techniques for Reducing Variance', 'search_query': 'Lecture 2 bias variance How can we reduce high variance according to the course materials?'}",1.0,1.0,1,,,auto-score; manually sanity-check before final submission
E006,comparison,L2,How can we reduce high variance according to the course materials?,"Use a simpler model, add more training data, or use regularization.",Lecture 2 bias variance remedies,simpler model;more training data;regularization,no,answer,V3_retrieval_verifier,"Direct Answer: To reduce high variance according to the course materials, we should increase model complexity.

Key Course Terms: Bias-Variance Tradeoff, Underfitting, Overfitting

Explanation: The course materials indicate that overfitting is related to high variance. Overfitting occurs when a model is too simple and captures noise in the data instead of the underlying pattern. To reduce this, we should increase the complexity of the model so it can better capture the true underlying relationship without being overly influenced by random fluctuations or noise in the training dataset.

Evidence: [Evidence 1], [Evidence 2], [Evidence 3], [Evidence 4], [Evidence 5]",ca6c6044b150;cf13f894f1d1;e3d9918d3deb;1f51571182c2;f9da558903b7,"Lecture3-2026.pdf, page 8, chunk ca6c6044b150;Lecture2-2026-COMP5541(1).pdf, page 80, chunk cf13f894f1d1;Lecture3-2026.pdf, page 9, chunk e3d9918d3deb;Lecture 4.pdf, page 2, chunk 1f51571182c2;Lecture2-2026-COMP5541(1).pdf, page 76, chunk f9da558903b7",ollama,qwen2.5:3b,6.403035625000484,2,1847,268,draft_then_verifier_rejected_overcorrection,0.0,1.0,1,,,auto-score; manually sanity-check before final submission
E006,comparison,L2,How can we reduce high variance according to the course materials?,"Use a simpler model, add more training data, or use regularization.",Lecture 2 bias variance remedies,simpler model;more training data;regularization,no,answer,V4_full_router_retrieval_verifier,"Direct Answer: According to the course materials, we can reduce high variance by using simpler models or more training data.

Key Course Terms: Bias-Variance Tradeoff, Overfitting

Bias is an error from erroneous assumptions in the ML algorithm. Variance is an error from sensitivity to small fluctuations in the training set.
Overfitting occurs when a model captures the noise as if it were a significant relationship, leading to high variance and poor generalization.

Caveat: Regularization can also be used to reduce variance by adding a penalty for complexity in the model. Evidence: [Evidence 3], [Evidence 4]",ca6c6044b150;cbd10035b62d;6d6e4a7803ce;a97881440ee7;cf13f894f1d1,"Lecture3-2026.pdf, page 8, chunk ca6c6044b150;Lecture3-2026.pdf, page 7, chunk cbd10035b62d;Lecture3-2026.pdf, page 11, chunk 6d6e4a7803ce;Lecture 4.pdf, page 4, chunk a97881440ee7;Lecture2-2026-COMP5541(1).pdf, page 80, chunk cf13f894f1d1",ollama,qwen2.5:3b,6.402863750005054,3,1779,287,"route={""in_scope"": ""yes"", ""question_type"": ""calculation"", ""lecture_topic"": ""Regularization Techniques for Reducing Variance"", ""search_query"": ""Lecture 2 bias variance How can we reduce high variance according to the course materials?""}",1.0,1.0,1,,,auto-score; manually sanity-check before final submission
E006,comparison,L2,How can we reduce high variance according to the course materials?,"Use a simpler model, add more training data, or use regularization.",Lecture 2 bias variance remedies,simpler model;more training data;regularization,no,answer,A1_full_without_router,"Direct Answer: According to the course materials, we can reduce high variance by using simpler models or more training data.

Key Course Terms: Bias-Variance Tradeoff, Overfitting

Bias is an error from erroneous assumptions in the ML algorithm. Variance is an error from sensitivity to small fluctuations in the training set.
Overfitting occurs when a model captures the noise as if it were a significant relationship, leading to high variance and poor generalization.

Caveat: Regularization can also be used to reduce variance by adding a penalty for complexity in the model. Evidence: [Evidence 3], [Evidence 4]",ca6c6044b150;cbd10035b62d;6d6e4a7803ce;a97881440ee7;cf13f894f1d1,"Lecture3-2026.pdf, page 8, chunk ca6c6044b150;Lecture3-2026.pdf, page 7, chunk cbd10035b62d;Lecture3-2026.pdf, page 11, chunk 6d6e4a7803ce;Lecture 4.pdf, page 4, chunk a97881440ee7;Lecture2-2026-COMP5541(1).pdf, page 80, chunk cf13f894f1d1",ollama,qwen2.5:3b,4.91622120700049,2,1613,196,"route={""in_scope"": ""yes"", ""question_type"": ""concept"", ""lecture_topic"": ""Lecture 2 bias variance"", ""search_query"": ""Lecture 2 bias variance How can we reduce high variance according to the course materials?""}",1.0,1.0,1,,,auto-score; manually sanity-check before final submission
E006,comparison,L2,How can we reduce high variance according to the course materials?,"Use a simpler model, add more training data, or use regularization.",Lecture 2 bias variance remedies,simpler model;more training data;regularization,no,answer,A2_full_without_verifier,"Direct Answer: According to the course materials, we can reduce high variance by using simpler models or more training data.

Key Course Terms: Bias-Variance Tradeoff, Overfitting

Bias is an error from erroneous assumptions in the ML algorithm. Variance is an error from sensitivity to small fluctuations in the training set.
Overfitting occurs when a model captures the noise as if it were a significant relationship, leading to high variance and poor generalization.

Caveat: Regularization can also be used to reduce variance by adding a penalty for complexity in the model. Evidence: [Evidence 3], [Evidence 4]",ca6c6044b150;cbd10035b62d;6d6e4a7803ce;a97881440ee7;cf13f894f1d1,"Lecture3-2026.pdf, page 8, chunk ca6c6044b150;Lecture3-2026.pdf, page 7, chunk cbd10035b62d;Lecture3-2026.pdf, page 11, chunk 6d6e4a7803ce;Lecture 4.pdf, page 4, chunk a97881440ee7;Lecture2-2026-COMP5541(1).pdf, page 80, chunk cf13f894f1d1",ollama,qwen2.5:3b,4.367829750004603,2,817,244,"route={""in_scope"": ""yes"", ""question_type"": ""calculation"", ""lecture_topic"": ""Regularization Techniques for Reducing Variance"", ""search_query"": ""Lecture 2 bias variance How can we reduce high variance according to the course materials?""}",1.0,1.0,1,,,auto-score; manually sanity-check before final submission
E006,comparison,L2,How can we reduce high variance according to the course materials?,"Use a simpler model, add more training data, or use regularization.",Lecture 2 bias variance remedies,simpler model;more training data;regularization,no,answer,A3_full_topk2,"Direct Answer: According to the course materials, we can reduce high variance by increasing model complexity. This aligns with the concept of Bias-Variance Tradeoff where a model with higher bias (low variance) tends to underfit and one with low bias (high variance) tends to overfit.

Key Course Terms:
- Bias-Variance Tradeoff
- Low Variance: The Straight Line has low variance, since it can not capture the relationship between age and price accurately for different datasets.
- High Variance: The Squiggly Line has high variance, because it can well capture the relationship but results in largely different sum of squared errors for different datasets.

Evidence:
[Evidence 1]
[Evidence 2]",ca6c6044b150;cbd10035b62d,"Lecture3-2026.pdf, page 8, chunk ca6c6044b150;Lecture3-2026.pdf, page 7, chunk cbd10035b62d",ollama,qwen2.5:3b,7.97122458299782,3,1370,440,"route={""in_scope"": ""yes"", ""question_type"": ""calculation"", ""lecture_topic"": ""Regularization Techniques for Reducing Variance"", ""search_query"": ""Lecture 2 bias variance How can we reduce high variance according to the course materials?""}",0.0,1.0,0,,,auto-score; manually sanity-check before final submission
E006,comparison,L2,How can we reduce high variance according to the course materials?,"Use a simpler model, add more training data, or use regularization.",Lecture 2 bias variance remedies,simpler model;more training data;regularization,no,answer,A4_full_without_calculation_guard,"Direct Answer: According to the course materials, we can reduce high variance by using simpler models or more training data.

Key Course Terms: Bias-Variance Tradeoff, Overfitting

Bias is an error from erroneous assumptions in the ML algorithm. Variance is an error from sensitivity to small fluctuations in the training set.
Overfitting occurs when a model captures the noise as if it were a significant relationship, leading to high variance and poor generalization.

Caveat: Regularization can also be used to reduce variance by adding a penalty for complexity in the model. Evidence: [Evidence 3], [Evidence 4]",ca6c6044b150;cbd10035b62d;6d6e4a7803ce;a97881440ee7;cf13f894f1d1,"Lecture3-2026.pdf, page 8, chunk ca6c6044b150;Lecture3-2026.pdf, page 7, chunk cbd10035b62d;Lecture3-2026.pdf, page 11, chunk 6d6e4a7803ce;Lecture 4.pdf, page 4, chunk a97881440ee7;Lecture2-2026-COMP5541(1).pdf, page 80, chunk cf13f894f1d1",ollama,qwen2.5:3b,6.402863750005054,3,1779,287,"route={""in_scope"": ""yes"", ""question_type"": ""calculation"", ""lecture_topic"": ""Regularization Techniques for Reducing Variance"", ""search_query"": ""Lecture 2 bias variance How can we reduce high variance according to the course materials?""}",1.0,1.0,1,,,auto-score; manually sanity-check before final submission
E007,false_premise,L2,"Since a higher-degree polynomial always improves test performance, why should we use the highest degree available?","The premise is wrong. Higher model complexity can reduce bias but may increase variance and overfit, so validation is needed.",Lecture 2 polynomial expansion and overfitting,premise is wrong;overfit;validation,yes,correct_premise,V0_baseline_single_call,Not enough information in the provided course materials.,,,ollama,qwen2.5:3b,0.3202491250012826,1,107,14,,0.0,1.0,0,0,,auto-score; manually sanity-check before final submission
E007,false_premise,L2,"Since a higher-degree polynomial always improves test performance, why should we use the highest degree available?","The premise is wrong. Higher model complexity can reduce bias but may increase variance and overfit, so validation is needed.",Lecture 2 polynomial expansion and overfitting,premise is wrong;overfit;validation,yes,correct_premise,V1_retrieval_only,"Since a higher-degree polynomial always improves test performance, we should use the highest degree available. This is because increasing the degree of the polynomial feature map allows us to capture more complex relationships in the data, which can lead to better model fit and improved accuracy.

Key Course Terms:
- Feature mapping
- Polynomial regression model

Caveat:
However, using a higher-degree polynomial does not always guarantee improvement; it may also increase the risk of overfitting. The provided evidence suggests that increasing the degree (or adding more features) can help in capturing non-linear relationships and reducing bias.

Evidence: [Evidence 1], [Evidence 3]",ff0e2423b1ed;be6ec6688535;5473c8a94635;c5299b6a95a3;48288a70f5b5,"Lecture2-2026-COMP5541(1).pdf, page 59, chunk ff0e2423b1ed;Lecture3-2026.pdf, page 10, chunk be6ec6688535;Lecture 4.pdf, page 3, chunk 5473c8a94635;Lecture2-2026-COMP5541(1).pdf, page 14, chunk c5299b6a95a3;Lecture2-2026-COMP5541(1).pdf, page 20, chunk 48288a70f5b5",ollama,qwen2.5:3b,3.4410241250006948,1,739,172,,0.0,1.0,1,0,,auto-score; manually sanity-check before final submission
E007,false_premise,L2,"Since a higher-degree polynomial always improves test performance, why should we use the highest degree available?","The premise is wrong. Higher model complexity can reduce bias but may increase variance and overfit, so validation is needed.",Lecture 2 polynomial expansion and overfitting,premise is wrong;overfit;validation,yes,correct_premise,V2_router_rewrite_retrieval,"Since a higher-degree polynomial always improves test performance, we should use the highest degree available to capture more complex relationships in the data.

Key Course Terms:
- Feature map
- Polynomial regression model

Mechanism:
The feature map transforms input x into features such as 1, x, x squared, and higher powers of x. The polynomial regression model is defined as 𝒀 = 𝑾. 𝜙 𝑿 where 𝜙 represents the feature map.

Formula:
Polynomial basis expansion to capture non-linear relationships: y = w1x + w2x^2 + b

Caveat:
Using a higher-degree polynomial may lead to overfitting, which is when the model performs well on training data but poorly on unseen test data. This can be addressed by techniques such as bias vs variance analysis and feature selection.

Evidence: [Evidence 1], [Evidence 3]",ff0e2423b1ed;be6ec6688535;5473c8a94635;c5299b6a95a3;48d0dafb390b,"Lecture2-2026-COMP5541(1).pdf, page 59, chunk ff0e2423b1ed;Lecture3-2026.pdf, page 10, chunk be6ec6688535;Lecture 4.pdf, page 3, chunk 5473c8a94635;Lecture2-2026-COMP5541(1).pdf, page 14, chunk c5299b6a95a3;Lecture 6(2).pdf, page 2, chunk 48d0dafb390b",ollama,qwen2.5:3b,5.124079499997606,2,971,248,"route={'in_scope': 'yes', 'question_type': 'false_premise', 'lecture_topic': 'polynomial regression and model selection', 'search_query': 'COMP5541 Lectures 2-9 Since a higher-degree polynomial always improves test performance, why should we use the highest degree available?'}",0.0,1.0,1,0,,auto-score; manually sanity-check before final submission
E007,false_premise,L2,"Since a higher-degree polynomial always improves test performance, why should we use the highest degree available?","The premise is wrong. Higher model complexity can reduce bias but may increase variance and overfit, so validation is needed.",Lecture 2 polynomial expansion and overfitting,premise is wrong;overfit;validation,yes,correct_premise,V3_retrieval_verifier,"The premise is incorrect: increasing polynomial degree can reduce bias, but it can also increase variance and overfit. Model complexity should be selected using validation evidence rather than assuming the highest degree is best.

Evidence: Evidence 1; Evidence 2; Evidence 3",ff0e2423b1ed;be6ec6688535;5473c8a94635;c5299b6a95a3;48288a70f5b5,"Lecture2-2026-COMP5541(1).pdf, page 59, chunk ff0e2423b1ed;Lecture3-2026.pdf, page 10, chunk be6ec6688535;Lecture 4.pdf, page 3, chunk 5473c8a94635;Lecture2-2026-COMP5541(1).pdf, page 14, chunk c5299b6a95a3;Lecture2-2026-COMP5541(1).pdf, page 20, chunk 48288a70f5b5",ollama,qwen2.5:3b,3.4410241250006948,1,739,172,draft_then_rule_guard,0.5,1.0,1,1,,auto-score; manually sanity-check before final submission
E007,false_premise,L2,"Since a higher-degree polynomial always improves test performance, why should we use the highest degree available?","The premise is wrong. Higher model complexity can reduce bias but may increase variance and overfit, so validation is needed.",Lecture 2 polynomial expansion and overfitting,premise is wrong;overfit;validation,yes,correct_premise,V4_full_router_retrieval_verifier,"The premise is incorrect: increasing polynomial degree can reduce bias, but it can also increase variance and overfit. Model complexity should be selected using validation evidence rather than assuming the highest degree is best.

Evidence: Evidence 1; Evidence 2; Evidence 3",ff0e2423b1ed;be6ec6688535;5473c8a94635;c5299b6a95a3;48d0dafb390b,"Lecture2-2026-COMP5541(1).pdf, page 59, chunk ff0e2423b1ed;Lecture3-2026.pdf, page 10, chunk be6ec6688535;Lecture 4.pdf, page 3, chunk 5473c8a94635;Lecture2-2026-COMP5541(1).pdf, page 14, chunk c5299b6a95a3;Lecture 6(2).pdf, page 2, chunk 48d0dafb390b",ollama,qwen2.5:3b,5.124079499997606,2,971,248,"route={""in_scope"": ""yes"", ""question_type"": ""false_premise"", ""lecture_topic"": ""polynomial regression and model selection"", ""search_query"": ""COMP5541 Lectures 2-9 Since a higher-degree polynomial always improves test performance, why should we use the highest degree available?""}",0.5,1.0,1,1,,auto-score; manually sanity-check before final submission
E007,false_premise,L2,"Since a higher-degree polynomial always improves test performance, why should we use the highest degree available?","The premise is wrong. Higher model complexity can reduce bias but may increase variance and overfit, so validation is needed.",Lecture 2 polynomial expansion and overfitting,premise is wrong;overfit;validation,yes,correct_premise,A1_full_without_router,"The premise is incorrect: increasing polynomial degree can reduce bias, but it can also increase variance and overfit. Model complexity should be selected using validation evidence rather than assuming the highest degree is best.

Evidence: Evidence 1; Evidence 2; Evidence 3",ff0e2423b1ed;be6ec6688535;5473c8a94635;c5299b6a95a3;48d0dafb390b,"Lecture2-2026-COMP5541(1).pdf, page 59, chunk ff0e2423b1ed;Lecture3-2026.pdf, page 10, chunk be6ec6688535;Lecture 4.pdf, page 3, chunk 5473c8a94635;Lecture2-2026-COMP5541(1).pdf, page 14, chunk c5299b6a95a3;Lecture 6(2).pdf, page 2, chunk 48d0dafb390b",ollama,qwen2.5:3b,4.23136487499869,1,800,201,"route={""in_scope"": ""yes"", ""question_type"": ""false_premise"", ""lecture_topic"": ""COMP5541 Lectures 2-9"", ""search_query"": ""COMP5541 Lectures 2-9 Since a higher-degree polynomial always improves test performance, why should we use the highest degree available?""}",0.5,1.0,1,1,,auto-score; manually sanity-check before final submission
E007,false_premise,L2,"Since a higher-degree polynomial always improves test performance, why should we use the highest degree available?","The premise is wrong. Higher model complexity can reduce bias but may increase variance and overfit, so validation is needed.",Lecture 2 polynomial expansion and overfitting,premise is wrong;overfit;validation,yes,correct_premise,A2_full_without_verifier,"Since a higher-degree polynomial always improves test performance, we should use the highest degree available to capture more complex relationships in the data.

Key Course Terms:
- Feature map
- Polynomial regression model

Mechanism:
The feature map transforms input x into features such as 1, x, x squared, and higher powers of x. The polynomial regression model is defined as 𝒀 = 𝑾. 𝜙 𝑿 where 𝜙 represents the feature map.

Formula:
Polynomial basis expansion to capture non-linear relationships: y = w1x + w2x^2 + b

Caveat:
Using a higher-degree polynomial may lead to overfitting, which is when the model performs well on training data but poorly on unseen test data. This can be addressed by techniques such as bias vs variance analysis and feature selection.

Evidence: [Evidence 1], [Evidence 3]",ff0e2423b1ed;be6ec6688535;5473c8a94635;c5299b6a95a3;48d0dafb390b,"Lecture2-2026-COMP5541(1).pdf, page 59, chunk ff0e2423b1ed;Lecture3-2026.pdf, page 10, chunk be6ec6688535;Lecture 4.pdf, page 3, chunk 5473c8a94635;Lecture2-2026-COMP5541(1).pdf, page 14, chunk c5299b6a95a3;Lecture 6(2).pdf, page 2, chunk 48d0dafb390b",ollama,qwen2.5:3b,5.124079499997606,2,971,248,"route={""in_scope"": ""yes"", ""question_type"": ""false_premise"", ""lecture_topic"": ""polynomial regression and model selection"", ""search_query"": ""COMP5541 Lectures 2-9 Since a higher-degree polynomial always improves test performance, why should we use the highest degree available?""}",0.0,1.0,1,0,,auto-score; manually sanity-check before final submission
E007,false_premise,L2,"Since a higher-degree polynomial always improves test performance, why should we use the highest degree available?","The premise is wrong. Higher model complexity can reduce bias but may increase variance and overfit, so validation is needed.",Lecture 2 polynomial expansion and overfitting,premise is wrong;overfit;validation,yes,correct_premise,A3_full_topk2,"The premise is incorrect: increasing polynomial degree can reduce bias, but it can also increase variance and overfit. Model complexity should be selected using validation evidence rather than assuming the highest degree is best.

Evidence: Evidence 1; Evidence 2",ff0e2423b1ed;be6ec6688535,"Lecture2-2026-COMP5541(1).pdf, page 59, chunk ff0e2423b1ed;Lecture3-2026.pdf, page 10, chunk be6ec6688535",ollama,qwen2.5:3b,3.09286808300385,2,606,210,"route={""in_scope"": ""yes"", ""question_type"": ""false_premise"", ""lecture_topic"": ""polynomial regression and model selection"", ""search_query"": ""COMP5541 Lectures 2-9 Since a higher-degree polynomial always improves test performance, why should we use the highest degree available?""}",0.5,1.0,1,1,,auto-score; manually sanity-check before final submission
E007,false_premise,L2,"Since a higher-degree polynomial always improves test performance, why should we use the highest degree available?","The premise is wrong. Higher model complexity can reduce bias but may increase variance and overfit, so validation is needed.",Lecture 2 polynomial expansion and overfitting,premise is wrong;overfit;validation,yes,correct_premise,A4_full_without_calculation_guard,"The premise is incorrect: increasing polynomial degree can reduce bias, but it can also increase variance and overfit. Model complexity should be selected using validation evidence rather than assuming the highest degree is best.

Evidence: Evidence 1; Evidence 2; Evidence 3",ff0e2423b1ed;be6ec6688535;5473c8a94635;c5299b6a95a3;48d0dafb390b,"Lecture2-2026-COMP5541(1).pdf, page 59, chunk ff0e2423b1ed;Lecture3-2026.pdf, page 10, chunk be6ec6688535;Lecture 4.pdf, page 3, chunk 5473c8a94635;Lecture2-2026-COMP5541(1).pdf, page 14, chunk c5299b6a95a3;Lecture 6(2).pdf, page 2, chunk 48d0dafb390b",ollama,qwen2.5:3b,5.124079499997606,2,971,248,"route={""in_scope"": ""yes"", ""question_type"": ""false_premise"", ""lecture_topic"": ""polynomial regression and model selection"", ""search_query"": ""COMP5541 Lectures 2-9 Since a higher-degree polynomial always improves test performance, why should we use the highest degree available?""}",0.5,1.0,1,1,,auto-score; manually sanity-check before final submission
E008,concept,L2,What does the mean squared error objective measure in linear regression?,It measures the average squared difference between predictions and ground-truth labels.,Lecture 2 MSE,average;squared difference;predictions;labels,no,answer,V0_baseline_single_call,"The mean squared error (MSE) objective in linear regression measures the average of the squares of the errors - the difference between each prediction and its corresponding actual observation. This is a common loss function used to evaluate how well a model's predictions match the actual data points, with lower MSE indicating better fit.",,,ollama,qwen2.5:3b,1.051344915998925,1,97,84,,1.0,0.5,0,,,auto-score; manually sanity-check before final submission
E008,concept,L2,What does the mean squared error objective measure in linear regression?,It measures the average squared difference between predictions and ground-truth labels.,Lecture 2 MSE,average;squared difference;predictions;labels,no,answer,V1_retrieval_only,"Mean Squared Error (MSE) objective in linear regression measures the average of the squares of the errors, or the average squared difference between the estimated values and what is actually known to be true.

Key Course Terms:
- Mean Squared Error (MSE)
- Linear Regression

Formula for MSE:
\[ \text{MSE} = \frac{1}{N} \sum_{i=1}^{N} (\hat{y}_i - y_i)^2 \]

Where \( N \) is the number of datapoints, \( \hat{y}_i \) are the predicted values and \( y_i \) are the actual values.

Evidence: 1, 4, 5",a2b8f8ddbefc;e154a0b98717;b6ebe8f1a534;4a47c4a5634c;bd67246f91ef,"Lecture2-2026-COMP5541(1).pdf, page 49, chunk a2b8f8ddbefc;T2-Review on Calculus.pdf, page 33, chunk e154a0b98717;Lecture2-2026-COMP5541(1).pdf, page 48, chunk b6ebe8f1a534;Lecture2-2026-COMP5541(1).pdf, page 60, chunk 4a47c4a5634c;Lecture2-2026-COMP5541(1).pdf, page 73, chunk bd67246f91ef",ollama,qwen2.5:3b,3.431799332996889,1,618,124,,0.5,1.0,1,,,auto-score; manually sanity-check before final submission
E008,concept,L2,What does the mean squared error objective measure in linear regression?,It measures the average squared difference between predictions and ground-truth labels.,Lecture 2 MSE,average;squared difference;predictions;labels,no,answer,V2_router_rewrite_retrieval,"The mean squared error objective measures the average of the squares of the errors, or the average squared difference between the estimated values and what is actually known to be true.

Key Course Terms:
- Mean Squared Error (MSE)

Mechanism:
Mean Squared Error calculates the MSE as follows: 
$$ \text{MSE} = \frac{1}{N} \sum_{i=1}^{N}(y_i - \hat{y}_i)^2 $$
Where \( y_i \) is the actual value and \( \hat{y}_i \) is the predicted value for each data point.

Caveat:
The MSE is sensitive to outliers because it squares the differences, which amplifies larger errors. 

Evidence: [1], [2]",4a47c4a5634c;a2b8f8ddbefc;82530212ecdd;e93efcbeb01d;1a54fdf8bbe5,"Lecture2-2026-COMP5541(1).pdf, page 60, chunk 4a47c4a5634c;Lecture2-2026-COMP5541(1).pdf, page 49, chunk a2b8f8ddbefc;Lecture 4.pdf, page 16, chunk 82530212ecdd;Lecture2-2026-COMP5541(1).pdf, page 67, chunk e93efcbeb01d;Lecture 4.pdf, page 8, chunk 1a54fdf8bbe5",ollama,qwen2.5:3b,4.515539374999207,2,755,197,"route={'in_scope': 'yes', 'question_type': 'calculation', 'lecture_topic': 'Linear Regression and Evaluation Metrics', 'search_query': 'Lecture 2 linear regression What does the mean squared error objective measure in linear regression?'}",0.5,1.0,1,,,auto-score; manually sanity-check before final submission
E008,concept,L2,What does the mean squared error objective measure in linear regression?,It measures the average squared difference between predictions and ground-truth labels.,Lecture 2 MSE,average;squared difference;predictions;labels,no,answer,V3_retrieval_verifier,"Mean Squared Error (MSE) objective in linear regression measures the average of the squares of the errors, or the average squared difference between the estimated values and what is actually known to be true.

Key Course Terms:
- Mean Squared Error (MSE)
- Linear Regression

Formula for MSE:
\[ \text{MSE} = \frac{1}{N} \sum_{i=1}^{N} (\hat{y}_i - y_i)^2 \]

Where \( N \) is the number of datapoints, \( \hat{y}_i \) are the predicted values and \( y_i \) are the actual values.

Evidence: 1, 4, 5",a2b8f8ddbefc;e154a0b98717;b6ebe8f1a534;4a47c4a5634c;bd67246f91ef,"Lecture2-2026-COMP5541(1).pdf, page 49, chunk a2b8f8ddbefc;T2-Review on Calculus.pdf, page 33, chunk e154a0b98717;Lecture2-2026-COMP5541(1).pdf, page 48, chunk b6ebe8f1a534;Lecture2-2026-COMP5541(1).pdf, page 60, chunk 4a47c4a5634c;Lecture2-2026-COMP5541(1).pdf, page 73, chunk bd67246f91ef",ollama,qwen2.5:3b,7.578248332996736,2,1507,274,draft_then_verifier_rejected_overcorrection,0.5,1.0,1,,,auto-score; manually sanity-check before final submission
E008,concept,L2,What does the mean squared error objective measure in linear regression?,It measures the average squared difference between predictions and ground-truth labels.,Lecture 2 MSE,average;squared difference;predictions;labels,no,answer,V4_full_router_retrieval_verifier,"The mean squared error objective measures the average of the squares of the errors, or the average squared difference between the estimated values and what is actually known to be true.

Key Course Terms:
- Mean Squared Error (MSE)

Mechanism:
Mean Squared Error calculates the MSE as follows: 
$$ \text{MSE} = \frac{1}{N} \sum_{i=1}^{N}(y_i - \hat{y}_i)^2 $$
Where \( y_i \) is the actual value and \( \hat{y}_i \) is the predicted value for each data point.

Caveat:
The MSE is sensitive to outliers because it squares the differences, which amplifies larger errors. 

Evidence: [1], [2]",4a47c4a5634c;a2b8f8ddbefc;82530212ecdd;e93efcbeb01d;1a54fdf8bbe5,"Lecture2-2026-COMP5541(1).pdf, page 60, chunk 4a47c4a5634c;Lecture2-2026-COMP5541(1).pdf, page 49, chunk a2b8f8ddbefc;Lecture 4.pdf, page 16, chunk 82530212ecdd;Lecture2-2026-COMP5541(1).pdf, page 67, chunk e93efcbeb01d;Lecture 4.pdf, page 8, chunk 1a54fdf8bbe5",ollama,qwen2.5:3b,8.276698040997871,3,1647,310,"route={""in_scope"": ""yes"", ""question_type"": ""calculation"", ""lecture_topic"": ""Linear Regression and Evaluation Metrics"", ""search_query"": ""Lecture 2 linear regression What does the mean squared error objective measure in linear regression?""}",0.5,1.0,1,,,auto-score; manually sanity-check before final submission
E008,concept,L2,What does the mean squared error objective measure in linear regression?,It measures the average squared difference between predictions and ground-truth labels.,Lecture 2 MSE,average;squared difference;predictions;labels,no,answer,A1_full_without_router,"The mean squared error objective measures the average of the squares of the errors, or the average squared difference between the estimated values and what is actually known to be true.

Key Course Terms:
- Mean Squared Error (MSE)

Mechanism:
Mean Squared Error calculates the MSE as follows: 
$$ \text{MSE} = \frac{1}{N} \sum_{i=1}^{N}(y_i - \hat{y}_i)^2 $$
Where \( y_i \) is the actual value and \( \hat{y}_i \) is the predicted value for each data point.

Caveat:
The MSE is sensitive to outliers because it squares the differences, which amplifies larger errors. 

Evidence: [1], [2]",4a47c4a5634c;a2b8f8ddbefc;82530212ecdd;e93efcbeb01d;1a54fdf8bbe5,"Lecture2-2026-COMP5541(1).pdf, page 60, chunk 4a47c4a5634c;Lecture2-2026-COMP5541(1).pdf, page 49, chunk a2b8f8ddbefc;Lecture 4.pdf, page 16, chunk 82530212ecdd;Lecture2-2026-COMP5541(1).pdf, page 67, chunk e93efcbeb01d;Lecture 4.pdf, page 8, chunk 1a54fdf8bbe5",ollama,qwen2.5:3b,7.42074500000308,2,1482,270,"route={""in_scope"": ""yes"", ""question_type"": ""concept"", ""lecture_topic"": ""Lecture 2 linear regression"", ""search_query"": ""Lecture 2 linear regression What does the mean squared error objective measure in linear regression?""}",0.5,1.0,1,,,auto-score; manually sanity-check before final submission
E008,concept,L2,What does the mean squared error objective measure in linear regression?,It measures the average squared difference between predictions and ground-truth labels.,Lecture 2 MSE,average;squared difference;predictions;labels,no,answer,A2_full_without_verifier,"The mean squared error objective measures the average of the squares of the errors, or the average squared difference between the estimated values and what is actually known to be true.

Key Course Terms:
- Mean Squared Error (MSE)

Mechanism:
Mean Squared Error calculates the MSE as follows: 
$$ \text{MSE} = \frac{1}{N} \sum_{i=1}^{N}(y_i - \hat{y}_i)^2 $$
Where \( y_i \) is the actual value and \( \hat{y}_i \) is the predicted value for each data point.

Caveat:
The MSE is sensitive to outliers because it squares the differences, which amplifies larger errors. 

Evidence: [1], [2]",4a47c4a5634c;a2b8f8ddbefc;82530212ecdd;e93efcbeb01d;1a54fdf8bbe5,"Lecture2-2026-COMP5541(1).pdf, page 60, chunk 4a47c4a5634c;Lecture2-2026-COMP5541(1).pdf, page 49, chunk a2b8f8ddbefc;Lecture 4.pdf, page 16, chunk 82530212ecdd;Lecture2-2026-COMP5541(1).pdf, page 67, chunk e93efcbeb01d;Lecture 4.pdf, page 8, chunk 1a54fdf8bbe5",ollama,qwen2.5:3b,4.515539374999207,2,755,197,"route={""in_scope"": ""yes"", ""question_type"": ""calculation"", ""lecture_topic"": ""Linear Regression and Evaluation Metrics"", ""search_query"": ""Lecture 2 linear regression What does the mean squared error objective measure in linear regression?""}",0.5,1.0,1,,,auto-score; manually sanity-check before final submission
E008,concept,L2,What does the mean squared error objective measure in linear regression?,It measures the average squared difference between predictions and ground-truth labels.,Lecture 2 MSE,average;squared difference;predictions;labels,no,answer,A3_full_topk2,"The mean squared error objective measures the average of the squares of the errors, in other words, the average squared difference between the estimated values and the actual value.

Evidence: [Evidence 1], [Evidence 2]",4a47c4a5634c;a2b8f8ddbefc,"Lecture2-2026-COMP5541(1).pdf, page 60, chunk 4a47c4a5634c;Lecture2-2026-COMP5541(1).pdf, page 49, chunk a2b8f8ddbefc",ollama,qwen2.5:3b,4.239661666000757,3,1138,173,"route={""in_scope"": ""yes"", ""question_type"": ""calculation"", ""lecture_topic"": ""Linear Regression and Evaluation Metrics"", ""search_query"": ""Lecture 2 linear regression What does the mean squared error objective measure in linear regression?""}",0.5,1.0,1,,,auto-score; manually sanity-check before final submission
E008,concept,L2,What does the mean squared error objective measure in linear regression?,It measures the average squared difference between predictions and ground-truth labels.,Lecture 2 MSE,average;squared difference;predictions;labels,no,answer,A4_full_without_calculation_guard,"The mean squared error objective measures the average of the squares of the errors, or the average squared difference between the estimated values and what is actually known to be true.

Key Course Terms:
- Mean Squared Error (MSE)

Mechanism:
Mean Squared Error calculates the MSE as follows: 
$$ \text{MSE} = \frac{1}{N} \sum_{i=1}^{N}(y_i - \hat{y}_i)^2 $$
Where \( y_i \) is the actual value and \( \hat{y}_i \) is the predicted value for each data point.

Caveat:
The MSE is sensitive to outliers because it squares the differences, which amplifies larger errors. 

Evidence: [1], [2]",4a47c4a5634c;a2b8f8ddbefc;82530212ecdd;e93efcbeb01d;1a54fdf8bbe5,"Lecture2-2026-COMP5541(1).pdf, page 60, chunk 4a47c4a5634c;Lecture2-2026-COMP5541(1).pdf, page 49, chunk a2b8f8ddbefc;Lecture 4.pdf, page 16, chunk 82530212ecdd;Lecture2-2026-COMP5541(1).pdf, page 67, chunk e93efcbeb01d;Lecture 4.pdf, page 8, chunk 1a54fdf8bbe5",ollama,qwen2.5:3b,8.276698040997871,3,1647,310,"route={""in_scope"": ""yes"", ""question_type"": ""calculation"", ""lecture_topic"": ""Linear Regression and Evaluation Metrics"", ""search_query"": ""Lecture 2 linear regression What does the mean squared error objective measure in linear regression?""}",0.5,1.0,1,,,auto-score; manually sanity-check before final submission
E009,concept,L3,Why is one-hot encoding preferred for unordered multi-class labels?,One-hot encoding avoids imposing an artificial ordinal relationship between categories.,Lecture 3 classification encoding,one-hot;unordered;ordinal,no,answer,V0_baseline_single_call,"One-hot encoding is preferred for unordered multi-class labels because it transforms each class label into a binary vector where only one element per vector is set to 1, while all other elements are set to 0. This method ensures that the model can distinguish between classes without any ambiguity or misinterpretation due to the inherent ordering of the classes. For unordered categories, this approach prevents any implicit ordering from influencing the model's predictions and guarantees that each class has an equal footing in the feature space representation.

[COMP5541: Encoding Techniques for Multi-Class Classification]",,,ollama,qwen2.5:3b,1.872083250000287,1,96,157,,0.5,0.5,0,,,auto-score; manually sanity-check before final submission
E009,concept,L3,Why is one-hot encoding preferred for unordered multi-class labels?,One-hot encoding avoids imposing an artificial ordinal relationship between categories.,Lecture 3 classification encoding,one-hot;unordered;ordinal,no,answer,V1_retrieval_only,"One-hot encoding is preferred for unordered multi-class labels because it allows each label to be represented as a binary vector where only one element is set to 1, indicating the presence of that class. This method avoids issues with scalar encoding and ensures clear distinction between classes.

Key Course Terms:
- One-hot encoding

Caveat:
- Scalar encoding can lead to ambiguity in multi-class classification problems, making it difficult for models to distinguish between different classes.",32eeef62bdbb;179d91ae5c1f;380523a60066;3ab797738b0a;aa4d1b8c4371,"Lecture3-2026.pdf, page 21, chunk 32eeef62bdbb;Lecture 8(2).pdf, page 24, chunk 179d91ae5c1f;Lecture 8(2).pdf, page 61, chunk 380523a60066;Lecture 9 .pdf, page 51, chunk 3ab797738b0a;Lecture 8(2).pdf, page 25, chunk aa4d1b8c4371",ollama,qwen2.5:3b,2.882862959006161,1,839,124,,0.5,0.5,1,,,auto-score; manually sanity-check before final submission
E009,concept,L3,Why is one-hot encoding preferred for unordered multi-class labels?,One-hot encoding avoids imposing an artificial ordinal relationship between categories.,Lecture 3 classification encoding,one-hot;unordered;ordinal,no,answer,V2_router_rewrite_retrieval,"One-hot encoding is preferred for unordered multi-class labels because it allows each label to be represented as a binary vector where only one element is set to 1, indicating the presence of that class. This method avoids issues with scalar encoding and ensures clear distinction between classes.

Key Course Terms:
- One-hot encoding

Caveat:
- Scalar encoding can lead to ambiguity in multi-class classification problems, making it difficult for models to distinguish between different classes.",32eeef62bdbb;179d91ae5c1f;380523a60066;3ab797738b0a;aa4d1b8c4371,"Lecture3-2026.pdf, page 21, chunk 32eeef62bdbb;Lecture 8(2).pdf, page 24, chunk 179d91ae5c1f;Lecture 8(2).pdf, page 61, chunk 380523a60066;Lecture 9 .pdf, page 51, chunk 3ab797738b0a;Lecture 8(2).pdf, page 25, chunk aa4d1b8c4371",ollama,qwen2.5:3b,4.864577958996961,2,999,294,"route={'in_scope': 'yes', 'question_type': 'concept', 'lecture_topic': 'feature_engineering_and_preprocessing', 'search_query': 'COMP5541 Lectures 2-9 Why is one-hot encoding preferred for unordered multi-class labels?'}",0.5,0.5,1,,,auto-score; manually sanity-check before final submission
E009,concept,L3,Why is one-hot encoding preferred for unordered multi-class labels?,One-hot encoding avoids imposing an artificial ordinal relationship between categories.,Lecture 3 classification encoding,one-hot;unordered;ordinal,no,answer,V3_retrieval_verifier,"One-hot encoding is preferred for unordered multi-class labels because it allows each label to be represented as a binary vector where only one element is set to 1, indicating the presence of that class. This method avoids issues with scalar encoding and ensures clear distinction between classes.

Key Course Terms:
- One-hot encoding

Caveat:
- Scalar encoding can lead to ambiguity in multi-class classification problems, making it difficult for models to distinguish between different classes.",32eeef62bdbb;179d91ae5c1f;380523a60066;3ab797738b0a;aa4d1b8c4371,"Lecture3-2026.pdf, page 21, chunk 32eeef62bdbb;Lecture 8(2).pdf, page 24, chunk 179d91ae5c1f;Lecture 8(2).pdf, page 61, chunk 380523a60066;Lecture 9 .pdf, page 51, chunk 3ab797738b0a;Lecture 8(2).pdf, page 25, chunk aa4d1b8c4371",ollama,qwen2.5:3b,6.038353376003215,2,1945,219,draft_then_verifier_rejected_overcorrection,0.5,0.5,1,,,auto-score; manually sanity-check before final submission
E009,concept,L3,Why is one-hot encoding preferred for unordered multi-class labels?,One-hot encoding avoids imposing an artificial ordinal relationship between categories.,Lecture 3 classification encoding,one-hot;unordered;ordinal,no,answer,V4_full_router_retrieval_verifier,"One-hot encoding is preferred for unordered multi-class labels because it allows each label to be represented as a binary vector where only one element is set to 1, indicating the presence of that class. This method avoids issues with scalar encoding and ensures clear distinction between classes.

Key Course Terms:
- One-hot encoding

Caveat:
- Scalar encoding can lead to ambiguity in multi-class classification problems, making it difficult for models to distinguish between different classes.",32eeef62bdbb;179d91ae5c1f;380523a60066;3ab797738b0a;aa4d1b8c4371,"Lecture3-2026.pdf, page 21, chunk 32eeef62bdbb;Lecture 8(2).pdf, page 24, chunk 179d91ae5c1f;Lecture 8(2).pdf, page 61, chunk 380523a60066;Lecture 9 .pdf, page 51, chunk 3ab797738b0a;Lecture 8(2).pdf, page 25, chunk aa4d1b8c4371",ollama,qwen2.5:3b,8.344769417995849,3,2108,400,"route={""in_scope"": ""yes"", ""question_type"": ""concept"", ""lecture_topic"": ""feature_engineering_and_preprocessing"", ""search_query"": ""COMP5541 Lectures 2-9 Why is one-hot encoding preferred for unordered multi-class labels?""}",0.5,0.5,1,,,auto-score; manually sanity-check before final submission
E009,concept,L3,Why is one-hot encoding preferred for unordered multi-class labels?,One-hot encoding avoids imposing an artificial ordinal relationship between categories.,Lecture 3 classification encoding,one-hot;unordered;ordinal,no,answer,A1_full_without_router,"One-hot encoding is preferred for unordered multi-class labels because it allows each label to be represented as a binary vector where only one element is set to 1, indicating the presence of that class. This method avoids issues with scalar encoding and ensures clear distinction between classes.

Key Course Terms:
- One-hot encoding

Caveat:
- Scalar encoding can lead to ambiguity in multi-class classification problems, making it difficult for models to distinguish between different classes.",32eeef62bdbb;179d91ae5c1f;380523a60066;3ab797738b0a;aa4d1b8c4371,"Lecture3-2026.pdf, page 21, chunk 32eeef62bdbb;Lecture 8(2).pdf, page 24, chunk 179d91ae5c1f;Lecture 8(2).pdf, page 61, chunk 380523a60066;Lecture 9 .pdf, page 51, chunk 3ab797738b0a;Lecture 8(2).pdf, page 25, chunk aa4d1b8c4371",ollama,qwen2.5:3b,5.764139000995783,2,1945,219,"route={""in_scope"": ""yes"", ""question_type"": ""comparison"", ""lecture_topic"": ""COMP5541 Lectures 2-9"", ""search_query"": ""COMP5541 Lectures 2-9 Why is one-hot encoding preferred for unordered multi-class labels?""}",0.5,0.5,1,,,auto-score; manually sanity-check before final submission
E009,concept,L3,Why is one-hot encoding preferred for unordered multi-class labels?,One-hot encoding avoids imposing an artificial ordinal relationship between categories.,Lecture 3 classification encoding,one-hot;unordered;ordinal,no,answer,A2_full_without_verifier,"One-hot encoding is preferred for unordered multi-class labels because it allows each label to be represented as a binary vector where only one element is set to 1, indicating the presence of that class. This method avoids issues with scalar encoding and ensures clear distinction between classes.

Key Course Terms:
- One-hot encoding

Caveat:
- Scalar encoding can lead to ambiguity in multi-class classification problems, making it difficult for models to distinguish between different classes.",32eeef62bdbb;179d91ae5c1f;380523a60066;3ab797738b0a;aa4d1b8c4371,"Lecture3-2026.pdf, page 21, chunk 32eeef62bdbb;Lecture 8(2).pdf, page 24, chunk 179d91ae5c1f;Lecture 8(2).pdf, page 61, chunk 380523a60066;Lecture 9 .pdf, page 51, chunk 3ab797738b0a;Lecture 8(2).pdf, page 25, chunk aa4d1b8c4371",ollama,qwen2.5:3b,4.864577958996961,2,999,294,"route={""in_scope"": ""yes"", ""question_type"": ""concept"", ""lecture_topic"": ""feature_engineering_and_preprocessing"", ""search_query"": ""COMP5541 Lectures 2-9 Why is one-hot encoding preferred for unordered multi-class labels?""}",0.5,0.5,1,,,auto-score; manually sanity-check before final submission
E009,concept,L3,Why is one-hot encoding preferred for unordered multi-class labels?,One-hot encoding avoids imposing an artificial ordinal relationship between categories.,Lecture 3 classification encoding,one-hot;unordered;ordinal,no,answer,A3_full_topk2,"Direct Answer: One-hot encoding is preferred for unordered multi-class labels because it transforms each label into a vector where only one position is set to 1, representing the correct class.

Key Terms:
Multi-class classification

Mechanism/Caveat:
One-hot encoding converts scalar labels into vectors with binary values (0 or 1), ensuring that each class is uniquely identifiable without overlap. This method avoids issues associated with scalar encoding in multi-class scenarios, such as misinterpretation of numerical order and potential confusion between classes.

Evidence: [Evidence 1], [Evidence 2]",32eeef62bdbb;179d91ae5c1f,"Lecture3-2026.pdf, page 21, chunk 32eeef62bdbb;Lecture 8(2).pdf, page 24, chunk 179d91ae5c1f",ollama,qwen2.5:3b,7.50501216700286,3,1183,476,"route={""in_scope"": ""yes"", ""question_type"": ""concept"", ""lecture_topic"": ""feature_engineering_and_preprocessing"", ""search_query"": ""COMP5541 Lectures 2-9 Why is one-hot encoding preferred for unordered multi-class labels?""}",0.5,1.0,1,,,auto-score; manually sanity-check before final submission
E009,concept,L3,Why is one-hot encoding preferred for unordered multi-class labels?,One-hot encoding avoids imposing an artificial ordinal relationship between categories.,Lecture 3 classification encoding,one-hot;unordered;ordinal,no,answer,A4_full_without_calculation_guard,"One-hot encoding is preferred for unordered multi-class labels because it allows each label to be represented as a binary vector where only one element is set to 1, indicating the presence of that class. This method avoids issues with scalar encoding and ensures clear distinction between classes.

Key Course Terms:
- One-hot encoding

Caveat:
- Scalar encoding can lead to ambiguity in multi-class classification problems, making it difficult for models to distinguish between different classes.",32eeef62bdbb;179d91ae5c1f;380523a60066;3ab797738b0a;aa4d1b8c4371,"Lecture3-2026.pdf, page 21, chunk 32eeef62bdbb;Lecture 8(2).pdf, page 24, chunk 179d91ae5c1f;Lecture 8(2).pdf, page 61, chunk 380523a60066;Lecture 9 .pdf, page 51, chunk 3ab797738b0a;Lecture 8(2).pdf, page 25, chunk aa4d1b8c4371",ollama,qwen2.5:3b,8.344769417995849,3,2108,400,"route={""in_scope"": ""yes"", ""question_type"": ""concept"", ""lecture_topic"": ""feature_engineering_and_preprocessing"", ""search_query"": ""COMP5541 Lectures 2-9 Why is one-hot encoding preferred for unordered multi-class labels?""}",0.5,0.5,1,,,auto-score; manually sanity-check before final submission
E010,concept,L3,What does the sigmoid function represent in logistic regression?,It maps a linear score to a probability for binary classification.,Lecture 3 logistic regression,sigmoid;linear score;probability;binary classification,no,answer,V0_baseline_single_call,"The sigmoid function in logistic regression represents the probability that an event will occur. It is defined by the equation \( \sigma(z) = \frac{1}{1 + e^{-z}} \), where \( z \) is a linear combination of features and model parameters. This function maps any real-valued number into the range (0, 1), making it suitable for modeling probabilities.",,,ollama,qwen2.5:3b,1.3564254580014676,1,95,87,,0.5,0.5,0,,,auto-score; manually sanity-check before final submission
E010,concept,L3,What does the sigmoid function represent in logistic regression?,It maps a linear score to a probability for binary classification.,Lecture 3 logistic regression,sigmoid;linear score;probability;binary classification,no,answer,V1_retrieval_only,"The sigmoid function represents the probability score in logistic regression.

Key Course Terms:
- Sigmoid Function: σ(s) = 1 / (1 + e^(-s))
- Probability Score: y = σ(s)

Mechanism:
- The input feature is transformed into a logit/score s using wTx + b.
- The sigmoid function, σ(s), converts the score s into a probability score between 0 and 1.

Formula:
y = σ(s) = 1 / (1 + e^(-s))

Evidence: [Evidence 1], [Evidence 3]",e82ff579dd60;e0b2c5ed7587;af67a3928deb;37bd2399d909;13ca2923aa6d,"Lecture3-2026.pdf, page 23, chunk e82ff579dd60;Lecture3-2026.pdf, page 25, chunk e0b2c5ed7587;Lecture3-2026.pdf, page 22, chunk af67a3928deb;Lecture3-2026.pdf, page 27, chunk 37bd2399d909;Lecture3-2026.pdf, page 24, chunk 13ca2923aa6d",ollama,qwen2.5:3b,3.5861695839994354,1,765,105,,0.5,1.0,1,,,auto-score; manually sanity-check before final submission
E010,concept,L3,What does the sigmoid function represent in logistic regression?,It maps a linear score to a probability for binary classification.,Lecture 3 logistic regression,sigmoid;linear score;probability;binary classification,no,answer,V2_router_rewrite_retrieval,"The sigmoid function represents the probability score in logistic regression. It is used to map any real-valued number into a value between 0 and 1, which can be interpreted as the probability of the input belonging to the positive class.

Key Course Terms:
- Sigmoid Function: y=σ s = !""#$% &s
- Probability Score

Formula Used:
y = σ(s) = 1 / (1 + e^(-s))

Evidence: [Evidence 1, Evidence 2, Evidence 3, Evidence 4, Evidence 5]",e82ff579dd60;af67a3928deb;e0b2c5ed7587;13ca2923aa6d;37bd2399d909,"Lecture3-2026.pdf, page 23, chunk e82ff579dd60;Lecture3-2026.pdf, page 22, chunk af67a3928deb;Lecture3-2026.pdf, page 25, chunk e0b2c5ed7587;Lecture3-2026.pdf, page 24, chunk 13ca2923aa6d;Lecture3-2026.pdf, page 27, chunk 37bd2399d909",ollama,qwen2.5:3b,4.129340207997302,2,924,153,"route={'in_scope': 'yes', 'question_type': 'concept', 'lecture_topic': 'Logistic Regression and Sigmoid Function', 'search_query': 'Lecture 3 logistic regression What does the sigmoid function represent in logistic regression?'}",0.5,1.0,1,,,auto-score; manually sanity-check before final submission
E010,concept,L3,What does the sigmoid function represent in logistic regression?,It maps a linear score to a probability for binary classification.,Lecture 3 logistic regression,sigmoid;linear score;probability;binary classification,no,answer,V3_retrieval_verifier,"The sigmoid function represents the probability score in logistic regression.

Key Course Terms:
- Sigmoid Function: σ(s) = 1 / (1 + e^(-s))
- Probability Score: y = σ(s)

Mechanism:
- The input feature is transformed into a logit/score s using wTx + b.
- The sigmoid function, σ(s), converts the score s into a probability score between 0 and 1.

Formula:
y = σ(s) = 1 / (1 + e^(-s))

Evidence: [Evidence 1], [Evidence 3]",e82ff579dd60;e0b2c5ed7587;af67a3928deb;37bd2399d909;13ca2923aa6d,"Lecture3-2026.pdf, page 23, chunk e82ff579dd60;Lecture3-2026.pdf, page 25, chunk e0b2c5ed7587;Lecture3-2026.pdf, page 22, chunk af67a3928deb;Lecture3-2026.pdf, page 27, chunk 37bd2399d909;Lecture3-2026.pdf, page 24, chunk 13ca2923aa6d",ollama,qwen2.5:3b,8.10333229200478,2,1781,240,draft_then_verifier_rejected_overcorrection,0.5,1.0,1,,,auto-score; manually sanity-check before final submission
E010,concept,L3,What does the sigmoid function represent in logistic regression?,It maps a linear score to a probability for binary classification.,Lecture 3 logistic regression,sigmoid;linear score;probability;binary classification,no,answer,V4_full_router_retrieval_verifier,"The sigmoid function represents the probability score in logistic regression. It is used to map any real-valued number into a value between 0 and 1, which can be interpreted as the probability of the input belonging to the positive class.

Key Course Terms:
- Sigmoid Function: y=σ s = !""#$% &s
- Probability Score

Formula Used:
y = σ(s) = 1 / (1 + e^(-s))

Evidence: [Evidence 1, Evidence 2, Evidence 3, Evidence 4, Evidence 5]",e82ff579dd60;af67a3928deb;e0b2c5ed7587;13ca2923aa6d;37bd2399d909,"Lecture3-2026.pdf, page 23, chunk e82ff579dd60;Lecture3-2026.pdf, page 22, chunk af67a3928deb;Lecture3-2026.pdf, page 25, chunk e0b2c5ed7587;Lecture3-2026.pdf, page 24, chunk 13ca2923aa6d;Lecture3-2026.pdf, page 27, chunk 37bd2399d909",ollama,qwen2.5:3b,7.377268124997499,3,1944,233,"route={""in_scope"": ""yes"", ""question_type"": ""concept"", ""lecture_topic"": ""Logistic Regression and Sigmoid Function"", ""search_query"": ""Lecture 3 logistic regression What does the sigmoid function represent in logistic regression?""}",0.5,1.0,1,,,auto-score; manually sanity-check before final submission
E010,concept,L3,What does the sigmoid function represent in logistic regression?,It maps a linear score to a probability for binary classification.,Lecture 3 logistic regression,sigmoid;linear score;probability;binary classification,no,answer,A1_full_without_router,"The sigmoid function represents the probability score in logistic regression. It is used to map any real-valued number into a value between 0 and 1, which can be interpreted as the probability of the input belonging to the positive class.

Key Course Terms:
- Sigmoid Function: y=σ s = !""#$% &s
- Probability Score

Formula Used:
y = σ(s) = 1 / (1 + e^(-s))

Evidence: [Evidence 1, Evidence 2, Evidence 3, Evidence 4, Evidence 5]",e82ff579dd60;af67a3928deb;e0b2c5ed7587;13ca2923aa6d;37bd2399d909,"Lecture3-2026.pdf, page 23, chunk e82ff579dd60;Lecture3-2026.pdf, page 22, chunk af67a3928deb;Lecture3-2026.pdf, page 25, chunk e0b2c5ed7587;Lecture3-2026.pdf, page 24, chunk 13ca2923aa6d;Lecture3-2026.pdf, page 27, chunk 37bd2399d909",ollama,qwen2.5:3b,6.706541915991693,2,1783,201,"route={""in_scope"": ""yes"", ""question_type"": ""concept"", ""lecture_topic"": ""Lecture 3 logistic regression"", ""search_query"": ""Lecture 3 logistic regression What does the sigmoid function represent in logistic regression?""}",0.5,1.0,1,,,auto-score; manually sanity-check before final submission
E010,concept,L3,What does the sigmoid function represent in logistic regression?,It maps a linear score to a probability for binary classification.,Lecture 3 logistic regression,sigmoid;linear score;probability;binary classification,no,answer,A2_full_without_verifier,"The sigmoid function represents the probability score in logistic regression. It is used to map any real-valued number into a value between 0 and 1, which can be interpreted as the probability of the input belonging to the positive class.

Key Course Terms:
- Sigmoid Function: y=σ s = !""#$% &s
- Probability Score

Formula Used:
y = σ(s) = 1 / (1 + e^(-s))

Evidence: [Evidence 1, Evidence 2, Evidence 3, Evidence 4, Evidence 5]",e82ff579dd60;af67a3928deb;e0b2c5ed7587;13ca2923aa6d;37bd2399d909,"Lecture3-2026.pdf, page 23, chunk e82ff579dd60;Lecture3-2026.pdf, page 22, chunk af67a3928deb;Lecture3-2026.pdf, page 25, chunk e0b2c5ed7587;Lecture3-2026.pdf, page 24, chunk 13ca2923aa6d;Lecture3-2026.pdf, page 27, chunk 37bd2399d909",ollama,qwen2.5:3b,4.129340207997302,2,924,153,"route={""in_scope"": ""yes"", ""question_type"": ""concept"", ""lecture_topic"": ""Logistic Regression and Sigmoid Function"", ""search_query"": ""Lecture 3 logistic regression What does the sigmoid function represent in logistic regression?""}",0.5,1.0,1,,,auto-score; manually sanity-check before final submission
E010,concept,L3,What does the sigmoid function represent in logistic regression?,It maps a linear score to a probability for binary classification.,Lecture 3 logistic regression,sigmoid;linear score;probability;binary classification,no,answer,A3_full_topk2,"The sigmoid function in logistic regression represents the probability of the event occurring (y=1). It transforms the linear combination of the features and weights, known as the logit or score, into a value between 0 and 1.

Key Course Terms:
- Sigmoid Function
- Probability Score

Formula Used:
\[ y = \sigma(s) = \frac{1}{1 + e^{-s}} \]
where \( s = w^T x + b \)

Evidence: [Evidence 1, Evidence 2]",e82ff579dd60;af67a3928deb,"Lecture3-2026.pdf, page 23, chunk e82ff579dd60;Lecture3-2026.pdf, page 22, chunk af67a3928deb",ollama,qwen2.5:3b,5.411580957996193,3,1197,229,"route={""in_scope"": ""yes"", ""question_type"": ""concept"", ""lecture_topic"": ""Logistic Regression and Sigmoid Function"", ""search_query"": ""Lecture 3 logistic regression What does the sigmoid function represent in logistic regression?""}",1.0,1.0,1,,,auto-score; manually sanity-check before final submission
E010,concept,L3,What does the sigmoid function represent in logistic regression?,It maps a linear score to a probability for binary classification.,Lecture 3 logistic regression,sigmoid;linear score;probability;binary classification,no,answer,A4_full_without_calculation_guard,"The sigmoid function represents the probability score in logistic regression. It is used to map any real-valued number into a value between 0 and 1, which can be interpreted as the probability of the input belonging to the positive class.

Key Course Terms:
- Sigmoid Function: y=σ s = !""#$% &s
- Probability Score

Formula Used:
y = σ(s) = 1 / (1 + e^(-s))

Evidence: [Evidence 1, Evidence 2, Evidence 3, Evidence 4, Evidence 5]",e82ff579dd60;af67a3928deb;e0b2c5ed7587;13ca2923aa6d;37bd2399d909,"Lecture3-2026.pdf, page 23, chunk e82ff579dd60;Lecture3-2026.pdf, page 22, chunk af67a3928deb;Lecture3-2026.pdf, page 25, chunk e0b2c5ed7587;Lecture3-2026.pdf, page 24, chunk 13ca2923aa6d;Lecture3-2026.pdf, page 27, chunk 37bd2399d909",ollama,qwen2.5:3b,7.377268124997499,3,1944,233,"route={""in_scope"": ""yes"", ""question_type"": ""concept"", ""lecture_topic"": ""Logistic Regression and Sigmoid Function"", ""search_query"": ""Lecture 3 logistic regression What does the sigmoid function represent in logistic regression?""}",0.5,1.0,1,,,auto-score; manually sanity-check before final submission
E011,false_premise,L3,"Since logistic regression uses a sigmoid, why can it solve XOR without hidden layers?",The premise is wrong. The sigmoid does not make the decision boundary nonlinear; logistic regression still has a linear decision boundary.,Lecture 3 logistic regression and Lecture 4 linear limitation,premise is wrong;linear decision boundary;XOR,yes,correct_premise,V0_baseline_single_call,"COMP5541: Logistic Regression inherently solves the XOR problem without needing hidden layers due to its use of a sigmoid activation function in the output layer. The sigmoid function maps any real-valued number into the range (0, 1), making it suitable for modeling probabilities. In the context of binary classification problems like XOR, which requires distinguishing between two classes with non-linear decision boundaries, logistic regression can be effective when combined with appropriate feature engineering and a single-layer architecture.

The key reason is that the sigmoid function's S-shaped curve allows it to model the probability of belonging to one class versus another. When applied in a binary classification context (where the output layer uses only a sigmoid), logistic regression can learn non-linear decision boundaries, effectively solving problems like XOR without needing hidden layers for this specific case.

For more detailed understanding and implementation specifics, refer to:
- [E1] Understanding Logistic Regression
- [E2] Sigmoid Function in Logistic Regression",,,ollama,qwen2.5:3b,3.0896902499989665,1,100,274,,0.0,0.5,0,0,,auto-score; manually sanity-check before final submission
E011,false_premise,L3,"Since logistic regression uses a sigmoid, why can it solve XOR without hidden layers?",The premise is wrong. The sigmoid does not make the decision boundary nonlinear; logistic regression still has a linear decision boundary.,Lecture 3 logistic regression and Lecture 4 linear limitation,premise is wrong;linear decision boundary;XOR,yes,correct_premise,V1_retrieval_only,"Since logistic regression uses a sigmoid function, it can solve the XOR problem without hidden layers. This is because the sigmoid function inherently allows for decision boundaries that are not linear but rather non-linear, which is necessary to model the XOR dataset.

Key Course Terms:
- Logistic Regression
- Sigmoid Function

Evidence: [Evidence 1], [Evidence 2]",af67a3928deb;e82ff579dd60;e0b2c5ed7587;13ca2923aa6d;c0889fa36e40,"Lecture3-2026.pdf, page 22, chunk af67a3928deb;Lecture3-2026.pdf, page 23, chunk e82ff579dd60;Lecture3-2026.pdf, page 25, chunk e0b2c5ed7587;Lecture3-2026.pdf, page 24, chunk 13ca2923aa6d;Lecture3-2026.pdf, page 33, chunk c0889fa36e40",ollama,qwen2.5:3b,2.481307959002152,1,700,91,,0.0,1.0,1,0,,auto-score; manually sanity-check before final submission
E011,false_premise,L3,"Since logistic regression uses a sigmoid, why can it solve XOR without hidden layers?",The premise is wrong. The sigmoid does not make the decision boundary nonlinear; logistic regression still has a linear decision boundary.,Lecture 3 logistic regression and Lecture 4 linear limitation,premise is wrong;linear decision boundary;XOR,yes,correct_premise,V2_router_rewrite_retrieval,"Direct Answer: Logistic regression can solve XOR without hidden layers because it inherently uses a sigmoid function, which allows for non-linear decision boundaries.

Key Terms:
- Sigmoid function

Mechanism:
The logistic regression model maps input features into probability scores using the sigmoid function (y=σ(s)). This transformation enables the model to learn and represent non-linear decision boundaries necessary for XOR problems. The sigmoid function's output ranges between 0 and 1, allowing it to map any real-valued number to a probability score.

Evidence:
[Evidence 1], [Evidence 3]",af67a3928deb;c0889fa36e40;e82ff579dd60;e0b2c5ed7587;1a54fdf8bbe5,"Lecture3-2026.pdf, page 22, chunk af67a3928deb;Lecture3-2026.pdf, page 33, chunk c0889fa36e40;Lecture3-2026.pdf, page 23, chunk e82ff579dd60;Lecture3-2026.pdf, page 25, chunk e0b2c5ed7587;Lecture 4.pdf, page 8, chunk 1a54fdf8bbe5",ollama,qwen2.5:3b,4.446322833999147,2,840,254,"route={'in_scope': 'yes', 'question_type': 'false_premise', 'lecture_topic': 'neural_networks_and_logistic_regression', 'search_query': 'Lecture 3 logistic regression Since logistic regression uses a sigmoid, why can it solve XOR without hidden layers?'}",0.0,1.0,1,0,,auto-score; manually sanity-check before final submission
E011,false_premise,L3,"Since logistic regression uses a sigmoid, why can it solve XOR without hidden layers?",The premise is wrong. The sigmoid does not make the decision boundary nonlinear; logistic regression still has a linear decision boundary.,Lecture 3 logistic regression and Lecture 4 linear limitation,premise is wrong;linear decision boundary;XOR,yes,correct_premise,V3_retrieval_verifier,"The premise is incorrect: logistic regression has a linear decision boundary, and XOR is not linearly separable. A sigmoid maps a linear score to a probability; it does not by itself add hidden nonlinear transformations. Hidden nonlinear layers are needed to model XOR-style structure.

Evidence: Evidence 1; Evidence 2; Evidence 3",af67a3928deb;e82ff579dd60;e0b2c5ed7587;13ca2923aa6d;c0889fa36e40,"Lecture3-2026.pdf, page 22, chunk af67a3928deb;Lecture3-2026.pdf, page 23, chunk e82ff579dd60;Lecture3-2026.pdf, page 25, chunk e0b2c5ed7587;Lecture3-2026.pdf, page 24, chunk 13ca2923aa6d;Lecture3-2026.pdf, page 33, chunk c0889fa36e40",ollama,qwen2.5:3b,2.481307959002152,1,700,91,draft_then_rule_guard,0.5,1.0,1,1,,auto-score; manually sanity-check before final submission
E011,false_premise,L3,"Since logistic regression uses a sigmoid, why can it solve XOR without hidden layers?",The premise is wrong. The sigmoid does not make the decision boundary nonlinear; logistic regression still has a linear decision boundary.,Lecture 3 logistic regression and Lecture 4 linear limitation,premise is wrong;linear decision boundary;XOR,yes,correct_premise,V4_full_router_retrieval_verifier,"The premise is incorrect: logistic regression has a linear decision boundary, and XOR is not linearly separable. A sigmoid maps a linear score to a probability; it does not by itself add hidden nonlinear transformations. Hidden nonlinear layers are needed to model XOR-style structure.

Evidence: Evidence 1; Evidence 2; Evidence 3",af67a3928deb;c0889fa36e40;e82ff579dd60;e0b2c5ed7587;1a54fdf8bbe5,"Lecture3-2026.pdf, page 22, chunk af67a3928deb;Lecture3-2026.pdf, page 33, chunk c0889fa36e40;Lecture3-2026.pdf, page 23, chunk e82ff579dd60;Lecture3-2026.pdf, page 25, chunk e0b2c5ed7587;Lecture 4.pdf, page 8, chunk 1a54fdf8bbe5",ollama,qwen2.5:3b,4.446322833999147,2,840,254,"route={""in_scope"": ""yes"", ""question_type"": ""false_premise"", ""lecture_topic"": ""neural_networks_and_logistic_regression"", ""search_query"": ""Lecture 3 logistic regression Since logistic regression uses a sigmoid, why can it solve XOR without hidden layers?""}",0.5,1.0,1,1,,auto-score; manually sanity-check before final submission
E011,false_premise,L3,"Since logistic regression uses a sigmoid, why can it solve XOR without hidden layers?",The premise is wrong. The sigmoid does not make the decision boundary nonlinear; logistic regression still has a linear decision boundary.,Lecture 3 logistic regression and Lecture 4 linear limitation,premise is wrong;linear decision boundary;XOR,yes,correct_premise,A1_full_without_router,"The premise is incorrect: logistic regression has a linear decision boundary, and XOR is not linearly separable. A sigmoid maps a linear score to a probability; it does not by itself add hidden nonlinear transformations. Hidden nonlinear layers are needed to model XOR-style structure.

Evidence: Evidence 1; Evidence 2; Evidence 3",af67a3928deb;c0889fa36e40;e82ff579dd60;e0b2c5ed7587;1a54fdf8bbe5,"Lecture3-2026.pdf, page 22, chunk af67a3928deb;Lecture3-2026.pdf, page 33, chunk c0889fa36e40;Lecture3-2026.pdf, page 23, chunk e82ff579dd60;Lecture3-2026.pdf, page 25, chunk e0b2c5ed7587;Lecture 4.pdf, page 8, chunk 1a54fdf8bbe5",ollama,qwen2.5:3b,2.894430749998719,1,676,149,"route={""in_scope"": ""yes"", ""question_type"": ""false_premise"", ""lecture_topic"": ""Lecture 3 logistic regression"", ""search_query"": ""Lecture 3 logistic regression Since logistic regression uses a sigmoid, why can it solve XOR without hidden layers?""}",0.5,1.0,1,1,,auto-score; manually sanity-check before final submission
E011,false_premise,L3,"Since logistic regression uses a sigmoid, why can it solve XOR without hidden layers?",The premise is wrong. The sigmoid does not make the decision boundary nonlinear; logistic regression still has a linear decision boundary.,Lecture 3 logistic regression and Lecture 4 linear limitation,premise is wrong;linear decision boundary;XOR,yes,correct_premise,A2_full_without_verifier,"Direct Answer: Logistic regression can solve XOR without hidden layers because it inherently uses a sigmoid function, which allows for non-linear decision boundaries.

Key Terms:
- Sigmoid function

Mechanism:
The logistic regression model maps input features into probability scores using the sigmoid function (y=σ(s)). This transformation enables the model to learn and represent non-linear decision boundaries necessary for XOR problems. The sigmoid function's output ranges between 0 and 1, allowing it to map any real-valued number to a probability score.

Evidence:
[Evidence 1], [Evidence 3]",af67a3928deb;c0889fa36e40;e82ff579dd60;e0b2c5ed7587;1a54fdf8bbe5,"Lecture3-2026.pdf, page 22, chunk af67a3928deb;Lecture3-2026.pdf, page 33, chunk c0889fa36e40;Lecture3-2026.pdf, page 23, chunk e82ff579dd60;Lecture3-2026.pdf, page 25, chunk e0b2c5ed7587;Lecture 4.pdf, page 8, chunk 1a54fdf8bbe5",ollama,qwen2.5:3b,4.446322833999147,2,840,254,"route={""in_scope"": ""yes"", ""question_type"": ""false_premise"", ""lecture_topic"": ""neural_networks_and_logistic_regression"", ""search_query"": ""Lecture 3 logistic regression Since logistic regression uses a sigmoid, why can it solve XOR without hidden layers?""}",0.0,1.0,1,0,,auto-score; manually sanity-check before final submission
E011,false_premise,L3,"Since logistic regression uses a sigmoid, why can it solve XOR without hidden layers?",The premise is wrong. The sigmoid does not make the decision boundary nonlinear; logistic regression still has a linear decision boundary.,Lecture 3 logistic regression and Lecture 4 linear limitation,premise is wrong;linear decision boundary;XOR,yes,correct_premise,A3_full_topk2,"The premise is incorrect: logistic regression has a linear decision boundary, and XOR is not linearly separable. A sigmoid maps a linear score to a probability; it does not by itself add hidden nonlinear transformations. Hidden nonlinear layers are needed to model XOR-style structure.

Evidence: Evidence 1; Evidence 2",af67a3928deb;c0889fa36e40,"Lecture3-2026.pdf, page 22, chunk af67a3928deb;Lecture3-2026.pdf, page 33, chunk c0889fa36e40",ollama,qwen2.5:3b,3.706958751001366,2,525,282,"route={""in_scope"": ""yes"", ""question_type"": ""false_premise"", ""lecture_topic"": ""neural_networks_and_logistic_regression"", ""search_query"": ""Lecture 3 logistic regression Since logistic regression uses a sigmoid, why can it solve XOR without hidden layers?""}",0.5,1.0,1,1,,auto-score; manually sanity-check before final submission
E011,false_premise,L3,"Since logistic regression uses a sigmoid, why can it solve XOR without hidden layers?",The premise is wrong. The sigmoid does not make the decision boundary nonlinear; logistic regression still has a linear decision boundary.,Lecture 3 logistic regression and Lecture 4 linear limitation,premise is wrong;linear decision boundary;XOR,yes,correct_premise,A4_full_without_calculation_guard,"The premise is incorrect: logistic regression has a linear decision boundary, and XOR is not linearly separable. A sigmoid maps a linear score to a probability; it does not by itself add hidden nonlinear transformations. Hidden nonlinear layers are needed to model XOR-style structure.

Evidence: Evidence 1; Evidence 2; Evidence 3",af67a3928deb;c0889fa36e40;e82ff579dd60;e0b2c5ed7587;1a54fdf8bbe5,"Lecture3-2026.pdf, page 22, chunk af67a3928deb;Lecture3-2026.pdf, page 33, chunk c0889fa36e40;Lecture3-2026.pdf, page 23, chunk e82ff579dd60;Lecture3-2026.pdf, page 25, chunk e0b2c5ed7587;Lecture 4.pdf, page 8, chunk 1a54fdf8bbe5",ollama,qwen2.5:3b,4.446322833999147,2,840,254,"route={""in_scope"": ""yes"", ""question_type"": ""false_premise"", ""lecture_topic"": ""neural_networks_and_logistic_regression"", ""search_query"": ""Lecture 3 logistic regression Since logistic regression uses a sigmoid, why can it solve XOR without hidden layers?""}",0.5,1.0,1,1,,auto-score; manually sanity-check before final submission
E012,concept,L3,What properties should a softmax output vector have?,Its components are positive probabilities and sum to 1.,Lecture 3 softmax,positive;probabilities;sum to 1,no,answer,V0_baseline_single_call,"A softmax output vector from a neural network layer should have the following properties (as per standard softmax function behavior):

- Each element of the vector is non-negative.
- The sum of all elements in the vector equals 1.

These properties ensure that the softmax function outputs a probability distribution, where each value represents the model's confidence level for the corresponding class.",,,ollama,qwen2.5:3b,1.273772958000336,1,92,100,,0.0,0.5,0,,,auto-score; manually sanity-check before final submission
E012,concept,L3,What properties should a softmax output vector have?,Its components are positive probabilities and sum to 1.,Lecture 3 softmax,positive;probabilities;sum to 1,no,answer,V1_retrieval_only,"The softmax output vector should have properties that reflect the probabilities of different classes in a classification problem. For each element in the softmax vector, it must sum up to one and represent a probability.

Key Course Terms:
- Probability

Mechanism:
- The softmax function transforms the raw scores (logits) into probabilities by exponentiating the scores and normalizing them so that they add up to 1.

Formula/Caveat:
- Softmax Function: \( \text{softmax}(z_i) = \frac{\exp(z_i)}{\sum_{j} \exp(z_j)} \)
- Where \( z_i \) are the raw scores (logits).

Evidence: 1, 2, 3, 4, 5",c8c4183b45e6;ef09b58f618f;da19337472ea;e372d7d13d54;7d71e84b47fa,"Tutorial 1-Review on Linear Algebra.pdf, page 7, chunk c8c4183b45e6;Tutorial 1-Review on Linear Algebra.pdf, page 4, chunk ef09b58f618f;Tutorial 1-Review on Linear Algebra.pdf, page 5, chunk da19337472ea;Tutorial 1-Review on Linear Algebra.pdf, page 24, chunk e372d7d13d54;Lecture 8(2).pdf, page 10, chunk 7d71e84b47fa",ollama,qwen2.5:3b,3.1941806670001824,1,553,148,,0.5,1.0,0,,,auto-score; manually sanity-check before final submission
E012,concept,L3,What properties should a softmax output vector have?,Its components are positive probabilities and sum to 1.,Lecture 3 softmax,positive;probabilities;sum to 1,no,answer,V2_router_rewrite_retrieval,"The softmax output vector should sum to 1 and all its elements must be greater than zero.

softmax function properties: P 𝑦=𝑘𝒙 = ∑% LMN O"" , 𝑘 = 1,2,3 L = - ln(P(𝑦 = 𝑡|𝑥)) Cross-entropy Loss Probabilities Probabilities must be >= 0 must sum to 1 (Evidence 1)

Evidence: [Evidence 1], [Evidence 2]",2da928b4e3a9;caee35c7fd39;7d71e84b47fa;c8c4183b45e6;ef09b58f618f,"Lecture3-2026.pdf, page 32, chunk 2da928b4e3a9;Lecture3-2026.pdf, page 72, chunk caee35c7fd39;Lecture 8(2).pdf, page 10, chunk 7d71e84b47fa;Tutorial 1-Review on Linear Algebra.pdf, page 7, chunk c8c4183b45e6;Tutorial 1-Review on Linear Algebra.pdf, page 4, chunk ef09b58f618f",ollama,qwen2.5:3b,3.869800000004034,2,951,120,"route={'in_scope': 'yes', 'question_type': 'concept', 'lecture_topic': 'softmax function and its properties', 'search_query': 'Lecture 3 softmax cross entropy What properties should a softmax output vector have?'}",0.5,1.0,1,,,auto-score; manually sanity-check before final submission
E012,concept,L3,What properties should a softmax output vector have?,Its components are positive probabilities and sum to 1.,Lecture 3 softmax,positive;probabilities;sum to 1,no,answer,V3_retrieval_verifier,"The softmax output vector should have properties that reflect the probabilities of different classes in a classification problem. For each element in the softmax vector, it must sum up to one and represent a probability.

Key Course Terms:
- Probability

Mechanism:
- The softmax function transforms the raw scores (logits) into probabilities by exponentiating the scores and normalizing them so that they add up to 1.

Formula/Caveat:
- Softmax Function: \( \text{softmax}(z_i) = \frac{\exp(z_i)}{\sum_{j} \exp(z_j)} \)
- Where \( z_i \) are the raw scores (logits).

Evidence: 1, 2, 3, 4, 5",c8c4183b45e6;ef09b58f618f;da19337472ea;e372d7d13d54;7d71e84b47fa,"Tutorial 1-Review on Linear Algebra.pdf, page 7, chunk c8c4183b45e6;Tutorial 1-Review on Linear Algebra.pdf, page 4, chunk ef09b58f618f;Tutorial 1-Review on Linear Algebra.pdf, page 5, chunk da19337472ea;Tutorial 1-Review on Linear Algebra.pdf, page 24, chunk e372d7d13d54;Lecture 8(2).pdf, page 10, chunk 7d71e84b47fa",ollama,qwen2.5:3b,6.711889332997089,2,1397,287,draft_then_verifier_rejected_overcorrection,0.5,1.0,0,,,auto-score; manually sanity-check before final submission
E012,concept,L3,What properties should a softmax output vector have?,Its components are positive probabilities and sum to 1.,Lecture 3 softmax,positive;probabilities;sum to 1,no,answer,V4_full_router_retrieval_verifier,"The softmax output vector should sum to 1 and all its elements must be greater than zero.

softmax function properties: P 𝑦=𝑘𝒙 = ∑% LMN O"" , 𝑘 = 1,2,3 L = - ln(P(𝑦 = 𝑡|𝑥)) Cross-entropy Loss Probabilities Probabilities must be >= 0 must sum to 1 (Evidence 1)

Evidence: [Evidence 1], [Evidence 2]",2da928b4e3a9;caee35c7fd39;7d71e84b47fa;c8c4183b45e6;ef09b58f618f,"Lecture3-2026.pdf, page 32, chunk 2da928b4e3a9;Lecture3-2026.pdf, page 72, chunk caee35c7fd39;Lecture 8(2).pdf, page 10, chunk 7d71e84b47fa;Tutorial 1-Review on Linear Algebra.pdf, page 7, chunk c8c4183b45e6;Tutorial 1-Review on Linear Algebra.pdf, page 4, chunk ef09b58f618f",ollama,qwen2.5:3b,6.207219667001482,3,1965,158,"route={""in_scope"": ""yes"", ""question_type"": ""concept"", ""lecture_topic"": ""softmax function and its properties"", ""search_query"": ""Lecture 3 softmax cross entropy What properties should a softmax output vector have?""}",0.5,1.0,1,,,auto-score; manually sanity-check before final submission
E012,concept,L3,What properties should a softmax output vector have?,Its components are positive probabilities and sum to 1.,Lecture 3 softmax,positive;probabilities;sum to 1,no,answer,A1_full_without_router,"The softmax output vector should sum to 1 and all its elements must be greater than zero.

softmax function properties: P 𝑦=𝑘𝒙 = ∑% LMN O"" , 𝑘 = 1,2,3 L = - ln(P(𝑦 = 𝑡|𝑥)) Cross-entropy Loss Probabilities Probabilities must be >= 0 must sum to 1 (Evidence 1)

Evidence: [Evidence 1], [Evidence 2]",2da928b4e3a9;caee35c7fd39;7d71e84b47fa;c8c4183b45e6;ef09b58f618f,"Lecture3-2026.pdf, page 32, chunk 2da928b4e3a9;Lecture3-2026.pdf, page 72, chunk caee35c7fd39;Lecture 8(2).pdf, page 10, chunk 7d71e84b47fa;Tutorial 1-Review on Linear Algebra.pdf, page 7, chunk c8c4183b45e6;Tutorial 1-Review on Linear Algebra.pdf, page 4, chunk ef09b58f618f",ollama,qwen2.5:3b,5.228115584002808,2,1808,112,"route={""in_scope"": ""yes"", ""question_type"": ""concept"", ""lecture_topic"": ""Lecture 3 softmax cross entropy"", ""search_query"": ""Lecture 3 softmax cross entropy What properties should a softmax output vector have?""}",0.5,1.0,1,,,auto-score; manually sanity-check before final submission
E012,concept,L3,What properties should a softmax output vector have?,Its components are positive probabilities and sum to 1.,Lecture 3 softmax,positive;probabilities;sum to 1,no,answer,A2_full_without_verifier,"The softmax output vector should sum to 1 and all its elements must be greater than zero.

softmax function properties: P 𝑦=𝑘𝒙 = ∑% LMN O"" , 𝑘 = 1,2,3 L = - ln(P(𝑦 = 𝑡|𝑥)) Cross-entropy Loss Probabilities Probabilities must be >= 0 must sum to 1 (Evidence 1)

Evidence: [Evidence 1], [Evidence 2]",2da928b4e3a9;caee35c7fd39;7d71e84b47fa;c8c4183b45e6;ef09b58f618f,"Lecture3-2026.pdf, page 32, chunk 2da928b4e3a9;Lecture3-2026.pdf, page 72, chunk caee35c7fd39;Lecture 8(2).pdf, page 10, chunk 7d71e84b47fa;Tutorial 1-Review on Linear Algebra.pdf, page 7, chunk c8c4183b45e6;Tutorial 1-Review on Linear Algebra.pdf, page 4, chunk ef09b58f618f",ollama,qwen2.5:3b,3.869800000004034,2,951,120,"route={""in_scope"": ""yes"", ""question_type"": ""concept"", ""lecture_topic"": ""softmax function and its properties"", ""search_query"": ""Lecture 3 softmax cross entropy What properties should a softmax output vector have?""}",0.5,1.0,1,,,auto-score; manually sanity-check before final submission
E012,concept,L3,What properties should a softmax output vector have?,Its components are positive probabilities and sum to 1.,Lecture 3 softmax,positive;probabilities;sum to 1,no,answer,A3_full_topk2,"The softmax output vector should have properties where each element is greater than or equal to 0 and their sum equals 1.

Key Course Terms: Softmax Classifier, Multiclass Logistic Regression, Cross-Entropy Loss, Probabilities

Explanation:
From Evidence [Evidence 2], question Q3 states that after applying the softmax function to logits [3.2, 5.1, -1.7], the property that holds true is ""The outputs sum to 1 and are all > 0"". This directly supports the assertion that each element in a softmax output vector must be non-negative (greater than or equal to zero) and their total sum should be one.

Formula/Caveat:
softmax function: P(y=k|x) = exp(s_k) / Σ(exp(s_j)) where s_k are logits for class k. This ensures all probabilities are positive and the sum of all probabilities equals 1.",2da928b4e3a9;caee35c7fd39,"Lecture3-2026.pdf, page 32, chunk 2da928b4e3a9;Lecture3-2026.pdf, page 72, chunk caee35c7fd39",ollama,qwen2.5:3b,8.987955166001484,3,1638,423,"route={""in_scope"": ""yes"", ""question_type"": ""concept"", ""lecture_topic"": ""softmax function and its properties"", ""search_query"": ""Lecture 3 softmax cross entropy What properties should a softmax output vector have?""}",1.0,1.0,1,,,auto-score; manually sanity-check before final submission
E012,concept,L3,What properties should a softmax output vector have?,Its components are positive probabilities and sum to 1.,Lecture 3 softmax,positive;probabilities;sum to 1,no,answer,A4_full_without_calculation_guard,"The softmax output vector should sum to 1 and all its elements must be greater than zero.

softmax function properties: P 𝑦=𝑘𝒙 = ∑% LMN O"" , 𝑘 = 1,2,3 L = - ln(P(𝑦 = 𝑡|𝑥)) Cross-entropy Loss Probabilities Probabilities must be >= 0 must sum to 1 (Evidence 1)

Evidence: [Evidence 1], [Evidence 2]",2da928b4e3a9;caee35c7fd39;7d71e84b47fa;c8c4183b45e6;ef09b58f618f,"Lecture3-2026.pdf, page 32, chunk 2da928b4e3a9;Lecture3-2026.pdf, page 72, chunk caee35c7fd39;Lecture 8(2).pdf, page 10, chunk 7d71e84b47fa;Tutorial 1-Review on Linear Algebra.pdf, page 7, chunk c8c4183b45e6;Tutorial 1-Review on Linear Algebra.pdf, page 4, chunk ef09b58f618f",ollama,qwen2.5:3b,6.207219667001482,3,1965,158,"route={""in_scope"": ""yes"", ""question_type"": ""concept"", ""lecture_topic"": ""softmax function and its properties"", ""search_query"": ""Lecture 3 softmax cross entropy What properties should a softmax output vector have?""}",0.5,1.0,1,,,auto-score; manually sanity-check before final submission
E013,concept,L3,What is cross entropy used for in a softmax classifier?,It measures the loss between the predicted class probability distribution and the one-hot target distribution.,Lecture 3 softmax cross entropy,loss;predicted probability;one-hot target,no,answer,V0_baseline_single_call,"Cross entropy is used to measure the performance of a classification model whose output is a probability value between 0 and 1. In the context of a softmax classifier, it quantifies the difference between the predicted probability distribution and the true distribution. This metric is crucial because minimizing cross-entropy loss encourages the model to predict probabilities that closely match the actual labels, thereby improving its accuracy in classification tasks.",,,ollama,qwen2.5:3b,1.367559958001948,1,93,117,,0.5,0.5,0,,,auto-score; manually sanity-check before final submission
E013,concept,L3,What is cross entropy used for in a softmax classifier?,It measures the loss between the predicted class probability distribution and the one-hot target distribution.,Lecture 3 softmax cross entropy,loss;predicted probability;one-hot target,no,answer,V1_retrieval_only,"Cross entropy is used in a softmax classifier for minimizing the difference between estimated class probabilities and the true distribution, ensuring that these probabilities sum to one and are all non-negative.

Evidence:
[Evidence 1]",2da928b4e3a9;caee35c7fd39;ad44037916a2;79faecc248d3;8c7e0c24e59d,"Lecture3-2026.pdf, page 32, chunk 2da928b4e3a9;Lecture3-2026.pdf, page 72, chunk caee35c7fd39;Lecture3-2026.pdf, page 5, chunk ad44037916a2;Lecture3-2026.pdf, page 20, chunk 79faecc248d3;Lecture3-2026.pdf, page 35, chunk 8c7e0c24e59d",ollama,qwen2.5:3b,2.0453762090037344,1,750,58,,0.0,1.0,1,,,auto-score; manually sanity-check before final submission
E013,concept,L3,What is cross entropy used for in a softmax classifier?,It measures the loss between the predicted class probability distribution and the one-hot target distribution.,Lecture 3 softmax cross entropy,loss;predicted probability;one-hot target,no,answer,V2_router_rewrite_retrieval,"Cross entropy is used in a softmax classifier to measure the performance of a classification model whose output are classes probabilities.

softmax classifier minimizes the cross-entropy between the estimated class probabilities and the “true” distribution

Evidence: [Evidence 1]",2da928b4e3a9;caee35c7fd39;e0b2c5ed7587;13ca2923aa6d;ad44037916a2,"Lecture3-2026.pdf, page 32, chunk 2da928b4e3a9;Lecture3-2026.pdf, page 72, chunk caee35c7fd39;Lecture3-2026.pdf, page 25, chunk e0b2c5ed7587;Lecture3-2026.pdf, page 24, chunk 13ca2923aa6d;Lecture3-2026.pdf, page 5, chunk ad44037916a2",ollama,qwen2.5:3b,3.0712609170041105,2,1029,115,"route={'in_scope': 'yes', 'question_type': 'concept', 'lecture_topic': 'softmax classification and loss functions', 'search_query': 'Lecture 3 softmax cross entropy What is cross entropy used for in a softmax classifier?'}",0.0,1.0,1,,,auto-score; manually sanity-check before final submission
E013,concept,L3,What is cross entropy used for in a softmax classifier?,It measures the loss between the predicted class probability distribution and the one-hot target distribution.,Lecture 3 softmax cross entropy,loss;predicted probability;one-hot target,no,answer,V3_retrieval_verifier,"Cross entropy is used in a softmax classifier for minimizing the difference between estimated class probabilities and the true distribution, ensuring that these probabilities sum to one and are all non-negative.

Evidence:
[Evidence 1]",2da928b4e3a9;caee35c7fd39;ad44037916a2;79faecc248d3;8c7e0c24e59d,"Lecture3-2026.pdf, page 32, chunk 2da928b4e3a9;Lecture3-2026.pdf, page 72, chunk caee35c7fd39;Lecture3-2026.pdf, page 5, chunk ad44037916a2;Lecture3-2026.pdf, page 20, chunk 79faecc248d3;Lecture3-2026.pdf, page 35, chunk 8c7e0c24e59d",ollama,qwen2.5:3b,4.479340792000585,2,1704,123,draft_then_verifier_rejected_overcorrection,0.0,1.0,1,,,auto-score; manually sanity-check before final submission
E013,concept,L3,What is cross entropy used for in a softmax classifier?,It measures the loss between the predicted class probability distribution and the one-hot target distribution.,Lecture 3 softmax cross entropy,loss;predicted probability;one-hot target,no,answer,V4_full_router_retrieval_verifier,"Cross entropy is used in a softmax classifier to measure the performance of a classification model whose output are classes probabilities.

softmax classifier minimizes the cross-entropy between the estimated class probabilities and the “true” distribution

Evidence: [Evidence 1]",2da928b4e3a9;caee35c7fd39;e0b2c5ed7587;13ca2923aa6d;ad44037916a2,"Lecture3-2026.pdf, page 32, chunk 2da928b4e3a9;Lecture3-2026.pdf, page 72, chunk caee35c7fd39;Lecture3-2026.pdf, page 25, chunk e0b2c5ed7587;Lecture3-2026.pdf, page 24, chunk 13ca2923aa6d;Lecture3-2026.pdf, page 5, chunk ad44037916a2",ollama,qwen2.5:3b,5.523454416997993,3,2118,162,"route={""in_scope"": ""yes"", ""question_type"": ""concept"", ""lecture_topic"": ""softmax classification and loss functions"", ""search_query"": ""Lecture 3 softmax cross entropy What is cross entropy used for in a softmax classifier?""}",0.0,1.0,1,,,auto-score; manually sanity-check before final submission
E013,concept,L3,What is cross entropy used for in a softmax classifier?,It measures the loss between the predicted class probability distribution and the one-hot target distribution.,Lecture 3 softmax cross entropy,loss;predicted probability;one-hot target,no,answer,A1_full_without_router,"Cross entropy is used in a softmax classifier to measure the performance of a classification model whose output are classes probabilities.

softmax classifier minimizes the cross-entropy between the estimated class probabilities and the “true” distribution

Evidence: [Evidence 1]",2da928b4e3a9;caee35c7fd39;e0b2c5ed7587;13ca2923aa6d;ad44037916a2,"Lecture3-2026.pdf, page 32, chunk 2da928b4e3a9;Lecture3-2026.pdf, page 72, chunk caee35c7fd39;Lecture3-2026.pdf, page 25, chunk e0b2c5ed7587;Lecture3-2026.pdf, page 24, chunk 13ca2923aa6d;Lecture3-2026.pdf, page 5, chunk ad44037916a2",ollama,qwen2.5:3b,4.637849751008616,2,1959,117,"route={""in_scope"": ""yes"", ""question_type"": ""concept"", ""lecture_topic"": ""Lecture 3 softmax cross entropy"", ""search_query"": ""Lecture 3 softmax cross entropy What is cross entropy used for in a softmax classifier?""}",0.0,1.0,1,,,auto-score; manually sanity-check before final submission
E013,concept,L3,What is cross entropy used for in a softmax classifier?,It measures the loss between the predicted class probability distribution and the one-hot target distribution.,Lecture 3 softmax cross entropy,loss;predicted probability;one-hot target,no,answer,A2_full_without_verifier,"Cross entropy is used in a softmax classifier to measure the performance of a classification model whose output are classes probabilities.

softmax classifier minimizes the cross-entropy between the estimated class probabilities and the “true” distribution

Evidence: [Evidence 1]",2da928b4e3a9;caee35c7fd39;e0b2c5ed7587;13ca2923aa6d;ad44037916a2,"Lecture3-2026.pdf, page 32, chunk 2da928b4e3a9;Lecture3-2026.pdf, page 72, chunk caee35c7fd39;Lecture3-2026.pdf, page 25, chunk e0b2c5ed7587;Lecture3-2026.pdf, page 24, chunk 13ca2923aa6d;Lecture3-2026.pdf, page 5, chunk ad44037916a2",ollama,qwen2.5:3b,3.0712609170041105,2,1029,115,"route={""in_scope"": ""yes"", ""question_type"": ""concept"", ""lecture_topic"": ""softmax classification and loss functions"", ""search_query"": ""Lecture 3 softmax cross entropy What is cross entropy used for in a softmax classifier?""}",0.0,1.0,1,,,auto-score; manually sanity-check before final submission
E013,concept,L3,What is cross entropy used for in a softmax classifier?,It measures the loss between the predicted class probability distribution and the one-hot target distribution.,Lecture 3 softmax cross entropy,loss;predicted probability;one-hot target,no,answer,A3_full_topk2,"Cross entropy is used in a softmax classifier for minimizing the difference between estimated class probabilities and the ""true"" distribution.

Key Course Terms:
- Softmax Classifier (Multiclass Logistic Regression)
- Cross-entropy Loss

Explanation:
The passage states that the Softmax classifier minimizes the cross-entropy between the estimated class probabilities and the “true” distribution. This is a fundamental use of cross entropy in machine learning, particularly within softmax classifiers.

Evidence: [Evidence 1], [Evidence 2]",2da928b4e3a9;caee35c7fd39,"Lecture3-2026.pdf, page 32, chunk 2da928b4e3a9;Lecture3-2026.pdf, page 72, chunk caee35c7fd39",ollama,qwen2.5:3b,5.708793207999406,3,1581,244,"route={""in_scope"": ""yes"", ""question_type"": ""concept"", ""lecture_topic"": ""softmax classification and loss functions"", ""search_query"": ""Lecture 3 softmax cross entropy What is cross entropy used for in a softmax classifier?""}",0.0,1.0,1,,,auto-score; manually sanity-check before final submission
E013,concept,L3,What is cross entropy used for in a softmax classifier?,It measures the loss between the predicted class probability distribution and the one-hot target distribution.,Lecture 3 softmax cross entropy,loss;predicted probability;one-hot target,no,answer,A4_full_without_calculation_guard,"Cross entropy is used in a softmax classifier to measure the performance of a classification model whose output are classes probabilities.

softmax classifier minimizes the cross-entropy between the estimated class probabilities and the “true” distribution

Evidence: [Evidence 1]",2da928b4e3a9;caee35c7fd39;e0b2c5ed7587;13ca2923aa6d;ad44037916a2,"Lecture3-2026.pdf, page 32, chunk 2da928b4e3a9;Lecture3-2026.pdf, page 72, chunk caee35c7fd39;Lecture3-2026.pdf, page 25, chunk e0b2c5ed7587;Lecture3-2026.pdf, page 24, chunk 13ca2923aa6d;Lecture3-2026.pdf, page 5, chunk ad44037916a2",ollama,qwen2.5:3b,5.523454416997993,3,2118,162,"route={""in_scope"": ""yes"", ""question_type"": ""concept"", ""lecture_topic"": ""softmax classification and loss functions"", ""search_query"": ""Lecture 3 softmax cross entropy What is cross entropy used for in a softmax classifier?""}",0.0,1.0,1,,,auto-score; manually sanity-check before final submission
E014,comparison,L3,How do L1 and L2 regularization differ in their effect on weights?,"L1 tends to encourage sparse weights, while L2 shrinks weights but usually does not make them exactly zero.",Lecture 3 L1 L2 regularization,L1;sparse;L2;shrink,no,answer,V0_baseline_single_call,"L1 and L2 regularization both influence the magnitude of model parameters (weights) but through different mechanisms.

- **L2 Regularization** (also known as Ridge Regression): This method adds a penalty equivalent to square of the magnitude of coefficients. The objective function for an L2 regularized model is minimized by balancing the loss function with the sum of squares of weights, encouraging smaller weights while allowing them to remain non-zero. Hence, L2 regularization can help in reducing overfitting but does not drive any weight to exactly zero.

- **L1 Regularization** (also known as Lasso Regression): This method adds a penalty equivalent to the absolute value of the magnitude of coefficients. The objective function for an L1 regularized model is minimized by balancing the loss function with the sum of absolute values of weights, which can drive some weights exactly to zero. Therefore, in addition to reducing overfitting and shrinking weights towards zero, L1 regularization has the capability of performing feature selection by setting certain coefficients to zero.

In summary, while both methods aim to reduce model complexity (and potentially prevent overfitting), they do so differently: L2 shrinks weights but does not set them to zero, whereas L1 can drive some weights to exactly zero.",,,ollama,qwen2.5:3b,4.045858416000556,1,95,330,,1.0,0.5,0,,,auto-score; manually sanity-check before final submission
E014,comparison,L3,How do L1 and L2 regularization differ in their effect on weights?,"L1 tends to encourage sparse weights, while L2 shrinks weights but usually does not make them exactly zero.",Lecture 3 L1 L2 regularization,L1;sparse;L2;shrink,no,answer,V1_retrieval_only,"Direct Answer: L1 regularization tends to produce sparse models with some non-zero weights, while L2 regularization results in smaller but non-zero weights for all features.

Key Course Terms:
- Regularization
- Sparsity
- Weight decay

Explanation:
L1 regularization encourages sparsity by penalizing the absolute value of the weights. This means that it can set some weight values to exactly zero, effectively removing those features from the model. In contrast, L2 regularization tends to keep all weights small but non-zero, as it penalizes large weights more heavily than smaller ones.

Formula:
For a given weight vector 𝜃, the L1 penalty is represented by |𝜃!| + |𝜃""|. The L2 penalty is represented by 𝜃!"" + 𝜃"". When minimizing both data loss and regularization terms together, the minimizer of the combined objective will be influenced by which type of regularization is applied. In cases where L1 is used, some weights may approach zero (sparse solution), whereas with L2, all weights remain small but non-zero.

Evidence: [Evidence 1], [Evidence 5]",2c661181b333;1beef16d6d51;f48c16f8f7ba;e77ac5127f88;c2bd08203c6c,"Lecture3-2026.pdf, page 18, chunk 2c661181b333;Lecture3-2026.pdf, page 15, chunk 1beef16d6d51;Lecture 6(2).pdf, page 65, chunk f48c16f8f7ba;Lecture3-2026.pdf, page 16, chunk e77ac5127f88;Lecture3-2026.pdf, page 17, chunk c2bd08203c6c",ollama,qwen2.5:3b,5.008398250000028,1,732,264,,1.0,1.0,1,,,auto-score; manually sanity-check before final submission
E014,comparison,L3,How do L1 and L2 regularization differ in their effect on weights?,"L1 tends to encourage sparse weights, while L2 shrinks weights but usually does not make them exactly zero.",Lecture 3 L1 L2 regularization,L1;sparse;L2;shrink,no,answer,V2_router_rewrite_retrieval,"Direct Answer: L1 regularization tends to produce sparse models with some non-zero weights, while L2 regularization results in smaller but non-zero weights for all features.

Key Course Terms:
- Regularization
- Sparsity
- Weight decay

Explanation:
L1 regularization encourages sparsity by penalizing the absolute value of the weights. This means that it can set some weight values to exactly zero, effectively removing those features from the model. In contrast, L2 regularization tends to keep all weights small but non-zero, as it penalizes large weights more heavily than smaller ones.

Formula:
For a given weight vector 𝜃, the combined objective function for minimizing both data loss and regularization is represented by:
- For L1 regularization: 𝑅(𝑤) = |𝜃! | + |𝜃"" |
- For L2 regularization: 𝐿(𝑤) = 𝜃!"" + 𝜃""

Evidence: [Evidence 1], [Evidence 5]",2c661181b333;1beef16d6d51;f48c16f8f7ba;e77ac5127f88;c2bd08203c6c,"Lecture3-2026.pdf, page 18, chunk 2c661181b333;Lecture3-2026.pdf, page 15, chunk 1beef16d6d51;Lecture 6(2).pdf, page 65, chunk f48c16f8f7ba;Lecture3-2026.pdf, page 16, chunk e77ac5127f88;Lecture3-2026.pdf, page 17, chunk c2bd08203c6c",ollama,qwen2.5:3b,5.2882505409979785,2,891,254,"route={'in_scope': 'yes', 'question_type': 'comparison', 'lecture_topic': 'regularization_methods', 'search_query': 'COMP5541 Lectures 2-9 How do L1 and L2 regularization differ in their effect on weights?'}",1.0,1.0,1,,,auto-score; manually sanity-check before final submission
E014,comparison,L3,How do L1 and L2 regularization differ in their effect on weights?,"L1 tends to encourage sparse weights, while L2 shrinks weights but usually does not make them exactly zero.",Lecture 3 L1 L2 regularization,L1;sparse;L2;shrink,no,answer,V3_retrieval_verifier,"Direct Answer: L1 regularization tends to produce sparse models with some non-zero weights, while L2 regularization results in smaller but non-zero weights for all features.

Key Course Terms:
- Regularization
- Sparsity
- Weight decay

Explanation:
L1 regularization encourages sparsity by penalizing the absolute value of the weights. This means that it can set some weight values to exactly zero, effectively removing those features from the model. In contrast, L2 regularization tends to keep all weights small but non-zero, as it penalizes large weights more heavily than smaller ones.

Formula:
For a given weight vector 𝜃, the L1 penalty is represented by |𝜃!| + |𝜃""|. The L2 penalty is represented by 𝜃!"" + 𝜃"". When minimizing both data loss and regularization terms together, the minimizer of the combined objective will be influenced by which type of regularization is applied. In cases where L1 is used, some weights may approach zero (sparse solution), whereas with L2, all weights remain small but non-zero.

Evidence: [Evidence 1], [Evidence 5]",2c661181b333;1beef16d6d51;f48c16f8f7ba;e77ac5127f88;c2bd08203c6c,"Lecture3-2026.pdf, page 18, chunk 2c661181b333;Lecture3-2026.pdf, page 15, chunk 1beef16d6d51;Lecture 6(2).pdf, page 65, chunk f48c16f8f7ba;Lecture3-2026.pdf, page 16, chunk e77ac5127f88;Lecture3-2026.pdf, page 17, chunk c2bd08203c6c",ollama,qwen2.5:3b,10.632091874998878,2,1871,527,draft_then_verifier_rejected_overcorrection,1.0,1.0,1,,,auto-score; manually sanity-check before final submission
E014,comparison,L3,How do L1 and L2 regularization differ in their effect on weights?,"L1 tends to encourage sparse weights, while L2 shrinks weights but usually does not make them exactly zero.",Lecture 3 L1 L2 regularization,L1;sparse;L2;shrink,no,answer,V4_full_router_retrieval_verifier,"Direct Answer: L1 regularization tends to produce sparse models with some non-zero weights, while L2 regularization results in smaller but non-zero weights for all features.

Key Course Terms:
- Regularization
- Sparsity
- Weight decay

Explanation:
L1 regularization encourages sparsity by penalizing the absolute value of the weights. This means that it can set some weight values to exactly zero, effectively removing those features from the model. In contrast, L2 regularization tends to keep all weights small but non-zero, as it penalizes large weights more heavily than smaller ones.

Formula:
For a given weight vector 𝜃, the combined objective function for minimizing both data loss and regularization is represented by:
- For L1 regularization: 𝑅(𝑤) = |𝜃! | + |𝜃"" |
- For L2 regularization: 𝐿(𝑤) = 𝜃!"" + 𝜃""

Evidence: [Evidence 1], [Evidence 5]",2c661181b333;1beef16d6d51;f48c16f8f7ba;e77ac5127f88;c2bd08203c6c,"Lecture3-2026.pdf, page 18, chunk 2c661181b333;Lecture3-2026.pdf, page 15, chunk 1beef16d6d51;Lecture 6(2).pdf, page 65, chunk f48c16f8f7ba;Lecture3-2026.pdf, page 16, chunk e77ac5127f88;Lecture3-2026.pdf, page 17, chunk c2bd08203c6c",ollama,qwen2.5:3b,10.26393799899597,3,1980,466,"route={""in_scope"": ""yes"", ""question_type"": ""comparison"", ""lecture_topic"": ""regularization_methods"", ""search_query"": ""COMP5541 Lectures 2-9 How do L1 and L2 regularization differ in their effect on weights?""}",1.0,1.0,1,,,auto-score; manually sanity-check before final submission
E014,comparison,L3,How do L1 and L2 regularization differ in their effect on weights?,"L1 tends to encourage sparse weights, while L2 shrinks weights but usually does not make them exactly zero.",Lecture 3 L1 L2 regularization,L1;sparse;L2;shrink,no,answer,A1_full_without_router,"Direct Answer: L1 regularization tends to produce sparse models with some non-zero weights, while L2 regularization results in smaller but non-zero weights for all features.

Key Course Terms:
- Regularization
- Sparsity
- Weight decay

Explanation:
L1 regularization encourages sparsity by penalizing the absolute value of the weights. This means that it can set some weight values to exactly zero, effectively removing those features from the model. In contrast, L2 regularization tends to keep all weights small but non-zero, as it penalizes large weights more heavily than smaller ones.

Formula:
For a given weight vector 𝜃, the combined objective function for minimizing both data loss and regularization is represented by:
- For L1 regularization: 𝑅(𝑤) = |𝜃! | + |𝜃"" |
- For L2 regularization: 𝐿(𝑤) = 𝜃!"" + 𝜃""

Evidence: [Evidence 1], [Evidence 5]",2c661181b333;1beef16d6d51;f48c16f8f7ba;e77ac5127f88;c2bd08203c6c,"Lecture3-2026.pdf, page 18, chunk 2c661181b333;Lecture3-2026.pdf, page 15, chunk 1beef16d6d51;Lecture 6(2).pdf, page 65, chunk f48c16f8f7ba;Lecture3-2026.pdf, page 16, chunk e77ac5127f88;Lecture3-2026.pdf, page 17, chunk c2bd08203c6c",ollama,qwen2.5:3b,9.18005358299706,2,1820,425,"route={""in_scope"": ""yes"", ""question_type"": ""concept"", ""lecture_topic"": ""COMP5541 Lectures 2-9"", ""search_query"": ""COMP5541 Lectures 2-9 How do L1 and L2 regularization differ in their effect on weights?""}",1.0,1.0,1,,,auto-score; manually sanity-check before final submission
E014,comparison,L3,How do L1 and L2 regularization differ in their effect on weights?,"L1 tends to encourage sparse weights, while L2 shrinks weights but usually does not make them exactly zero.",Lecture 3 L1 L2 regularization,L1;sparse;L2;shrink,no,answer,A2_full_without_verifier,"Direct Answer: L1 regularization tends to produce sparse models with some non-zero weights, while L2 regularization results in smaller but non-zero weights for all features.

Key Course Terms:
- Regularization
- Sparsity
- Weight decay

Explanation:
L1 regularization encourages sparsity by penalizing the absolute value of the weights. This means that it can set some weight values to exactly zero, effectively removing those features from the model. In contrast, L2 regularization tends to keep all weights small but non-zero, as it penalizes large weights more heavily than smaller ones.

Formula:
For a given weight vector 𝜃, the combined objective function for minimizing both data loss and regularization is represented by:
- For L1 regularization: 𝑅(𝑤) = |𝜃! | + |𝜃"" |
- For L2 regularization: 𝐿(𝑤) = 𝜃!"" + 𝜃""

Evidence: [Evidence 1], [Evidence 5]",2c661181b333;1beef16d6d51;f48c16f8f7ba;e77ac5127f88;c2bd08203c6c,"Lecture3-2026.pdf, page 18, chunk 2c661181b333;Lecture3-2026.pdf, page 15, chunk 1beef16d6d51;Lecture 6(2).pdf, page 65, chunk f48c16f8f7ba;Lecture3-2026.pdf, page 16, chunk e77ac5127f88;Lecture3-2026.pdf, page 17, chunk c2bd08203c6c",ollama,qwen2.5:3b,5.2882505409979785,2,891,254,"route={""in_scope"": ""yes"", ""question_type"": ""comparison"", ""lecture_topic"": ""regularization_methods"", ""search_query"": ""COMP5541 Lectures 2-9 How do L1 and L2 regularization differ in their effect on weights?""}",1.0,1.0,1,,,auto-score; manually sanity-check before final submission
E014,comparison,L3,How do L1 and L2 regularization differ in their effect on weights?,"L1 tends to encourage sparse weights, while L2 shrinks weights but usually does not make them exactly zero.",Lecture 3 L1 L2 regularization,L1;sparse;L2;shrink,no,answer,A3_full_topk2,"Direct Answer: L1 regularization tends to produce sparse models by setting some weights to zero, while L2 regularization keeps all coefficients small but non-zero.

Key Course Terms:
- Regularization
- Sparse Models

Explanation:
The provided evidence discusses the effects of L1 and L2 regularization on model weights. Evidence 1 explains that L2 regularization results in smaller but non-zero weights for all features, whereas L1 regularization can set some feature weights to exactly zero, leading to a sparse model where only important features have non-zero coefficients.

Evidence: [Evidence 1], [Evidence 2]",2c661181b333;1beef16d6d51,"Lecture3-2026.pdf, page 18, chunk 2c661181b333;Lecture3-2026.pdf, page 15, chunk 1beef16d6d51",ollama,qwen2.5:3b,5.817054998999083,3,1312,274,"route={""in_scope"": ""yes"", ""question_type"": ""comparison"", ""lecture_topic"": ""regularization_methods"", ""search_query"": ""COMP5541 Lectures 2-9 How do L1 and L2 regularization differ in their effect on weights?""}",1.0,1.0,1,,,auto-score; manually sanity-check before final submission
E014,comparison,L3,How do L1 and L2 regularization differ in their effect on weights?,"L1 tends to encourage sparse weights, while L2 shrinks weights but usually does not make them exactly zero.",Lecture 3 L1 L2 regularization,L1;sparse;L2;shrink,no,answer,A4_full_without_calculation_guard,"Direct Answer: L1 regularization tends to produce sparse models with some non-zero weights, while L2 regularization results in smaller but non-zero weights for all features.

Key Course Terms:
- Regularization
- Sparsity
- Weight decay

Explanation:
L1 regularization encourages sparsity by penalizing the absolute value of the weights. This means that it can set some weight values to exactly zero, effectively removing those features from the model. In contrast, L2 regularization tends to keep all weights small but non-zero, as it penalizes large weights more heavily than smaller ones.

Formula:
For a given weight vector 𝜃, the combined objective function for minimizing both data loss and regularization is represented by:
- For L1 regularization: 𝑅(𝑤) = |𝜃! | + |𝜃"" |
- For L2 regularization: 𝐿(𝑤) = 𝜃!"" + 𝜃""

Evidence: [Evidence 1], [Evidence 5]",2c661181b333;1beef16d6d51;f48c16f8f7ba;e77ac5127f88;c2bd08203c6c,"Lecture3-2026.pdf, page 18, chunk 2c661181b333;Lecture3-2026.pdf, page 15, chunk 1beef16d6d51;Lecture 6(2).pdf, page 65, chunk f48c16f8f7ba;Lecture3-2026.pdf, page 16, chunk e77ac5127f88;Lecture3-2026.pdf, page 17, chunk c2bd08203c6c",ollama,qwen2.5:3b,10.26393799899597,3,1980,466,"route={""in_scope"": ""yes"", ""question_type"": ""comparison"", ""lecture_topic"": ""regularization_methods"", ""search_query"": ""COMP5541 Lectures 2-9 How do L1 and L2 regularization differ in their effect on weights?""}",1.0,1.0,1,,,auto-score; manually sanity-check before final submission
E015,concept,L3,Why can a minibatch gradient be noisy?,"It is estimated from a subset of training examples, so it has higher variance than the full-batch gradient.",Lecture 3 SGD minibatch,subset;higher variance;full batch,no,answer,V0_baseline_single_call,Not enough information in the provided course materials.,,,ollama,qwen2.5:3b,0.3139064169990888,1,88,14,,0.0,1.0,0,,,auto-score; manually sanity-check before final submission
E015,concept,L3,Why can a minibatch gradient be noisy?,"It is estimated from a subset of training examples, so it has higher variance than the full-batch gradient.",Lecture 3 SGD minibatch,subset;higher variance;full batch,no,answer,V1_retrieval_only,"Why can a minibatch gradient be noisy?

Direct Answer: A minibatch gradient in Stochastic Gradient Descent (SGD) can be noisy due to the approximation of full gradients using a smaller subset, or minibatch, of examples. This approximation introduces variability into the gradient estimate.

Key Course Terms:
- Stochastic Gradient Descent (SGD)
- Minibatch
- Noisy gradient

Explanation: The noise in the minibatch gradient arises from the fact that we are not computing the full dataset's gradient but rather an estimate based on a smaller subset. This approximation can lead to fluctuations in the direction and magnitude of the gradient, making it less stable than the exact full batch gradient.

Evidence:
[Evidence 1]
[Evidence 2]
[Evidence 3]
[Evidence 4]
[Evidence 5]",730e00f2152e;fed080afe9dd;38de65250d9e;b3daeea000b0;d89954f08eec,"Lecture 4.pdf, page 6, chunk 730e00f2152e;Lecture 4.pdf, page 5, chunk fed080afe9dd;Lecture3-2026.pdf, page 49, chunk 38de65250d9e;Lecture3-2026.pdf, page 51, chunk b3daeea000b0;Lecture3-2026.pdf, page 50, chunk d89954f08eec",ollama,qwen2.5:3b,3.7910875829984434,1,550,193,,0.5,1.0,1,,,auto-score; manually sanity-check before final submission
E015,concept,L3,Why can a minibatch gradient be noisy?,"It is estimated from a subset of training examples, so it has higher variance than the full-batch gradient.",Lecture 3 SGD minibatch,subset;higher variance;full batch,no,answer,V2_router_rewrite_retrieval,"Why can a minibatch gradient be noisy?

Direct Answer: A minibatch gradient in Stochastic Gradient Descent (SGD) can be noisy due to the approximation of full gradients using a smaller subset, or minibatch, of examples. This approximation introduces variability into the gradient estimate.

Key Course Terms:
- Stochastic Gradient Descent (SGD)
- Minibatch
- Noisy gradient

Explanation: The noise in the minibatch gradient arises from the fact that we are not computing the full dataset's gradient but rather an estimate based on a smaller subset. This approximation can lead to fluctuations in the direction and magnitude of the gradient, making it less stable than the exact full batch gradient.

Evidence:
[Evidence 1]
[Evidence 2]
[Evidence 3]
[Evidence 4]
[Evidence 5]",730e00f2152e;fed080afe9dd;38de65250d9e;b3daeea000b0;d89954f08eec,"Lecture 4.pdf, page 6, chunk 730e00f2152e;Lecture 4.pdf, page 5, chunk fed080afe9dd;Lecture3-2026.pdf, page 49, chunk 38de65250d9e;Lecture3-2026.pdf, page 51, chunk b3daeea000b0;Lecture3-2026.pdf, page 50, chunk d89954f08eec",ollama,qwen2.5:3b,4.616713125004026,2,702,234,"route={'in_scope': 'yes', 'question_type': 'concept', 'lecture_topic': 'Mini-batch Gradient Descent and its Variants', 'search_query': 'COMP5541 Lectures 2-9 Why can a minibatch gradient be noisy?'}",0.5,1.0,1,,,auto-score; manually sanity-check before final submission
E015,concept,L3,Why can a minibatch gradient be noisy?,"It is estimated from a subset of training examples, so it has higher variance than the full-batch gradient.",Lecture 3 SGD minibatch,subset;higher variance;full batch,no,answer,V3_retrieval_verifier,"Why can a minibatch gradient be noisy?

Direct Answer: A minibatch gradient in Stochastic Gradient Descent (SGD) can be noisy due to the approximation of full gradients using a smaller subset, or minibatch, of examples. This approximation introduces variability into the gradient estimate.

Key Course Terms:
- Stochastic Gradient Descent (SGD)
- Minibatch
- Noisy gradient

Explanation: The noise in the minibatch gradient arises from the fact that we are not computing the full dataset's gradient but rather an estimate based on a smaller subset. This approximation can lead to fluctuations in the direction and magnitude of the gradient, making it less stable than the exact full batch gradient.

Evidence:
[Evidence 1]
[Evidence 2]
[Evidence 3]
[Evidence 4]
[Evidence 5]",730e00f2152e;fed080afe9dd;38de65250d9e;b3daeea000b0;d89954f08eec,"Lecture 4.pdf, page 6, chunk 730e00f2152e;Lecture 4.pdf, page 5, chunk fed080afe9dd;Lecture3-2026.pdf, page 49, chunk 38de65250d9e;Lecture3-2026.pdf, page 51, chunk b3daeea000b0;Lecture3-2026.pdf, page 50, chunk d89954f08eec",ollama,qwen2.5:3b,7.990330125001492,2,1429,379,draft_then_verifier_rejected_overcorrection,0.5,1.0,1,,,auto-score; manually sanity-check before final submission
E015,concept,L3,Why can a minibatch gradient be noisy?,"It is estimated from a subset of training examples, so it has higher variance than the full-batch gradient.",Lecture 3 SGD minibatch,subset;higher variance;full batch,no,answer,V4_full_router_retrieval_verifier,"Why can a minibatch gradient be noisy?

Direct Answer: A minibatch gradient in Stochastic Gradient Descent (SGD) can be noisy due to the approximation of full gradients using a smaller subset, or minibatch, of examples. This approximation introduces variability into the gradient estimate.

Key Course Terms:
- Stochastic Gradient Descent (SGD)
- Minibatch
- Noisy gradient

Explanation: The noise in the minibatch gradient arises from the fact that we are not computing the full dataset's gradient but rather an estimate based on a smaller subset. This approximation can lead to fluctuations in the direction and magnitude of the gradient, making it less stable than the exact full batch gradient.

Evidence:
[Evidence 1]
[Evidence 2]
[Evidence 3]
[Evidence 4]
[Evidence 5]",730e00f2152e;fed080afe9dd;38de65250d9e;b3daeea000b0;d89954f08eec,"Lecture 4.pdf, page 6, chunk 730e00f2152e;Lecture 4.pdf, page 5, chunk fed080afe9dd;Lecture3-2026.pdf, page 49, chunk 38de65250d9e;Lecture3-2026.pdf, page 51, chunk b3daeea000b0;Lecture3-2026.pdf, page 50, chunk d89954f08eec",ollama,qwen2.5:3b,8.744150625003385,3,1586,420,"route={""in_scope"": ""yes"", ""question_type"": ""concept"", ""lecture_topic"": ""Mini-batch Gradient Descent and its Variants"", ""search_query"": ""COMP5541 Lectures 2-9 Why can a minibatch gradient be noisy?""}",0.5,1.0,1,,,auto-score; manually sanity-check before final submission
E015,concept,L3,Why can a minibatch gradient be noisy?,"It is estimated from a subset of training examples, so it has higher variance than the full-batch gradient.",Lecture 3 SGD minibatch,subset;higher variance;full batch,no,answer,A1_full_without_router,"Why can a minibatch gradient be noisy?

Direct Answer: A minibatch gradient in Stochastic Gradient Descent (SGD) can be noisy due to the approximation of full gradients using a smaller subset, or minibatch, of examples. This approximation introduces variability into the gradient estimate.

Key Course Terms:
- Stochastic Gradient Descent (SGD)
- Minibatch
- Noisy gradient

Explanation: The noise in the minibatch gradient arises from the fact that we are not computing the full dataset's gradient but rather an estimate based on a smaller subset. This approximation can lead to fluctuations in the direction and magnitude of the gradient, making it less stable than the exact full batch gradient.

Evidence:
[Evidence 1]
[Evidence 2]
[Evidence 3]
[Evidence 4]
[Evidence 5]",730e00f2152e;fed080afe9dd;38de65250d9e;b3daeea000b0;d89954f08eec,"Lecture 4.pdf, page 6, chunk 730e00f2152e;Lecture 4.pdf, page 5, chunk fed080afe9dd;Lecture3-2026.pdf, page 49, chunk 38de65250d9e;Lecture3-2026.pdf, page 51, chunk b3daeea000b0;Lecture3-2026.pdf, page 50, chunk d89954f08eec",ollama,qwen2.5:3b,7.701830376005091,2,1429,379,"route={""in_scope"": ""yes"", ""question_type"": ""calculation"", ""lecture_topic"": ""COMP5541 Lectures 2-9"", ""search_query"": ""COMP5541 Lectures 2-9 Why can a minibatch gradient be noisy?""}",0.5,1.0,1,,,auto-score; manually sanity-check before final submission
E015,concept,L3,Why can a minibatch gradient be noisy?,"It is estimated from a subset of training examples, so it has higher variance than the full-batch gradient.",Lecture 3 SGD minibatch,subset;higher variance;full batch,no,answer,A2_full_without_verifier,"Why can a minibatch gradient be noisy?

Direct Answer: A minibatch gradient in Stochastic Gradient Descent (SGD) can be noisy due to the approximation of full gradients using a smaller subset, or minibatch, of examples. This approximation introduces variability into the gradient estimate.

Key Course Terms:
- Stochastic Gradient Descent (SGD)
- Minibatch
- Noisy gradient

Explanation: The noise in the minibatch gradient arises from the fact that we are not computing the full dataset's gradient but rather an estimate based on a smaller subset. This approximation can lead to fluctuations in the direction and magnitude of the gradient, making it less stable than the exact full batch gradient.

Evidence:
[Evidence 1]
[Evidence 2]
[Evidence 3]
[Evidence 4]
[Evidence 5]",730e00f2152e;fed080afe9dd;38de65250d9e;b3daeea000b0;d89954f08eec,"Lecture 4.pdf, page 6, chunk 730e00f2152e;Lecture 4.pdf, page 5, chunk fed080afe9dd;Lecture3-2026.pdf, page 49, chunk 38de65250d9e;Lecture3-2026.pdf, page 51, chunk b3daeea000b0;Lecture3-2026.pdf, page 50, chunk d89954f08eec",ollama,qwen2.5:3b,4.616713125004026,2,702,234,"route={""in_scope"": ""yes"", ""question_type"": ""concept"", ""lecture_topic"": ""Mini-batch Gradient Descent and its Variants"", ""search_query"": ""COMP5541 Lectures 2-9 Why can a minibatch gradient be noisy?""}",0.5,1.0,1,,,auto-score; manually sanity-check before final submission
E015,concept,L3,Why can a minibatch gradient be noisy?,"It is estimated from a subset of training examples, so it has higher variance than the full-batch gradient.",Lecture 3 SGD minibatch,subset;higher variance;full batch,no,answer,A3_full_topk2,"Why can a minibatch gradient be noisy?
- A minibatch gradient can be noisy due to the stochastic nature of SGD and the variability in the mini-batch.
Key Course Terms: Stochastic Gradient Descent (SGD), Mini-batch, Noisy gradient

Explanation:
The noise arises from the fact that each update step in SGD is based on a random subset of the data points. This randomness introduces variability into the gradient estimate, leading to noisy updates. The mini-batch size determines how much this noise is reduced or amplified.

Formula/Caveat Needed for Full Credit: 
No specific formula is provided here, but understanding that the variance of the gradient estimates can be quantified using statistical measures like standard deviation, which decreases with larger minibatches.

Evidence:
[Evidence 1], [Evidence 2]",730e00f2152e;fed080afe9dd,"Lecture 4.pdf, page 6, chunk 730e00f2152e;Lecture 4.pdf, page 5, chunk fed080afe9dd",ollama,qwen2.5:3b,6.037041957999463,3,1149,298,"route={""in_scope"": ""yes"", ""question_type"": ""concept"", ""lecture_topic"": ""Mini-batch Gradient Descent and its Variants"", ""search_query"": ""COMP5541 Lectures 2-9 Why can a minibatch gradient be noisy?""}",0.5,1.0,0,,,auto-score; manually sanity-check before final submission
E015,concept,L3,Why can a minibatch gradient be noisy?,"It is estimated from a subset of training examples, so it has higher variance than the full-batch gradient.",Lecture 3 SGD minibatch,subset;higher variance;full batch,no,answer,A4_full_without_calculation_guard,"Why can a minibatch gradient be noisy?

Direct Answer: A minibatch gradient in Stochastic Gradient Descent (SGD) can be noisy due to the approximation of full gradients using a smaller subset, or minibatch, of examples. This approximation introduces variability into the gradient estimate.

Key Course Terms:
- Stochastic Gradient Descent (SGD)
- Minibatch
- Noisy gradient

Explanation: The noise in the minibatch gradient arises from the fact that we are not computing the full dataset's gradient but rather an estimate based on a smaller subset. This approximation can lead to fluctuations in the direction and magnitude of the gradient, making it less stable than the exact full batch gradient.

Evidence:
[Evidence 1]
[Evidence 2]
[Evidence 3]
[Evidence 4]
[Evidence 5]",730e00f2152e;fed080afe9dd;38de65250d9e;b3daeea000b0;d89954f08eec,"Lecture 4.pdf, page 6, chunk 730e00f2152e;Lecture 4.pdf, page 5, chunk fed080afe9dd;Lecture3-2026.pdf, page 49, chunk 38de65250d9e;Lecture3-2026.pdf, page 51, chunk b3daeea000b0;Lecture3-2026.pdf, page 50, chunk d89954f08eec",ollama,qwen2.5:3b,8.744150625003385,3,1586,420,"route={""in_scope"": ""yes"", ""question_type"": ""concept"", ""lecture_topic"": ""Mini-batch Gradient Descent and its Variants"", ""search_query"": ""COMP5541 Lectures 2-9 Why can a minibatch gradient be noisy?""}",0.5,1.0,1,,,auto-score; manually sanity-check before final submission
E016,comparison,L3,What is the role of momentum in gradient-based optimization?,Momentum accumulates a velocity from past gradients to smooth noisy updates and accelerate movement in consistent directions.,Lecture 3 momentum,velocity;past gradients;smooth;accelerate,no,answer,V0_baseline_single_call,"In gradient-based optimization methods, momentum plays a crucial role in accelerating convergence towards the minimum of the loss function. It helps to mitigate oscillations during the training process by adding a fraction of the previous update vector to the current one. This technique aids in speeding up learning and improving stability, especially for problems with complex curvature or when dealing with high-dimensional data. The momentum parameter controls the influence of past gradients on the current step size, allowing the optimization algorithm to take larger steps in directions where progress is being made more quickly.

[Evidence: COMP5541 Lecture 3]",,,ollama,qwen2.5:3b,2.3584289159989567,1,94,167,,0.0,0.5,0,,,auto-score; manually sanity-check before final submission
E016,comparison,L3,What is the role of momentum in gradient-based optimization?,Momentum accumulates a velocity from past gradients to smooth noisy updates and accelerate movement in consistent directions.,Lecture 3 momentum,velocity;past gradients;smooth;accelerate,no,answer,V1_retrieval_only,"The role of momentum in gradient-based optimization is to help accelerate convergence by combining the current gradient with a ""look ahead"" estimate of the gradient at the next step. This mechanism allows for smoother updates, reducing oscillations around the minimum and speeding up the learning process.

Key Course Terms:
- Momentum
- Velocity

Mechanism:
Nesterov Accelerated Gradient (NAG) combines the actual gradient at the current point with a ""look ahead"" estimate of the gradient using velocity to get an update direction. This approach is described in Nesterov, “A method of solving a convex programming problem with convergence rate O(1/k^2)”, 1983.

Formula/Caveat:
- 𝜌 (friction): typically set to 0.9 or 0.99

Evidence: [Evidence 1], [Evidence 5]",82bbf114f59b;326780af5ff5;9e886e0a2a9c;97255b3f37c0;97cea67e2457,"Lecture3-2026.pdf, page 54, chunk 82bbf114f59b;Lecture 4.pdf, page 39, chunk 326780af5ff5;Lecture3-2026.pdf, page 65, chunk 9e886e0a2a9c;Lecture3-2026.pdf, page 58, chunk 97255b3f37c0;Lecture3-2026.pdf, page 52, chunk 97cea67e2457",ollama,qwen2.5:3b,4.151672292005969,1,738,190,,1.0,1.0,1,,,auto-score; manually sanity-check before final submission
E016,comparison,L3,What is the role of momentum in gradient-based optimization?,Momentum accumulates a velocity from past gradients to smooth noisy updates and accelerate movement in consistent directions.,Lecture 3 momentum,velocity;past gradients;smooth;accelerate,no,answer,V2_router_rewrite_retrieval,"The role of momentum in gradient-based optimization is to help smooth out the learning process by building up ""velocity"" as a running mean of gradients. This allows the algorithm to continue moving in the general direction as previous iterations, reducing oscillations and accelerating convergence.

Key Course Terms:
- Momentum
- Velocity

Mechanism:
- Nesterov Accelerated Gradient (NAG) combines gradient at current point with “Look ahead” to the point using velocity estimate; Combine gradient at current point with velocity to get step used to update weights.
- Adam is a combination of Momentum and RMSProp, incorporating bias correction for better performance.

Caveat:
- The effectiveness can vary depending on the learning rate and initialization parameters (e.g., beta1=0.99).

Evidence: [Evidence 1], [Evidence 2], [Evidence 3], [Evidence 4], [Evidence 5]",82bbf114f59b;9e886e0a2a9c;97cea67e2457;5b9e4f3ef573;d822f55cebe6,"Lecture3-2026.pdf, page 54, chunk 82bbf114f59b;Lecture3-2026.pdf, page 65, chunk 9e886e0a2a9c;Lecture3-2026.pdf, page 52, chunk 97cea67e2457;Lecture3-2026.pdf, page 66, chunk 5b9e4f3ef573;Lecture3-2026.pdf, page 67, chunk d822f55cebe6",ollama,qwen2.5:3b,6.584067499999946,2,947,363,"route={'in_scope': 'yes', 'question_type': 'concept', 'lecture_topic': 'Gradient-Based Optimization Algorithms', 'search_query': 'Lecture 3 optimization momentum What is the role of momentum in gradient-based optimization?'}",1.0,1.0,1,,,auto-score; manually sanity-check before final submission
E016,comparison,L3,What is the role of momentum in gradient-based optimization?,Momentum accumulates a velocity from past gradients to smooth noisy updates and accelerate movement in consistent directions.,Lecture 3 momentum,velocity;past gradients;smooth;accelerate,no,answer,V3_retrieval_verifier,"The role of momentum in gradient-based optimization is to help accelerate convergence by combining the current gradient with a ""look ahead"" estimate of the gradient at the next step. This mechanism allows for smoother updates, reducing oscillations around the minimum and speeding up the learning process.

Key Course Terms:
- Momentum
- Velocity

Mechanism:
Nesterov Accelerated Gradient (NAG) combines the actual gradient at the current point with a ""look ahead"" estimate of the gradient using velocity to get an update direction. This approach is described in Nesterov, “A method of solving a convex programming problem with convergence rate O(1/k^2)”, 1983.

Formula/Caveat:
- 𝜌 (friction): typically set to 0.9 or 0.99

Evidence: [Evidence 1], [Evidence 5]",82bbf114f59b;326780af5ff5;9e886e0a2a9c;97255b3f37c0;97cea67e2457,"Lecture3-2026.pdf, page 54, chunk 82bbf114f59b;Lecture 4.pdf, page 39, chunk 326780af5ff5;Lecture3-2026.pdf, page 65, chunk 9e886e0a2a9c;Lecture3-2026.pdf, page 58, chunk 97255b3f37c0;Lecture3-2026.pdf, page 52, chunk 97cea67e2457",ollama,qwen2.5:3b,6.850848750007572,2,1813,257,draft_then_verifier_rejected_overcorrection,1.0,1.0,1,,,auto-score; manually sanity-check before final submission
E016,comparison,L3,What is the role of momentum in gradient-based optimization?,Momentum accumulates a velocity from past gradients to smooth noisy updates and accelerate movement in consistent directions.,Lecture 3 momentum,velocity;past gradients;smooth;accelerate,no,answer,V4_full_router_retrieval_verifier,"The role of momentum in gradient-based optimization is to help smooth out the learning process by building up ""velocity"" as a running mean of gradients. This allows the algorithm to continue moving in the general direction as previous iterations, reducing oscillations and accelerating convergence.

Key Course Terms:
- Momentum
- Velocity

Mechanism:
- Nesterov Accelerated Gradient (NAG) combines gradient at current point with “Look ahead” to the point using velocity estimate; Combine gradient at current point with velocity to get step used to update weights.
- Adam is a combination of Momentum and RMSProp, incorporating bias correction for better performance.

Caveat:
- The effectiveness can vary depending on the learning rate and initialization parameters (e.g., beta1=0.99).

Evidence: [Evidence 1], [Evidence 2], [Evidence 3], [Evidence 4], [Evidence 5]",82bbf114f59b;9e886e0a2a9c;97cea67e2457;5b9e4f3ef573;d822f55cebe6,"Lecture3-2026.pdf, page 54, chunk 82bbf114f59b;Lecture3-2026.pdf, page 65, chunk 9e886e0a2a9c;Lecture3-2026.pdf, page 52, chunk 97cea67e2457;Lecture3-2026.pdf, page 66, chunk 5b9e4f3ef573;Lecture3-2026.pdf, page 67, chunk d822f55cebe6",ollama,qwen2.5:3b,11.198386083000514,3,2100,562,"route={""in_scope"": ""yes"", ""question_type"": ""concept"", ""lecture_topic"": ""Gradient-Based Optimization Algorithms"", ""search_query"": ""Lecture 3 optimization momentum What is the role of momentum in gradient-based optimization?""}",1.0,1.0,1,,,auto-score; manually sanity-check before final submission
E016,comparison,L3,What is the role of momentum in gradient-based optimization?,Momentum accumulates a velocity from past gradients to smooth noisy updates and accelerate movement in consistent directions.,Lecture 3 momentum,velocity;past gradients;smooth;accelerate,no,answer,A1_full_without_router,"The role of momentum in gradient-based optimization is to help smooth out the learning process by building up ""velocity"" as a running mean of gradients. This allows the algorithm to continue moving in the general direction as previous iterations, reducing oscillations and accelerating convergence.

Key Course Terms:
- Momentum
- Velocity

Mechanism:
- Nesterov Accelerated Gradient (NAG) combines gradient at current point with “Look ahead” to the point using velocity estimate; Combine gradient at current point with velocity to get step used to update weights.
- Adam is a combination of Momentum and RMSProp, incorporating bias correction for better performance.

Caveat:
- The effectiveness can vary depending on the learning rate and initialization parameters (e.g., beta1=0.99).

Evidence: [Evidence 1], [Evidence 2], [Evidence 3], [Evidence 4], [Evidence 5]",82bbf114f59b;9e886e0a2a9c;97cea67e2457;5b9e4f3ef573;d822f55cebe6,"Lecture3-2026.pdf, page 54, chunk 82bbf114f59b;Lecture3-2026.pdf, page 65, chunk 9e886e0a2a9c;Lecture3-2026.pdf, page 52, chunk 97cea67e2457;Lecture3-2026.pdf, page 66, chunk 5b9e4f3ef573;Lecture3-2026.pdf, page 67, chunk d822f55cebe6",ollama,qwen2.5:3b,8.753610415995354,2,1941,415,"route={""in_scope"": ""yes"", ""question_type"": ""calculation"", ""lecture_topic"": ""Lecture 3 optimization momentum"", ""search_query"": ""Lecture 3 optimization momentum What is the role of momentum in gradient-based optimization?""}",1.0,1.0,1,,,auto-score; manually sanity-check before final submission
E016,comparison,L3,What is the role of momentum in gradient-based optimization?,Momentum accumulates a velocity from past gradients to smooth noisy updates and accelerate movement in consistent directions.,Lecture 3 momentum,velocity;past gradients;smooth;accelerate,no,answer,A2_full_without_verifier,"The role of momentum in gradient-based optimization is to help smooth out the learning process by building up ""velocity"" as a running mean of gradients. This allows the algorithm to continue moving in the general direction as previous iterations, reducing oscillations and accelerating convergence.

Key Course Terms:
- Momentum
- Velocity

Mechanism:
- Nesterov Accelerated Gradient (NAG) combines gradient at current point with “Look ahead” to the point using velocity estimate; Combine gradient at current point with velocity to get step used to update weights.
- Adam is a combination of Momentum and RMSProp, incorporating bias correction for better performance.

Caveat:
- The effectiveness can vary depending on the learning rate and initialization parameters (e.g., beta1=0.99).

Evidence: [Evidence 1], [Evidence 2], [Evidence 3], [Evidence 4], [Evidence 5]",82bbf114f59b;9e886e0a2a9c;97cea67e2457;5b9e4f3ef573;d822f55cebe6,"Lecture3-2026.pdf, page 54, chunk 82bbf114f59b;Lecture3-2026.pdf, page 65, chunk 9e886e0a2a9c;Lecture3-2026.pdf, page 52, chunk 97cea67e2457;Lecture3-2026.pdf, page 66, chunk 5b9e4f3ef573;Lecture3-2026.pdf, page 67, chunk d822f55cebe6",ollama,qwen2.5:3b,6.584067499999946,2,947,363,"route={""in_scope"": ""yes"", ""question_type"": ""concept"", ""lecture_topic"": ""Gradient-Based Optimization Algorithms"", ""search_query"": ""Lecture 3 optimization momentum What is the role of momentum in gradient-based optimization?""}",1.0,1.0,1,,,auto-score; manually sanity-check before final submission
E016,comparison,L3,What is the role of momentum in gradient-based optimization?,Momentum accumulates a velocity from past gradients to smooth noisy updates and accelerate movement in consistent directions.,Lecture 3 momentum,velocity;past gradients;smooth;accelerate,no,answer,A3_full_topk2,"The role of momentum in gradient-based optimization is to accelerate convergence by combining the current gradient with a ""look ahead"" estimate of the gradient using velocity, which helps smooth out oscillations and speeds up the learning process.

Key Course Terms:
- Momentum
- Velocity

Mechanism:
Nesterov Accelerated Gradient (NAG) combines the current gradient with an estimated future gradient based on the velocity. This is achieved by predicting where the next point will be based on the current velocity, computing the gradient at that predicted point, and then using a combination of this gradient and the current velocity to update the weights.

Formula/Caveat:
Not explicitly provided in the evidence; however, NAG can be formulated as follows:

\[
v_{t+1} = \beta v_t + (1 - \beta) g_t
\]
\[
g_{t+1}^{(NAG)} = g_t + \alpha v_{t+1}
\]

Where:
- \(v_t\) is the velocity at time step t.
- \(g_t\) is the gradient at time step t.
- \(\beta\) is the momentum term (typically set to 0.9).
- \(\alpha\) is the learning rate.

Evidence: [Evidence 1], [Evidence 2]",82bbf114f59b;9e886e0a2a9c,"Lecture3-2026.pdf, page 54, chunk 82bbf114f59b;Lecture3-2026.pdf, page 65, chunk 9e886e0a2a9c",ollama,qwen2.5:3b,13.275002167996718,3,1517,687,"route={""in_scope"": ""yes"", ""question_type"": ""concept"", ""lecture_topic"": ""Gradient-Based Optimization Algorithms"", ""search_query"": ""Lecture 3 optimization momentum What is the role of momentum in gradient-based optimization?""}",1.0,1.0,1,,,auto-score; manually sanity-check before final submission
E016,comparison,L3,What is the role of momentum in gradient-based optimization?,Momentum accumulates a velocity from past gradients to smooth noisy updates and accelerate movement in consistent directions.,Lecture 3 momentum,velocity;past gradients;smooth;accelerate,no,answer,A4_full_without_calculation_guard,"The role of momentum in gradient-based optimization is to help smooth out the learning process by building up ""velocity"" as a running mean of gradients. This allows the algorithm to continue moving in the general direction as previous iterations, reducing oscillations and accelerating convergence.

Key Course Terms:
- Momentum
- Velocity

Mechanism:
- Nesterov Accelerated Gradient (NAG) combines gradient at current point with “Look ahead” to the point using velocity estimate; Combine gradient at current point with velocity to get step used to update weights.
- Adam is a combination of Momentum and RMSProp, incorporating bias correction for better performance.

Caveat:
- The effectiveness can vary depending on the learning rate and initialization parameters (e.g., beta1=0.99).

Evidence: [Evidence 1], [Evidence 2], [Evidence 3], [Evidence 4], [Evidence 5]",82bbf114f59b;9e886e0a2a9c;97cea67e2457;5b9e4f3ef573;d822f55cebe6,"Lecture3-2026.pdf, page 54, chunk 82bbf114f59b;Lecture3-2026.pdf, page 65, chunk 9e886e0a2a9c;Lecture3-2026.pdf, page 52, chunk 97cea67e2457;Lecture3-2026.pdf, page 66, chunk 5b9e4f3ef573;Lecture3-2026.pdf, page 67, chunk d822f55cebe6",ollama,qwen2.5:3b,11.198386083000514,3,2100,562,"route={""in_scope"": ""yes"", ""question_type"": ""concept"", ""lecture_topic"": ""Gradient-Based Optimization Algorithms"", ""search_query"": ""Lecture 3 optimization momentum What is the role of momentum in gradient-based optimization?""}",1.0,1.0,1,,,auto-score; manually sanity-check before final submission
E017,comparison,L3,Why can AdaGrad's effective learning rate become too small?,"AdaGrad accumulates squared gradients in the denominator, so the effective learning rate can decay continually.",Lecture 3 AdaGrad,accumulates squared gradients;learning rate;decay,no,answer,V0_baseline_single_call,AdaGrad's effective learning rate can become too small due to the accumulation of squared gradient magnitudes over time. This phenomenon is detailed in the course material (COMP5541-03).,,,ollama,qwen2.5:3b,2.531928666001477,1,94,46,,0.0,0.5,0,,,auto-score; manually sanity-check before final submission
E017,comparison,L3,Why can AdaGrad's effective learning rate become too small?,"AdaGrad accumulates squared gradients in the denominator, so the effective learning rate can decay continually.",Lecture 3 AdaGrad,accumulates squared gradients;learning rate;decay,no,answer,V1_retrieval_only,"AdaGrad's effective learning rate can become too small due to the mechanism where weights that receive high gradients have their effective learning rate reduced. This is a consequence of AdaGrad's adaptive learning rates feature, which adds element-wise scaling of the gradient based on the historical sum of squares in each dimension.

Key Course Terms:
- Adaptive Learning Rates
- Historical Sum of Squares

Caveat:
AdaGrad reduces progress along ""steep"" directions to prevent overshooting or instability. However, this mechanism can also lead to an effective learning rate that becomes too small for weights receiving high gradients, potentially causing the model to converge slowly or get stuck in suboptimal solutions.

Evidence: [Evidence 1], [Evidence 5]",e43d18f2ef06;647cb3801605;3bf53de7574f;fce1bd9cd41f;cf257da6290c,"Lecture3-2026.pdf, page 59, chunk e43d18f2ef06;Lecture 6(2).pdf, page 62, chunk 647cb3801605;Lecture 6(2).pdf, page 58, chunk 3bf53de7574f;Lecture 6(2).pdf, page 56, chunk fce1bd9cd41f;Lecture 6(2).pdf, page 54, chunk cf257da6290c",ollama,qwen2.5:3b,3.688558875001036,1,792,190,,0.0,1.0,1,,,auto-score; manually sanity-check before final submission
E017,comparison,L3,Why can AdaGrad's effective learning rate become too small?,"AdaGrad accumulates squared gradients in the denominator, so the effective learning rate can decay continually.",Lecture 3 AdaGrad,accumulates squared gradients;learning rate;decay,no,answer,V2_router_rewrite_retrieval,"AdaGrad's effective learning rate can become too small due to the mechanism described in Evidence [Evidence 5]. AdaGrad adjusts the learning rate based on historical sums of squares of gradients. This means that if a weight receives high gradients over many updates, its effective learning rate decreases, potentially leading to overly cautious or slow progress during training.

Key Course Terms:
- Adaptive Learning Rates
- Historical Sum of Squares

Caveat:
AdaGrad's mechanism for adjusting the learning rate can lead to very small learning rates in certain directions if there are high gradients over many updates. This can cause the model to converge too slowly, especially when dealing with complex or non-linear functions.

Evidence: [Evidence 5]",3bf53de7574f;647cb3801605;fce1bd9cd41f;5db87bea127f;e43d18f2ef06,"Lecture 6(2).pdf, page 58, chunk 3bf53de7574f;Lecture 6(2).pdf, page 62, chunk 647cb3801605;Lecture 6(2).pdf, page 56, chunk fce1bd9cd41f;Lecture 6(2).pdf, page 57, chunk 5db87bea127f;Lecture3-2026.pdf, page 59, chunk e43d18f2ef06",ollama,qwen2.5:3b,6.19628074999855,2,942,356,"route={'in_scope': 'yes', 'question_type': 'calculation', 'lecture_topic': 'AdaGrad optimization algorithm and its limitations', 'search_query': ""Lecture 6 learning rate scheduler Why can AdaGrad's effective learning rate become too small?""}",0.0,1.0,1,,,auto-score; manually sanity-check before final submission
E017,comparison,L3,Why can AdaGrad's effective learning rate become too small?,"AdaGrad accumulates squared gradients in the denominator, so the effective learning rate can decay continually.",Lecture 3 AdaGrad,accumulates squared gradients;learning rate;decay,no,answer,V3_retrieval_verifier,"AdaGrad's effective learning rate can become too small due to the mechanism where weights that receive high gradients have their effective learning rate reduced. This is a consequence of AdaGrad's adaptive learning rates feature, which adds element-wise scaling of the gradient based on the historical sum of squares in each dimension.

Key Course Terms:
- Adaptive Learning Rates
- Historical Sum of Squares

Caveat:
AdaGrad reduces progress along ""steep"" directions to prevent overshooting or instability. However, this mechanism can also lead to an effective learning rate that becomes too small for weights receiving high gradients, potentially causing the model to converge slowly or get stuck in suboptimal solutions.

Evidence: [Evidence 1], [Evidence 5]",e43d18f2ef06;647cb3801605;3bf53de7574f;fce1bd9cd41f;cf257da6290c,"Lecture3-2026.pdf, page 59, chunk e43d18f2ef06;Lecture 6(2).pdf, page 62, chunk 647cb3801605;Lecture 6(2).pdf, page 58, chunk 3bf53de7574f;Lecture 6(2).pdf, page 56, chunk fce1bd9cd41f;Lecture 6(2).pdf, page 54, chunk cf257da6290c",ollama,qwen2.5:3b,7.915378457997576,2,1921,386,draft_then_verifier_rejected_overcorrection,0.0,1.0,1,,,auto-score; manually sanity-check before final submission
E017,comparison,L3,Why can AdaGrad's effective learning rate become too small?,"AdaGrad accumulates squared gradients in the denominator, so the effective learning rate can decay continually.",Lecture 3 AdaGrad,accumulates squared gradients;learning rate;decay,no,answer,V4_full_router_retrieval_verifier,"AdaGrad's effective learning rate can become too small due to the mechanism described in Evidence [Evidence 5]. AdaGrad adjusts the learning rate based on historical sums of squares of gradients. This means that if a weight receives high gradients over many updates, its effective learning rate decreases, potentially leading to overly cautious or slow progress during training.

Key Course Terms:
- Adaptive Learning Rates
- Historical Sum of Squares

Caveat:
AdaGrad's mechanism for adjusting the learning rate can lead to very small learning rates in certain directions if there are high gradients over many updates. This can cause the model to converge too slowly, especially when dealing with complex or non-linear functions.

Evidence: [Evidence 5]",3bf53de7574f;647cb3801605;fce1bd9cd41f;5db87bea127f;e43d18f2ef06,"Lecture 6(2).pdf, page 58, chunk 3bf53de7574f;Lecture 6(2).pdf, page 62, chunk 647cb3801605;Lecture 6(2).pdf, page 56, chunk fce1bd9cd41f;Lecture 6(2).pdf, page 57, chunk 5db87bea127f;Lecture3-2026.pdf, page 59, chunk e43d18f2ef06",ollama,qwen2.5:3b,9.39815224999984,3,2067,485,"route={""in_scope"": ""yes"", ""question_type"": ""calculation"", ""lecture_topic"": ""AdaGrad optimization algorithm and its limitations"", ""search_query"": ""Lecture 6 learning rate scheduler Why can AdaGrad's effective learning rate become too small?""}",0.0,1.0,1,,,auto-score; manually sanity-check before final submission
E017,comparison,L3,Why can AdaGrad's effective learning rate become too small?,"AdaGrad accumulates squared gradients in the denominator, so the effective learning rate can decay continually.",Lecture 3 AdaGrad,accumulates squared gradients;learning rate;decay,no,answer,A1_full_without_router,"AdaGrad's effective learning rate can become too small due to the mechanism described in Evidence [Evidence 5]. AdaGrad adjusts the learning rate based on historical sums of squares of gradients. This means that if a weight receives high gradients over many updates, its effective learning rate decreases, potentially leading to overly cautious or slow progress during training.

Key Course Terms:
- Adaptive Learning Rates
- Historical Sum of Squares

Caveat:
AdaGrad's mechanism for adjusting the learning rate can lead to very small learning rates in certain directions if there are high gradients over many updates. This can cause the model to converge too slowly, especially when dealing with complex or non-linear functions.

Evidence: [Evidence 5]",3bf53de7574f;647cb3801605;fce1bd9cd41f;5db87bea127f;e43d18f2ef06,"Lecture 6(2).pdf, page 58, chunk 3bf53de7574f;Lecture 6(2).pdf, page 62, chunk 647cb3801605;Lecture 6(2).pdf, page 56, chunk fce1bd9cd41f;Lecture 6(2).pdf, page 57, chunk 5db87bea127f;Lecture3-2026.pdf, page 59, chunk e43d18f2ef06",ollama,qwen2.5:3b,6.640861125000811,2,1904,322,"route={""in_scope"": ""yes"", ""question_type"": ""comparison"", ""lecture_topic"": ""Lecture 6 learning rate scheduler"", ""search_query"": ""Lecture 6 learning rate scheduler Why can AdaGrad's effective learning rate become too small?""}",0.0,1.0,1,,,auto-score; manually sanity-check before final submission
E017,comparison,L3,Why can AdaGrad's effective learning rate become too small?,"AdaGrad accumulates squared gradients in the denominator, so the effective learning rate can decay continually.",Lecture 3 AdaGrad,accumulates squared gradients;learning rate;decay,no,answer,A2_full_without_verifier,"AdaGrad's effective learning rate can become too small due to the mechanism described in Evidence [Evidence 5]. AdaGrad adjusts the learning rate based on historical sums of squares of gradients. This means that if a weight receives high gradients over many updates, its effective learning rate decreases, potentially leading to overly cautious or slow progress during training.

Key Course Terms:
- Adaptive Learning Rates
- Historical Sum of Squares

Caveat:
AdaGrad's mechanism for adjusting the learning rate can lead to very small learning rates in certain directions if there are high gradients over many updates. This can cause the model to converge too slowly, especially when dealing with complex or non-linear functions.

Evidence: [Evidence 5]",3bf53de7574f;647cb3801605;fce1bd9cd41f;5db87bea127f;e43d18f2ef06,"Lecture 6(2).pdf, page 58, chunk 3bf53de7574f;Lecture 6(2).pdf, page 62, chunk 647cb3801605;Lecture 6(2).pdf, page 56, chunk fce1bd9cd41f;Lecture 6(2).pdf, page 57, chunk 5db87bea127f;Lecture3-2026.pdf, page 59, chunk e43d18f2ef06",ollama,qwen2.5:3b,6.19628074999855,2,942,356,"route={""in_scope"": ""yes"", ""question_type"": ""calculation"", ""lecture_topic"": ""AdaGrad optimization algorithm and its limitations"", ""search_query"": ""Lecture 6 learning rate scheduler Why can AdaGrad's effective learning rate become too small?""}",0.0,1.0,1,,,auto-score; manually sanity-check before final submission
E017,comparison,L3,Why can AdaGrad's effective learning rate become too small?,"AdaGrad accumulates squared gradients in the denominator, so the effective learning rate can decay continually.",Lecture 3 AdaGrad,accumulates squared gradients;learning rate;decay,no,answer,A3_full_topk2,"Direct Answer: AdaGrad's effective learning rate can become too small due to its adaptive nature, where it adjusts the learning rate based on past gradients. This mechanism is designed to help converge faster and more accurately, but if not properly tuned, it may lead to excessively small learning rates that hinder convergence.

Key Course Terms:
- Adaptive Learning Rate
- AdaGrad

Caveat: The effective learning rate in AdaGrad can become too small when the algorithm accumulates large squared gradient values over time. This accumulation causes the adaptive learning rate to decrease, potentially leading to very small steps during training which may slow down or even halt convergence.

Evidence:
[Evidence 1]
[Evidence 2]",3bf53de7574f;647cb3801605,"Lecture 6(2).pdf, page 58, chunk 3bf53de7574f;Lecture 6(2).pdf, page 62, chunk 647cb3801605",ollama,qwen2.5:3b,8.161249583998142,3,1388,455,"route={""in_scope"": ""yes"", ""question_type"": ""calculation"", ""lecture_topic"": ""AdaGrad optimization algorithm and its limitations"", ""search_query"": ""Lecture 6 learning rate scheduler Why can AdaGrad's effective learning rate become too small?""}",0.5,1.0,0,,,auto-score; manually sanity-check before final submission
E017,comparison,L3,Why can AdaGrad's effective learning rate become too small?,"AdaGrad accumulates squared gradients in the denominator, so the effective learning rate can decay continually.",Lecture 3 AdaGrad,accumulates squared gradients;learning rate;decay,no,answer,A4_full_without_calculation_guard,"AdaGrad's effective learning rate can become too small due to the mechanism described in Evidence [Evidence 5]. AdaGrad adjusts the learning rate based on historical sums of squares of gradients. This means that if a weight receives high gradients over many updates, its effective learning rate decreases, potentially leading to overly cautious or slow progress during training.

Key Course Terms:
- Adaptive Learning Rates
- Historical Sum of Squares

Caveat:
AdaGrad's mechanism for adjusting the learning rate can lead to very small learning rates in certain directions if there are high gradients over many updates. This can cause the model to converge too slowly, especially when dealing with complex or non-linear functions.

Evidence: [Evidence 5]",3bf53de7574f;647cb3801605;fce1bd9cd41f;5db87bea127f;e43d18f2ef06,"Lecture 6(2).pdf, page 58, chunk 3bf53de7574f;Lecture 6(2).pdf, page 62, chunk 647cb3801605;Lecture 6(2).pdf, page 56, chunk fce1bd9cd41f;Lecture 6(2).pdf, page 57, chunk 5db87bea127f;Lecture3-2026.pdf, page 59, chunk e43d18f2ef06",ollama,qwen2.5:3b,9.39815224999984,3,2067,485,"route={""in_scope"": ""yes"", ""question_type"": ""calculation"", ""lecture_topic"": ""AdaGrad optimization algorithm and its limitations"", ""search_query"": ""Lecture 6 learning rate scheduler Why can AdaGrad's effective learning rate become too small?""}",0.0,1.0,1,,,auto-score; manually sanity-check before final submission
E018,concept,L3,What two ideas are combined in Adam?,Adam combines momentum-like first-moment estimates with RMSProp-like adaptive second-moment estimates.,Lecture 3 Adam,momentum;RMSProp;first moment;second moment,no,answer,V0_baseline_single_call,not enough information in the provided course materials,,,ollama,qwen2.5:3b,0.27063087499846,1,88,13,,0.0,1.0,0,,,auto-score; manually sanity-check before final submission
E018,concept,L3,What two ideas are combined in Adam?,Adam combines momentum-like first-moment estimates with RMSProp-like adaptive second-moment estimates.,Lecture 3 Adam,momentum;RMSProp;first moment;second moment,no,answer,V1_retrieval_only,"**Direct Answer:** Adam combines the ideas of Momentum and RMSProp.

**Key Course Terms:** Momentum, RMSProp

**Explanation:** The provided evidence indicates that Adam is a combination of Momentum and RMSProp. Specifically, it states in [Evidence 1] that ""Adam (Momentum + RMSProp)"" and further elaborates on how Adam incorporates bias correction to improve upon the initial ideas of Momentum and RMSProp.

**Formula/Caveat Needed for Full Credit:** Not applicable as this is a conceptual explanation rather than a calculation.",d822f55cebe6;5b9e4f3ef573;9e886e0a2a9c;c2bd08203c6c;3b497d836c29,"Lecture3-2026.pdf, page 67, chunk d822f55cebe6;Lecture3-2026.pdf, page 66, chunk 5b9e4f3ef573;Lecture3-2026.pdf, page 65, chunk 9e886e0a2a9c;Lecture3-2026.pdf, page 17, chunk c2bd08203c6c;Lecture3-2026.pdf, page 73, chunk 3b497d836c29",ollama,qwen2.5:3b,3.006356167003105,1,686,132,,0.5,1.0,1,,,auto-score; manually sanity-check before final submission
E018,concept,L3,What two ideas are combined in Adam?,Adam combines momentum-like first-moment estimates with RMSProp-like adaptive second-moment estimates.,Lecture 3 Adam,momentum;RMSProp;first moment;second moment,no,answer,V2_router_rewrite_retrieval,"Adam combines two ideas: Momentum and RMSProp.

Key Course Terms:
- Adam (Momentum + RMSProp)
- Bias correction

Explanation:
The provided evidence states that ""Adam (Momentum + RMSProp) In practice, Adam with beta1 = 0.9, beta2 = 0.999, and learning_rate = 1e-3 or 5e-4 is a great starting point for many models! It works well across a wide range of models and tasks, even without much tuning"". This directly indicates that Adam combines the concepts of Momentum and RMSProp.

Evidence:
[Evidence 1]
[Evidence 2]",d822f55cebe6;5b9e4f3ef573;3b497d836c29;9e886e0a2a9c;ffa0d204e6b4,"Lecture3-2026.pdf, page 67, chunk d822f55cebe6;Lecture3-2026.pdf, page 66, chunk 5b9e4f3ef573;Lecture3-2026.pdf, page 73, chunk 3b497d836c29;Lecture3-2026.pdf, page 65, chunk 9e886e0a2a9c;T4-pytorch.pdf, page 22, chunk ffa0d204e6b4",ollama,qwen2.5:3b,4.131130416997621,2,914,166,"route={'in_scope': 'yes', 'question_type': 'comparison', 'lecture_topic': 'Adam and Eva', 'search_query': 'Lecture 3 optimization Adam What two ideas are combined in Adam?'}",0.5,1.0,1,,,auto-score; manually sanity-check before final submission
E018,concept,L3,What two ideas are combined in Adam?,Adam combines momentum-like first-moment estimates with RMSProp-like adaptive second-moment estimates.,Lecture 3 Adam,momentum;RMSProp;first moment;second moment,no,answer,V3_retrieval_verifier,"**Direct Answer:** Adam combines the ideas of Momentum and RMSProp.

**Key Course Terms:** Momentum, RMSProp

**Explanation:** The provided evidence indicates that Adam is a combination of Momentum and RMSProp. Specifically, it states in [Evidence 1] that ""Adam (Momentum + RMSProp)"" and further elaborates on how Adam incorporates bias correction to improve upon the initial ideas of Momentum and RMSProp.

**Formula/Caveat Needed for Full Credit:** Not applicable as this is a conceptual explanation rather than a calculation.",d822f55cebe6;5b9e4f3ef573;9e886e0a2a9c;c2bd08203c6c;3b497d836c29,"Lecture3-2026.pdf, page 67, chunk d822f55cebe6;Lecture3-2026.pdf, page 66, chunk 5b9e4f3ef573;Lecture3-2026.pdf, page 65, chunk 9e886e0a2a9c;Lecture3-2026.pdf, page 17, chunk c2bd08203c6c;Lecture3-2026.pdf, page 73, chunk 3b497d836c29",ollama,qwen2.5:3b,5.349911500001326,2,1641,179,draft_then_verifier_rejected_overcorrection,0.5,1.0,1,,,auto-score; manually sanity-check before final submission
E018,concept,L3,What two ideas are combined in Adam?,Adam combines momentum-like first-moment estimates with RMSProp-like adaptive second-moment estimates.,Lecture 3 Adam,momentum;RMSProp;first moment;second moment,no,answer,V4_full_router_retrieval_verifier,"Adam combines two ideas: Momentum and RMSProp.

Key Course Terms:
- Adam (Momentum + RMSProp)
- Bias correction

Explanation:
The provided evidence states that ""Adam (Momentum + RMSProp) In practice, Adam with beta1 = 0.9, beta2 = 0.999, and learning_rate = 1e-3 or 5e-4 is a great starting point for many models! It works well across a wide range of models and tasks, even without much tuning"". This directly indicates that Adam combines the concepts of Momentum and RMSProp.

Evidence:
[Evidence 1]
[Evidence 2]",d822f55cebe6;5b9e4f3ef573;3b497d836c29;9e886e0a2a9c;ffa0d204e6b4,"Lecture3-2026.pdf, page 67, chunk d822f55cebe6;Lecture3-2026.pdf, page 66, chunk 5b9e4f3ef573;Lecture3-2026.pdf, page 73, chunk 3b497d836c29;Lecture3-2026.pdf, page 65, chunk 9e886e0a2a9c;T4-pytorch.pdf, page 22, chunk ffa0d204e6b4",ollama,qwen2.5:3b,8.168820416995004,3,1939,307,"route={""in_scope"": ""yes"", ""question_type"": ""comparison"", ""lecture_topic"": ""Adam and Eva"", ""search_query"": ""Lecture 3 optimization Adam What two ideas are combined in Adam?""}",0.5,1.0,1,,,auto-score; manually sanity-check before final submission
E018,concept,L3,What two ideas are combined in Adam?,Adam combines momentum-like first-moment estimates with RMSProp-like adaptive second-moment estimates.,Lecture 3 Adam,momentum;RMSProp;first moment;second moment,no,answer,A1_full_without_router,"Adam combines two ideas: Momentum and RMSProp.

Key Course Terms:
- Adam (Momentum + RMSProp)
- Bias correction

Explanation:
The provided evidence states that ""Adam (Momentum + RMSProp) In practice, Adam with beta1 = 0.9, beta2 = 0.999, and learning_rate = 1e-3 or 5e-4 is a great starting point for many models! It works well across a wide range of models and tasks, even without much tuning"". This directly indicates that Adam combines the concepts of Momentum and RMSProp.

Evidence:
[Evidence 1]
[Evidence 2]",d822f55cebe6;5b9e4f3ef573;3b497d836c29;9e886e0a2a9c;ffa0d204e6b4,"Lecture3-2026.pdf, page 67, chunk d822f55cebe6;Lecture3-2026.pdf, page 66, chunk 5b9e4f3ef573;Lecture3-2026.pdf, page 73, chunk 3b497d836c29;Lecture3-2026.pdf, page 65, chunk 9e886e0a2a9c;T4-pytorch.pdf, page 22, chunk ffa0d204e6b4",ollama,qwen2.5:3b,7.278747500000463,2,1790,269,"route={""in_scope"": ""yes"", ""question_type"": ""concept"", ""lecture_topic"": ""Lecture 3 optimization Adam"", ""search_query"": ""Lecture 3 optimization Adam What two ideas are combined in Adam?""}",0.5,1.0,1,,,auto-score; manually sanity-check before final submission
E018,concept,L3,What two ideas are combined in Adam?,Adam combines momentum-like first-moment estimates with RMSProp-like adaptive second-moment estimates.,Lecture 3 Adam,momentum;RMSProp;first moment;second moment,no,answer,A2_full_without_verifier,"Adam combines two ideas: Momentum and RMSProp.

Key Course Terms:
- Adam (Momentum + RMSProp)
- Bias correction

Explanation:
The provided evidence states that ""Adam (Momentum + RMSProp) In practice, Adam with beta1 = 0.9, beta2 = 0.999, and learning_rate = 1e-3 or 5e-4 is a great starting point for many models! It works well across a wide range of models and tasks, even without much tuning"". This directly indicates that Adam combines the concepts of Momentum and RMSProp.

Evidence:
[Evidence 1]
[Evidence 2]",d822f55cebe6;5b9e4f3ef573;3b497d836c29;9e886e0a2a9c;ffa0d204e6b4,"Lecture3-2026.pdf, page 67, chunk d822f55cebe6;Lecture3-2026.pdf, page 66, chunk 5b9e4f3ef573;Lecture3-2026.pdf, page 73, chunk 3b497d836c29;Lecture3-2026.pdf, page 65, chunk 9e886e0a2a9c;T4-pytorch.pdf, page 22, chunk ffa0d204e6b4",ollama,qwen2.5:3b,4.131130416997621,2,914,166,"route={""in_scope"": ""yes"", ""question_type"": ""comparison"", ""lecture_topic"": ""Adam and Eva"", ""search_query"": ""Lecture 3 optimization Adam What two ideas are combined in Adam?""}",0.5,1.0,1,,,auto-score; manually sanity-check before final submission
E018,concept,L3,What two ideas are combined in Adam?,Adam combines momentum-like first-moment estimates with RMSProp-like adaptive second-moment estimates.,Lecture 3 Adam,momentum;RMSProp;first moment;second moment,no,answer,A3_full_topk2,"Direct Answer: In Adam, two ideas are combined: Momentum and RMSProp.
Key Terms: Momentum, RMSProp

Explanation:
Adam combines the concepts of Momentum and RMSProp. The mechanism described in Evidence [Evidence 2] indicates that at the initial stages (first few timesteps), both Momentum and RMSProp operate with a bias correction to compensate for their inherent issues with learning rate. This is further supported by Evidence [Evidence 1], which states that Adam works well across various models, even without much tuning, suggesting its effectiveness in integrating these two optimization techniques.

Bias Correction: A key component of the mechanism described in both pieces of evidence, it helps mitigate the initial slow convergence and instability issues associated with Momentum and RMSProp. This bias correction is what ties together the ideas of Momentum and RMSProp within Adam's framework.
Evidence: [Evidence 1], [Evidence 2]",d822f55cebe6;5b9e4f3ef573,"Lecture3-2026.pdf, page 67, chunk d822f55cebe6;Lecture3-2026.pdf, page 66, chunk 5b9e4f3ef573",ollama,qwen2.5:3b,6.369677958999091,3,1392,322,"route={""in_scope"": ""yes"", ""question_type"": ""comparison"", ""lecture_topic"": ""Adam and Eva"", ""search_query"": ""Lecture 3 optimization Adam What two ideas are combined in Adam?""}",1.0,1.0,1,,,auto-score; manually sanity-check before final submission
E018,concept,L3,What two ideas are combined in Adam?,Adam combines momentum-like first-moment estimates with RMSProp-like adaptive second-moment estimates.,Lecture 3 Adam,momentum;RMSProp;first moment;second moment,no,answer,A4_full_without_calculation_guard,"Adam combines two ideas: Momentum and RMSProp.

Key Course Terms:
- Adam (Momentum + RMSProp)
- Bias correction

Explanation:
The provided evidence states that ""Adam (Momentum + RMSProp) In practice, Adam with beta1 = 0.9, beta2 = 0.999, and learning_rate = 1e-3 or 5e-4 is a great starting point for many models! It works well across a wide range of models and tasks, even without much tuning"". This directly indicates that Adam combines the concepts of Momentum and RMSProp.

Evidence:
[Evidence 1]
[Evidence 2]",d822f55cebe6;5b9e4f3ef573;3b497d836c29;9e886e0a2a9c;ffa0d204e6b4,"Lecture3-2026.pdf, page 67, chunk d822f55cebe6;Lecture3-2026.pdf, page 66, chunk 5b9e4f3ef573;Lecture3-2026.pdf, page 73, chunk 3b497d836c29;Lecture3-2026.pdf, page 65, chunk 9e886e0a2a9c;T4-pytorch.pdf, page 22, chunk ffa0d204e6b4",ollama,qwen2.5:3b,8.168820416995004,3,1939,307,"route={""in_scope"": ""yes"", ""question_type"": ""comparison"", ""lecture_topic"": ""Adam and Eva"", ""search_query"": ""Lecture 3 optimization Adam What two ideas are combined in Adam?""}",0.5,1.0,1,,,auto-score; manually sanity-check before final submission
E019,concept,L4,Why do neural networks need nonlinear activation functions?,"Without nonlinear activations, stacked linear layers collapse into a single linear transformation.",Lecture 4 activation function,nonlinear;stacked linear;single linear transformation,no,answer,V0_baseline_single_call,"Neural networks require nonlinear activation functions because they enable the model to learn and represent complex, non-linear relationships within the data, which is essential for capturing intricate patterns that linear models cannot. This capability is crucial for improving the predictive performance of neural networks on a wide range of problems.

[COMP5541-ConceptOfNonlinearActivationFunctions]",,,ollama,qwen2.5:3b,1.1983257499996398,1,94,100,,0.0,0.5,0,,,auto-score; manually sanity-check before final submission
E019,concept,L4,Why do neural networks need nonlinear activation functions?,"Without nonlinear activations, stacked linear layers collapse into a single linear transformation.",Lecture 4 activation function,nonlinear;stacked linear;single linear transformation,no,answer,V1_retrieval_only,"Direct Answer: Neural networks need nonlinear activation functions because they allow the network to learn complex patterns and representations from input data that are not linearly separable.

Key Course Terms:
Artificial neural networks (ANNs), parallel distributed processors, neurons

Caveat:
The use of nonlinear activation functions is crucial for ANNs to approximate any continuous function, which is essential for learning non-linear relationships in the data. This property enables the network to model complex and intricate patterns that are not linearly separable.

Evidence: [Evidence 1], [Evidence 5]",0de2f047389f;443a442ac76e;9a9f33f90bde;07d6018e9982;2018f213759c,"Lecture 4.pdf, page 19, chunk 0de2f047389f;Lecture 5.pdf, page 12, chunk 443a442ac76e;Lecture 4.pdf, page 11, chunk 9a9f33f90bde;Lecture 4.pdf, page 40, chunk 07d6018e9982;Lecture 4.pdf, page 41, chunk 2018f213759c",ollama,qwen2.5:3b,2.809906457994657,1,600,153,,0.0,1.0,1,,,auto-score; manually sanity-check before final submission
E019,concept,L4,Why do neural networks need nonlinear activation functions?,"Without nonlinear activations, stacked linear layers collapse into a single linear transformation.",Lecture 4 activation function,nonlinear;stacked linear;single linear transformation,no,answer,V2_router_rewrite_retrieval,"Direct Answer: Neural networks need nonlinear activation functions because they allow the network to learn complex patterns and representations from input data that are not linearly separable.

Key Course Terms:
Artificial neural networks (ANNs), parallel distributed processors, neurons

Caveat:
The use of nonlinear activation functions is crucial for ANNs to approximate any continuous function, which is essential for learning non-linear relationships in the data. This property enables the network to model complex and intricate patterns that are not linearly separable.

Evidence: [Evidence 1], [Evidence 5]",0de2f047389f;443a442ac76e;9a9f33f90bde;07d6018e9982;2018f213759c,"Lecture 4.pdf, page 19, chunk 0de2f047389f;Lecture 5.pdf, page 12, chunk 443a442ac76e;Lecture 4.pdf, page 11, chunk 9a9f33f90bde;Lecture 4.pdf, page 40, chunk 07d6018e9982;Lecture 4.pdf, page 41, chunk 2018f213759c",ollama,qwen2.5:3b,3.520549624998239,2,758,201,"route={'in_scope': 'yes', 'question_type': 'concept', 'lecture_topic': 'Activation_Functions_and_Neural_Networks', 'search_query': 'COMP5541 Lectures 2-9 Why do neural networks need nonlinear activation functions?'}",0.0,1.0,1,,,auto-score; manually sanity-check before final submission
E019,concept,L4,Why do neural networks need nonlinear activation functions?,"Without nonlinear activations, stacked linear layers collapse into a single linear transformation.",Lecture 4 activation function,nonlinear;stacked linear;single linear transformation,no,answer,V3_retrieval_verifier,"Direct Answer: Neural networks need nonlinear activation functions because they allow the network to learn complex patterns and representations from input data that are not linearly separable.

Key Course Terms:
Artificial neural networks (ANNs), parallel distributed processors, neurons

Caveat:
The use of nonlinear activation functions is crucial for ANNs to approximate any continuous function, which is essential for learning non-linear relationships in the data. This property enables the network to model complex and intricate patterns that are not linearly separable.

Evidence: [Evidence 1], [Evidence 5]",0de2f047389f;443a442ac76e;9a9f33f90bde;07d6018e9982;2018f213759c,"Lecture 4.pdf, page 19, chunk 0de2f047389f;Lecture 5.pdf, page 12, chunk 443a442ac76e;Lecture 4.pdf, page 11, chunk 9a9f33f90bde;Lecture 4.pdf, page 40, chunk 07d6018e9982;Lecture 4.pdf, page 41, chunk 2018f213759c",ollama,qwen2.5:3b,5.213922207993164,2,1494,237,draft_then_verifier_rejected_overcorrection,0.0,1.0,1,,,auto-score; manually sanity-check before final submission
E019,concept,L4,Why do neural networks need nonlinear activation functions?,"Without nonlinear activations, stacked linear layers collapse into a single linear transformation.",Lecture 4 activation function,nonlinear;stacked linear;single linear transformation,no,answer,V4_full_router_retrieval_verifier,"Direct Answer: Neural networks need nonlinear activation functions because they allow the network to learn complex patterns and representations from input data that are not linearly separable.

Key Course Terms:
Artificial neural networks (ANNs), parallel distributed processors, neurons

Caveat:
The use of nonlinear activation functions is crucial for ANNs to approximate any continuous function, which is essential for learning non-linear relationships in the data. This property enables the network to model complex and intricate patterns that are not linearly separable.

Evidence: [Evidence 1], [Evidence 5]",0de2f047389f;443a442ac76e;9a9f33f90bde;07d6018e9982;2018f213759c,"Lecture 4.pdf, page 19, chunk 0de2f047389f;Lecture 5.pdf, page 12, chunk 443a442ac76e;Lecture 4.pdf, page 11, chunk 9a9f33f90bde;Lecture 4.pdf, page 40, chunk 07d6018e9982;Lecture 4.pdf, page 41, chunk 2018f213759c",ollama,qwen2.5:3b,5.882489499992516,3,1656,285,"route={""in_scope"": ""yes"", ""question_type"": ""concept"", ""lecture_topic"": ""Activation_Functions_and_Neural_Networks"", ""search_query"": ""COMP5541 Lectures 2-9 Why do neural networks need nonlinear activation functions?""}",0.0,1.0,1,,,auto-score; manually sanity-check before final submission
E019,concept,L4,Why do neural networks need nonlinear activation functions?,"Without nonlinear activations, stacked linear layers collapse into a single linear transformation.",Lecture 4 activation function,nonlinear;stacked linear;single linear transformation,no,answer,A1_full_without_router,"Direct Answer: Neural networks need nonlinear activation functions because they allow the network to learn complex patterns and representations from input data that are not linearly separable.

Key Course Terms:
Artificial neural networks (ANNs), parallel distributed processors, neurons

Caveat:
The use of nonlinear activation functions is crucial for ANNs to approximate any continuous function, which is essential for learning non-linear relationships in the data. This property enables the network to model complex and intricate patterns that are not linearly separable.

Evidence: [Evidence 1], [Evidence 5]",0de2f047389f;443a442ac76e;9a9f33f90bde;07d6018e9982;2018f213759c,"Lecture 4.pdf, page 19, chunk 0de2f047389f;Lecture 5.pdf, page 12, chunk 443a442ac76e;Lecture 4.pdf, page 11, chunk 9a9f33f90bde;Lecture 4.pdf, page 40, chunk 07d6018e9982;Lecture 4.pdf, page 41, chunk 2018f213759c",ollama,qwen2.5:3b,4.930387792002875,2,1494,237,"route={""in_scope"": ""yes"", ""question_type"": ""comparison"", ""lecture_topic"": ""COMP5541 Lectures 2-9"", ""search_query"": ""COMP5541 Lectures 2-9 Why do neural networks need nonlinear activation functions?""}",0.0,1.0,1,,,auto-score; manually sanity-check before final submission
E019,concept,L4,Why do neural networks need nonlinear activation functions?,"Without nonlinear activations, stacked linear layers collapse into a single linear transformation.",Lecture 4 activation function,nonlinear;stacked linear;single linear transformation,no,answer,A2_full_without_verifier,"Direct Answer: Neural networks need nonlinear activation functions because they allow the network to learn complex patterns and representations from input data that are not linearly separable.

Key Course Terms:
Artificial neural networks (ANNs), parallel distributed processors, neurons

Caveat:
The use of nonlinear activation functions is crucial for ANNs to approximate any continuous function, which is essential for learning non-linear relationships in the data. This property enables the network to model complex and intricate patterns that are not linearly separable.

Evidence: [Evidence 1], [Evidence 5]",0de2f047389f;443a442ac76e;9a9f33f90bde;07d6018e9982;2018f213759c,"Lecture 4.pdf, page 19, chunk 0de2f047389f;Lecture 5.pdf, page 12, chunk 443a442ac76e;Lecture 4.pdf, page 11, chunk 9a9f33f90bde;Lecture 4.pdf, page 40, chunk 07d6018e9982;Lecture 4.pdf, page 41, chunk 2018f213759c",ollama,qwen2.5:3b,3.520549624998239,2,758,201,"route={""in_scope"": ""yes"", ""question_type"": ""concept"", ""lecture_topic"": ""Activation_Functions_and_Neural_Networks"", ""search_query"": ""COMP5541 Lectures 2-9 Why do neural networks need nonlinear activation functions?""}",0.0,1.0,1,,,auto-score; manually sanity-check before final submission
E019,concept,L4,Why do neural networks need nonlinear activation functions?,"Without nonlinear activations, stacked linear layers collapse into a single linear transformation.",Lecture 4 activation function,nonlinear;stacked linear;single linear transformation,no,answer,A3_full_topk2,"Direct Answer: Neural networks require nonlinear activation functions to introduce nonlinearity into the model, allowing it to learn and represent complex patterns in data that linear models cannot.

Key Terms:
Activation Functions

Mechanism/Cause:
Nonlinear activation functions enable neural networks to approximate any continuous function, which is crucial for capturing intricate relationships within input-output mappings. Without such functions, neural networks would be limited to only representing linearly separable functions, severely restricting their ability to model complex data distributions and patterns.

Evidence: [Evidence 1], [Evidence 2]",0de2f047389f;443a442ac76e,"Lecture 4.pdf, page 19, chunk 0de2f047389f;Lecture 5.pdf, page 12, chunk 443a442ac76e",ollama,qwen2.5:3b,5.934880417000386,3,1114,379,"route={""in_scope"": ""yes"", ""question_type"": ""concept"", ""lecture_topic"": ""Activation_Functions_and_Neural_Networks"", ""search_query"": ""COMP5541 Lectures 2-9 Why do neural networks need nonlinear activation functions?""}",0.0,1.0,1,,,auto-score; manually sanity-check before final submission
E019,concept,L4,Why do neural networks need nonlinear activation functions?,"Without nonlinear activations, stacked linear layers collapse into a single linear transformation.",Lecture 4 activation function,nonlinear;stacked linear;single linear transformation,no,answer,A4_full_without_calculation_guard,"Direct Answer: Neural networks need nonlinear activation functions because they allow the network to learn complex patterns and representations from input data that are not linearly separable.

Key Course Terms:
Artificial neural networks (ANNs), parallel distributed processors, neurons

Caveat:
The use of nonlinear activation functions is crucial for ANNs to approximate any continuous function, which is essential for learning non-linear relationships in the data. This property enables the network to model complex and intricate patterns that are not linearly separable.

Evidence: [Evidence 1], [Evidence 5]",0de2f047389f;443a442ac76e;9a9f33f90bde;07d6018e9982;2018f213759c,"Lecture 4.pdf, page 19, chunk 0de2f047389f;Lecture 5.pdf, page 12, chunk 443a442ac76e;Lecture 4.pdf, page 11, chunk 9a9f33f90bde;Lecture 4.pdf, page 40, chunk 07d6018e9982;Lecture 4.pdf, page 41, chunk 2018f213759c",ollama,qwen2.5:3b,5.882489499992516,3,1656,285,"route={""in_scope"": ""yes"", ""question_type"": ""concept"", ""lecture_topic"": ""Activation_Functions_and_Neural_Networks"", ""search_query"": ""COMP5541 Lectures 2-9 Why do neural networks need nonlinear activation functions?""}",0.0,1.0,1,,,auto-score; manually sanity-check before final submission
E020,concept,L4,What is the key limitation of linear models that neural networks address?,Linear models have linear decision boundaries and cannot separate data that are nonlinear in nature.,Lecture 4 limitation of linear models,linear decision boundary;nonlinear data,no,answer,V0_baseline_single_call,The key limitation of linear models that neural networks address is their inability to model complex non-linear relationships between variables effectively (COMP5541-3).,,,ollama,qwen2.5:3b,0.6185273329974734,1,97,42,,0.0,0.5,0,,,auto-score; manually sanity-check before final submission
E020,concept,L4,What is the key limitation of linear models that neural networks address?,Linear models have linear decision boundaries and cannot separate data that are nonlinear in nature.,Lecture 4 limitation of linear models,linear decision boundary;nonlinear data,no,answer,V1_retrieval_only,"Key limitation: Linear models have linear decision boundaries, which cannot learn non-linear relationships in data.

Artificial Neural Networks (ANNs) address this by being non-linear models that can learn complex patterns and hierarchically feature representations from data. 

Evidence: [Evidence 1], [Evidence 4]",1a54fdf8bbe5;9a9f33f90bde;07d6018e9982;2018f213759c;d58296a708d0,"Lecture 4.pdf, page 8, chunk 1a54fdf8bbe5;Lecture 4.pdf, page 11, chunk 9a9f33f90bde;Lecture 4.pdf, page 40, chunk 07d6018e9982;Lecture 4.pdf, page 41, chunk 2018f213759c;Lecture 4.pdf, page 79, chunk d58296a708d0",ollama,qwen2.5:3b,2.1798387090020697,1,727,78,,0.0,1.0,1,,,auto-score; manually sanity-check before final submission
E020,concept,L4,What is the key limitation of linear models that neural networks address?,Linear models have linear decision boundaries and cannot separate data that are nonlinear in nature.,Lecture 4 limitation of linear models,linear decision boundary;nonlinear data,no,answer,V2_router_rewrite_retrieval,"The key limitation of linear models that neural networks address is their inability to learn non-linear decision boundaries. This is addressed by the mechanism of artificial neural networks, which consist of parallel distributed processors (neurons) inspired by biological neural networks.

Key course terms: Artificial Neural Networks

Caveat: Linear models have linear decision boundaries and cannot separate data with complex, non-linear relationships.

Evidence:
[Evidence 1]
[Evidence 2]",1a54fdf8bbe5;9a9f33f90bde;07d6018e9982;2018f213759c;711cef234474,"Lecture 4.pdf, page 8, chunk 1a54fdf8bbe5;Lecture 4.pdf, page 11, chunk 9a9f33f90bde;Lecture 4.pdf, page 40, chunk 07d6018e9982;Lecture 4.pdf, page 41, chunk 2018f213759c;Lecture 5.pdf, page 1, chunk 711cef234474",ollama,qwen2.5:3b,3.2982576249996782,2,833,168,"route={'in_scope': 'yes', 'question_type': 'concept', 'lecture_topic': 'neural_networks_and_deep_learning', 'search_query': 'COMP5541 Lectures 2-9 What is the key limitation of linear models that neural networks address?'}",0.0,1.0,1,,,auto-score; manually sanity-check before final submission
E020,concept,L4,What is the key limitation of linear models that neural networks address?,Linear models have linear decision boundaries and cannot separate data that are nonlinear in nature.,Lecture 4 limitation of linear models,linear decision boundary;nonlinear data,no,answer,V3_retrieval_verifier,"Key limitation: Linear models have linear decision boundaries, which cannot learn non-linear relationships in data.

Artificial Neural Networks (ANNs) address this by being non-linear models that can learn complex patterns and hierarchically feature representations from data. 

Evidence: [Evidence 1], [Evidence 4]",1a54fdf8bbe5;9a9f33f90bde;07d6018e9982;2018f213759c;d58296a708d0,"Lecture 4.pdf, page 8, chunk 1a54fdf8bbe5;Lecture 4.pdf, page 11, chunk 9a9f33f90bde;Lecture 4.pdf, page 40, chunk 07d6018e9982;Lecture 4.pdf, page 41, chunk 2018f213759c;Lecture 4.pdf, page 79, chunk d58296a708d0",ollama,qwen2.5:3b,4.72722566700395,2,1677,158,draft_then_verifier_rejected_overcorrection,0.0,1.0,1,,,auto-score; manually sanity-check before final submission
E020,concept,L4,What is the key limitation of linear models that neural networks address?,Linear models have linear decision boundaries and cannot separate data that are nonlinear in nature.,Lecture 4 limitation of linear models,linear decision boundary;nonlinear data,no,answer,V4_full_router_retrieval_verifier,"The key limitation of linear models that neural networks address is their inability to learn non-linear decision boundaries. This is addressed by the mechanism of artificial neural networks, which consist of parallel distributed processors (neurons) inspired by biological neural networks.

Key course terms: Artificial Neural Networks

Caveat: Linear models have linear decision boundaries and cannot separate data with complex, non-linear relationships.

Evidence:
[Evidence 1]
[Evidence 2]",1a54fdf8bbe5;9a9f33f90bde;07d6018e9982;2018f213759c;711cef234474,"Lecture 4.pdf, page 8, chunk 1a54fdf8bbe5;Lecture 4.pdf, page 11, chunk 9a9f33f90bde;Lecture 4.pdf, page 40, chunk 07d6018e9982;Lecture 4.pdf, page 41, chunk 2018f213759c;Lecture 5.pdf, page 1, chunk 711cef234474",ollama,qwen2.5:3b,5.775183624995407,3,1775,256,"route={""in_scope"": ""yes"", ""question_type"": ""concept"", ""lecture_topic"": ""neural_networks_and_deep_learning"", ""search_query"": ""COMP5541 Lectures 2-9 What is the key limitation of linear models that neural networks address?""}",0.0,1.0,1,,,auto-score; manually sanity-check before final submission
E020,concept,L4,What is the key limitation of linear models that neural networks address?,Linear models have linear decision boundaries and cannot separate data that are nonlinear in nature.,Lecture 4 limitation of linear models,linear decision boundary;nonlinear data,no,answer,A1_full_without_router,"The key limitation of linear models that neural networks address is their inability to learn non-linear decision boundaries. This is addressed by the mechanism of artificial neural networks, which consist of parallel distributed processors (neurons) inspired by biological neural networks.

Key course terms: Artificial Neural Networks

Caveat: Linear models have linear decision boundaries and cannot separate data with complex, non-linear relationships.

Evidence:
[Evidence 1]
[Evidence 2]",1a54fdf8bbe5;9a9f33f90bde;07d6018e9982;2018f213759c;711cef234474,"Lecture 4.pdf, page 8, chunk 1a54fdf8bbe5;Lecture 4.pdf, page 11, chunk 9a9f33f90bde;Lecture 4.pdf, page 40, chunk 07d6018e9982;Lecture 4.pdf, page 41, chunk 2018f213759c;Lecture 5.pdf, page 1, chunk 711cef234474",ollama,qwen2.5:3b,4.816118833994551,2,1611,211,"route={""in_scope"": ""yes"", ""question_type"": ""concept"", ""lecture_topic"": ""COMP5541 Lectures 2-9"", ""search_query"": ""COMP5541 Lectures 2-9 What is the key limitation of linear models that neural networks address?""}",0.0,1.0,1,,,auto-score; manually sanity-check before final submission
E020,concept,L4,What is the key limitation of linear models that neural networks address?,Linear models have linear decision boundaries and cannot separate data that are nonlinear in nature.,Lecture 4 limitation of linear models,linear decision boundary;nonlinear data,no,answer,A2_full_without_verifier,"The key limitation of linear models that neural networks address is their inability to learn non-linear decision boundaries. This is addressed by the mechanism of artificial neural networks, which consist of parallel distributed processors (neurons) inspired by biological neural networks.

Key course terms: Artificial Neural Networks

Caveat: Linear models have linear decision boundaries and cannot separate data with complex, non-linear relationships.

Evidence:
[Evidence 1]
[Evidence 2]",1a54fdf8bbe5;9a9f33f90bde;07d6018e9982;2018f213759c;711cef234474,"Lecture 4.pdf, page 8, chunk 1a54fdf8bbe5;Lecture 4.pdf, page 11, chunk 9a9f33f90bde;Lecture 4.pdf, page 40, chunk 07d6018e9982;Lecture 4.pdf, page 41, chunk 2018f213759c;Lecture 5.pdf, page 1, chunk 711cef234474",ollama,qwen2.5:3b,3.2982576249996782,2,833,168,"route={""in_scope"": ""yes"", ""question_type"": ""concept"", ""lecture_topic"": ""neural_networks_and_deep_learning"", ""search_query"": ""COMP5541 Lectures 2-9 What is the key limitation of linear models that neural networks address?""}",0.0,1.0,1,,,auto-score; manually sanity-check before final submission
E020,concept,L4,What is the key limitation of linear models that neural networks address?,Linear models have linear decision boundaries and cannot separate data that are nonlinear in nature.,Lecture 4 limitation of linear models,linear decision boundary;nonlinear data,no,answer,A3_full_topk2,"Key limitation: Linear models struggle with non-linear decision boundaries, which is addressed by artificial neural networks.

Artificial Neural Networks (ANNs): These are computational models inspired by the biological neural networks. ANNs consist of parallel distributed processors made up of simple processing units called neurons.
Linear Decision Boundaries: Linear models have linear decision boundaries and cannot learn to separate data that are non-linear in nature.

Evidence: [1] [2]",1a54fdf8bbe5;9a9f33f90bde,"Lecture 4.pdf, page 8, chunk 1a54fdf8bbe5;Lecture 4.pdf, page 11, chunk 9a9f33f90bde",ollama,qwen2.5:3b,5.5284969589993125,3,1237,297,"route={""in_scope"": ""yes"", ""question_type"": ""concept"", ""lecture_topic"": ""neural_networks_and_deep_learning"", ""search_query"": ""COMP5541 Lectures 2-9 What is the key limitation of linear models that neural networks address?""}",0.0,1.0,1,,,auto-score; manually sanity-check before final submission
E020,concept,L4,What is the key limitation of linear models that neural networks address?,Linear models have linear decision boundaries and cannot separate data that are nonlinear in nature.,Lecture 4 limitation of linear models,linear decision boundary;nonlinear data,no,answer,A4_full_without_calculation_guard,"The key limitation of linear models that neural networks address is their inability to learn non-linear decision boundaries. This is addressed by the mechanism of artificial neural networks, which consist of parallel distributed processors (neurons) inspired by biological neural networks.

Key course terms: Artificial Neural Networks

Caveat: Linear models have linear decision boundaries and cannot separate data with complex, non-linear relationships.

Evidence:
[Evidence 1]
[Evidence 2]",1a54fdf8bbe5;9a9f33f90bde;07d6018e9982;2018f213759c;711cef234474,"Lecture 4.pdf, page 8, chunk 1a54fdf8bbe5;Lecture 4.pdf, page 11, chunk 9a9f33f90bde;Lecture 4.pdf, page 40, chunk 07d6018e9982;Lecture 4.pdf, page 41, chunk 2018f213759c;Lecture 5.pdf, page 1, chunk 711cef234474",ollama,qwen2.5:3b,5.775183624995407,3,1775,256,"route={""in_scope"": ""yes"", ""question_type"": ""concept"", ""lecture_topic"": ""neural_networks_and_deep_learning"", ""search_query"": ""COMP5541 Lectures 2-9 What is the key limitation of linear models that neural networks address?""}",0.0,1.0,1,,,auto-score; manually sanity-check before final submission
E021,calculation,L4,"For a neuron y=f(w1*x1+w2*x2), what term multiplies the upstream gradient when computing dL/dw1?","The local derivative contributes f'(z)*x1, multiplied by the upstream gradient dL/dy.",Lecture 4 artificial neuron backprop,upstream gradient;f'(z);x1,no,answer,V0_baseline_single_call,"To determine the term that multiplies the upstream gradient when computing \( \frac{dL}{dw_1} \) for the neuron given by \( y = f(w_1 x_1 + w_2 x_2) \), we need to apply the chain rule of differentiation.

Given:
\[ y = f(w_1 x_1 + w_2 x_2) \]

The upstream gradient in this context refers to the partial derivative with respect to \( w_1 \). When computing \( \frac{dL}{dw_1} \), we need to consider how changes in \( w_1 \) affect the loss function \( L \).

Using the chain rule:
\[ \frac{dL}{dw_1} = \frac{\partial L}{\partial y} \cdot \frac{\partial y}{\partial (w_1 x_1 + w_2 x_2)} \]

Here, \( \frac{\partial L}{\partial y} \) is the upstream gradient from the loss function to the neuron output. The term that multiplies this upstream gradient is:
\[ \frac{\partial y}{\partial (w_1 x_1 + w_2 x_2)} = x_1 \]

Therefore, \( x_1 \) multiplies the upstream gradient when computing \( \frac{dL}{dw_1} \).",,,ollama,qwen2.5:3b,4.55585583300126,1,103,227,,0.0,0.5,0,,,auto-score; manually sanity-check before final submission
E021,calculation,L4,"For a neuron y=f(w1*x1+w2*x2), what term multiplies the upstream gradient when computing dL/dw1?","The local derivative contributes f'(z)*x1, multiplied by the upstream gradient dL/dy.",Lecture 4 artificial neuron backprop,upstream gradient;f'(z);x1,no,answer,V1_retrieval_only,"The term that multiplies the upstream gradient when computing dL/dw1 is the downstream gradient.

Key Course Terms:
- Downstream gradient
- Upstream gradient

Calculation:
dL/dw1 = dL/dz * dz/dw1

Assuming we have a loss function L and weights w1, with z being the weighted sum of inputs before activation (f), then:

dz/dw1 = x1  (since y=f(w1*x1+w2*x2) is linear)

If we assume dL/dz from previous calculations or given information:
dL/dz = -2x1

Then, substituting into the formula:
dL/dw1 = (-2x1) * x1
         = -2x1^2

Evidence: [Evidence 1], [Evidence 2]",66ea25be3e2f;b696a1d4038c;bef5e3e39f7b;de4028d8a9ab;071f335e7bac,"Lecture 4.pdf, page 57, chunk 66ea25be3e2f;Lecture 4.pdf, page 58, chunk b696a1d4038c;Lecture 4.pdf, page 15, chunk bef5e3e39f7b;Lecture 4.pdf, page 44, chunk de4028d8a9ab;Lecture 5.pdf, page 61, chunk 071f335e7bac",ollama,qwen2.5:3b,4.196723417000612,1,588,140,,1.0,1.0,1,,,auto-score; manually sanity-check before final submission
E021,calculation,L4,"For a neuron y=f(w1*x1+w2*x2), what term multiplies the upstream gradient when computing dL/dw1?","The local derivative contributes f'(z)*x1, multiplied by the upstream gradient dL/dy.",Lecture 4 artificial neuron backprop,upstream gradient;f'(z);x1,no,answer,V2_router_rewrite_retrieval,"The term that multiplies the upstream gradient when computing dL/dw1 is the downstream gradient.

Key Course Terms:
- Downstream gradient
- Upstream gradient

Calculation:
dL/dw1 = dL/dz * dz/dw1

Assuming we have a loss function L and weights w1, with z being the weighted sum of inputs before activation (f), then:

dz/dw1 = x1  (since y=f(w1*x1+w2*x2) is linear)

If we assume dL/dz from previous calculations or given information:
dL/dz = -2x1

Then, substituting into the formula:
dL/dw1 = (-2x1) * x1
         = -2x1^2

Evidence: [Evidence 1], [Evidence 2]",66ea25be3e2f;b696a1d4038c;bef5e3e39f7b;de4028d8a9ab;071f335e7bac,"Lecture 4.pdf, page 57, chunk 66ea25be3e2f;Lecture 4.pdf, page 58, chunk b696a1d4038c;Lecture 4.pdf, page 15, chunk bef5e3e39f7b;Lecture 4.pdf, page 44, chunk de4028d8a9ab;Lecture 5.pdf, page 61, chunk 071f335e7bac",ollama,qwen2.5:3b,5.975545042005251,2,755,257,"route={'in_scope': 'yes', 'question_type': 'calculation', 'lecture_topic': 'backpropagation and neural networks', 'search_query': 'COMP5541 Lectures 2-9 For a neuron y=f(w1*x1+w2*x2), what term multiplies the upstream gradient when computing dL/dw1?'}",1.0,1.0,1,,,auto-score; manually sanity-check before final submission
E021,calculation,L4,"For a neuron y=f(w1*x1+w2*x2), what term multiplies the upstream gradient when computing dL/dw1?","The local derivative contributes f'(z)*x1, multiplied by the upstream gradient dL/dy.",Lecture 4 artificial neuron backprop,upstream gradient;f'(z);x1,no,answer,V3_retrieval_verifier,"Let z = w1*x1 + w2*x2 and y = f(z). By the chain rule, dL/dw1 = (dL/dy) * f'(z) * x1. Therefore the upstream gradient is multiplied by the local derivative f'(z)*x1.

Evidence: Evidence 1; Evidence 2; Evidence 3",66ea25be3e2f;b696a1d4038c;bef5e3e39f7b;de4028d8a9ab;071f335e7bac,"Lecture 4.pdf, page 57, chunk 66ea25be3e2f;Lecture 4.pdf, page 58, chunk b696a1d4038c;Lecture 4.pdf, page 15, chunk bef5e3e39f7b;Lecture 4.pdf, page 44, chunk de4028d8a9ab;Lecture 5.pdf, page 61, chunk 071f335e7bac",ollama,qwen2.5:3b,4.196723417000612,1,588,140,draft_then_calculation_guard,1.0,1.0,1,,,auto-score; manually sanity-check before final submission
E021,calculation,L4,"For a neuron y=f(w1*x1+w2*x2), what term multiplies the upstream gradient when computing dL/dw1?","The local derivative contributes f'(z)*x1, multiplied by the upstream gradient dL/dy.",Lecture 4 artificial neuron backprop,upstream gradient;f'(z);x1,no,answer,V4_full_router_retrieval_verifier,"Let z = w1*x1 + w2*x2 and y = f(z). By the chain rule, dL/dw1 = (dL/dy) * f'(z) * x1. Therefore the upstream gradient is multiplied by the local derivative f'(z)*x1.

Evidence: Evidence 1; Evidence 2; Evidence 3",66ea25be3e2f;b696a1d4038c;bef5e3e39f7b;de4028d8a9ab;071f335e7bac,"Lecture 4.pdf, page 57, chunk 66ea25be3e2f;Lecture 4.pdf, page 58, chunk b696a1d4038c;Lecture 4.pdf, page 15, chunk bef5e3e39f7b;Lecture 4.pdf, page 44, chunk de4028d8a9ab;Lecture 5.pdf, page 61, chunk 071f335e7bac",ollama,qwen2.5:3b,5.975545042005251,2,755,257,"route={""in_scope"": ""yes"", ""question_type"": ""calculation"", ""lecture_topic"": ""backpropagation and neural networks"", ""search_query"": ""COMP5541 Lectures 2-9 For a neuron y=f(w1*x1+w2*x2), what term multiplies the upstream gradient when computing dL/dw1?""}",1.0,1.0,1,,,auto-score; manually sanity-check before final submission
E021,calculation,L4,"For a neuron y=f(w1*x1+w2*x2), what term multiplies the upstream gradient when computing dL/dw1?","The local derivative contributes f'(z)*x1, multiplied by the upstream gradient dL/dy.",Lecture 4 artificial neuron backprop,upstream gradient;f'(z);x1,no,answer,A1_full_without_router,"Let z = w1*x1 + w2*x2 and y = f(z). By the chain rule, dL/dw1 = (dL/dy) * f'(z) * x1. Therefore the upstream gradient is multiplied by the local derivative f'(z)*x1.

Evidence: Evidence 1; Evidence 2; Evidence 3",66ea25be3e2f;b696a1d4038c;bef5e3e39f7b;de4028d8a9ab;071f335e7bac,"Lecture 4.pdf, page 57, chunk 66ea25be3e2f;Lecture 4.pdf, page 58, chunk b696a1d4038c;Lecture 4.pdf, page 15, chunk bef5e3e39f7b;Lecture 4.pdf, page 44, chunk de4028d8a9ab;Lecture 5.pdf, page 61, chunk 071f335e7bac",ollama,qwen2.5:3b,3.973783500005084,1,588,140,"route={""in_scope"": ""yes"", ""question_type"": ""calculation"", ""lecture_topic"": ""COMP5541 Lectures 2-9"", ""search_query"": ""COMP5541 Lectures 2-9 For a neuron y=f(w1*x1+w2*x2), what term multiplies the upstream gradient when computing dL/dw1?""}",1.0,1.0,1,,,auto-score; manually sanity-check before final submission
E021,calculation,L4,"For a neuron y=f(w1*x1+w2*x2), what term multiplies the upstream gradient when computing dL/dw1?","The local derivative contributes f'(z)*x1, multiplied by the upstream gradient dL/dy.",Lecture 4 artificial neuron backprop,upstream gradient;f'(z);x1,no,answer,A2_full_without_verifier,"The term that multiplies the upstream gradient when computing dL/dw1 is the downstream gradient.

Key Course Terms:
- Downstream gradient
- Upstream gradient

Calculation:
dL/dw1 = dL/dz * dz/dw1

Assuming we have a loss function L and weights w1, with z being the weighted sum of inputs before activation (f), then:

dz/dw1 = x1  (since y=f(w1*x1+w2*x2) is linear)

If we assume dL/dz from previous calculations or given information:
dL/dz = -2x1

Then, substituting into the formula:
dL/dw1 = (-2x1) * x1
         = -2x1^2

Evidence: [Evidence 1], [Evidence 2]",66ea25be3e2f;b696a1d4038c;bef5e3e39f7b;de4028d8a9ab;071f335e7bac,"Lecture 4.pdf, page 57, chunk 66ea25be3e2f;Lecture 4.pdf, page 58, chunk b696a1d4038c;Lecture 4.pdf, page 15, chunk bef5e3e39f7b;Lecture 4.pdf, page 44, chunk de4028d8a9ab;Lecture 5.pdf, page 61, chunk 071f335e7bac",ollama,qwen2.5:3b,5.975545042005251,2,755,257,"route={""in_scope"": ""yes"", ""question_type"": ""calculation"", ""lecture_topic"": ""backpropagation and neural networks"", ""search_query"": ""COMP5541 Lectures 2-9 For a neuron y=f(w1*x1+w2*x2), what term multiplies the upstream gradient when computing dL/dw1?""}",1.0,1.0,1,,,auto-score; manually sanity-check before final submission
E021,calculation,L4,"For a neuron y=f(w1*x1+w2*x2), what term multiplies the upstream gradient when computing dL/dw1?","The local derivative contributes f'(z)*x1, multiplied by the upstream gradient dL/dy.",Lecture 4 artificial neuron backprop,upstream gradient;f'(z);x1,no,answer,A3_full_topk2,"Let z = w1*x1 + w2*x2 and y = f(z). By the chain rule, dL/dw1 = (dL/dy) * f'(z) * x1. Therefore the upstream gradient is multiplied by the local derivative f'(z)*x1.

Evidence: Evidence 1; Evidence 2",66ea25be3e2f;b696a1d4038c,"Lecture 4.pdf, page 57, chunk 66ea25be3e2f;Lecture 4.pdf, page 58, chunk b696a1d4038c",ollama,qwen2.5:3b,4.196133208999527,2,500,228,"route={""in_scope"": ""yes"", ""question_type"": ""calculation"", ""lecture_topic"": ""backpropagation and neural networks"", ""search_query"": ""COMP5541 Lectures 2-9 For a neuron y=f(w1*x1+w2*x2), what term multiplies the upstream gradient when computing dL/dw1?""}",1.0,1.0,1,,,auto-score; manually sanity-check before final submission
E021,calculation,L4,"For a neuron y=f(w1*x1+w2*x2), what term multiplies the upstream gradient when computing dL/dw1?","The local derivative contributes f'(z)*x1, multiplied by the upstream gradient dL/dy.",Lecture 4 artificial neuron backprop,upstream gradient;f'(z);x1,no,answer,A4_full_without_calculation_guard,"The term that multiplies the upstream gradient when computing dL/dw1 is the downstream gradient.

Key Course Terms:
- Downstream gradient
- Upstream gradient

Calculation:
dL/dw1 = dL/dz * dz/dw1

Assuming we have a loss function L and weights w1, with z being the weighted sum of inputs before activation (f), then:

dz/dw1 = x1  (since y=f(w1*x1+w2*x2) is linear)

If we assume dL/dz from previous calculations or given information:
dL/dz = -2x1

Then, substituting into the formula:
dL/dw1 = (-2x1) * x1
         = -2x1^2

Evidence: [Evidence 1], [Evidence 2]",66ea25be3e2f;b696a1d4038c;bef5e3e39f7b;de4028d8a9ab;071f335e7bac,"Lecture 4.pdf, page 57, chunk 66ea25be3e2f;Lecture 4.pdf, page 58, chunk b696a1d4038c;Lecture 4.pdf, page 15, chunk bef5e3e39f7b;Lecture 4.pdf, page 44, chunk de4028d8a9ab;Lecture 5.pdf, page 61, chunk 071f335e7bac",ollama,qwen2.5:3b,10.4723278340025,3,1638,388,"route={""in_scope"": ""yes"", ""question_type"": ""calculation"", ""lecture_topic"": ""backpropagation and neural networks"", ""search_query"": ""COMP5541 Lectures 2-9 For a neuron y=f(w1*x1+w2*x2), what term multiplies the upstream gradient when computing dL/dw1?""}",1.0,1.0,1,,,auto-score; manually sanity-check before final submission
E022,concept,L4,What are the main steps of backpropagation in a neural network?,"Run the forward pass, compute the loss, propagate gradients backward using the chain rule, and update weights.",Lecture 4 backprop overview,forward pass;loss;chain rule;update weights,no,answer,V0_baseline_single_call,"Backpropagation involves several key steps to adjust weights in a neural network for minimizing error during training. The main steps are as follows:

1. **Forward Propagation**: Forward propagation is where input data flows through the network, layer by layer, until it reaches the output layer. During this process, each neuron computes its weighted sum of inputs and applies an activation function to produce an output.

2. **Compute Error at Output Layer**: After forward propagation, error (or loss) is calculated between the predicted output and the actual output using a cost or loss function such as Mean Squared Error (MSE). This error value represents how far off the network's predictions are from the true values.

3. **Backward Propagation of Errors**: The errors are then propagated backward through the network, starting from the output layer and moving towards the input layer. For each neuron in a hidden layer, the error is calculated as the sum of its weighted inputs (from all neurons in the next layer) times the derivative of the activation function at that neuron.

4. **Update Weights**: Using the computed errors, weights are updated using an optimization algorithm such as Gradient Descent. The weight update for each connection between two neurons can be formulated as:
   \[
   w_{ij} = w_{ij} - \eta \cdot \frac{\partial E}{\partial w_{ij}}
   \]
   where \(w_{ij}\) is the weight connecting neuron i in layer j to neuron j+1, and \(\eta\) (the learning rate) controls how much the weights are updated.

5. **Repeat**: Steps 2 through 4 are repeated for each training example until all examples have been processed or a certain number of iterations have been completed.

These steps form the core of backpropagation in neural networks, enabling them to learn from data and improve their performance over time.",,,ollama,qwen2.5:3b,6.161273457997595,1,95,459,,0.5,0.5,0,,,auto-score; manually sanity-check before final submission
E022,concept,L4,What are the main steps of backpropagation in a neural network?,"Run the forward pass, compute the loss, propagate gradients backward using the chain rule, and update weights.",Lecture 4 backprop overview,forward pass;loss;chain rule;update weights,no,answer,V1_retrieval_only,"The main steps of backpropagation in a neural network are as follows:

- Forward pass: Calculate the output of the network given an input.
- Compute loss: Compare the network's output with the actual data and calculate the error (loss).
- Backward pass: Propagate the error from the output layer to the input layer, adjusting weights along the way. This involves calculating gradients for each weight using the chain rule.

Key Course Terms:
Backpropagation
Forward Pass
Loss Function

Evidence: [Evidence 1], [Evidence 4]",1ba8d426f18d;1706a8159e83;0471caacd4ab;2e3bccbe1bee;574d217145bf,"Lecture 6(2).pdf, page 10, chunk 1ba8d426f18d;Lecture 4.pdf, page 7, chunk 1706a8159e83;Lecture 4.pdf, page 25, chunk 0471caacd4ab;Lecture 4.pdf, page 43, chunk 2e3bccbe1bee;Lecture 4.pdf, page 85, chunk 574d217145bf",ollama,qwen2.5:3b,2.668137957996805,1,504,130,,1.0,1.0,1,,,auto-score; manually sanity-check before final submission
E022,concept,L4,What are the main steps of backpropagation in a neural network?,"Run the forward pass, compute the loss, propagate gradients backward using the chain rule, and update weights.",Lecture 4 backprop overview,forward pass;loss;chain rule;update weights,no,answer,V2_router_rewrite_retrieval,"The main steps of backpropagation in a neural network are as follows:

1. Forward Propagation: This is the process where input data flows through the network, layer by layer, until it reaches the output layer.
2. Compute Loss: After the forward pass, the loss (error) between the predicted output and actual output is calculated using an appropriate loss function like Mean Squared Error or Cross-Entropy Loss.
3. Backward Propagation: This step involves computing gradients of the loss with respect to all weights in the network. It starts from the output layer and moves backwards through each layer, calculating gradients for each weight.
4. Update Weights: Using the computed gradients, the weights are updated using an optimization algorithm such as Gradient Descent or its variants like Adam or RMSProp.

Key Course Terms:
- Forward Propagation
- Loss Function
- Backward Propagation
- Optimization Algorithm

Evidence:
[Evidence 1]
[Evidence 2]
[Evidence 3]
[Evidence 4]",2291a5993c5a;1706a8159e83;2e3bccbe1bee;574d217145bf;1ba8d426f18d,"Lecture 4.pdf, page 1, chunk 2291a5993c5a;Lecture 4.pdf, page 7, chunk 1706a8159e83;Lecture 4.pdf, page 43, chunk 2e3bccbe1bee;Lecture 4.pdf, page 85, chunk 574d217145bf;Lecture 6(2).pdf, page 10, chunk 1ba8d426f18d",ollama,qwen2.5:3b,5.832738291002897,2,687,358,"route={'in_scope': 'yes', 'question_type': 'concept', 'lecture_topic': 'L4 - Neural Networks and Backpropagation', 'search_query': 'Lecture 4 backpropagation What are the main steps of backpropagation in a neural network?'}",1.0,1.0,1,,,auto-score; manually sanity-check before final submission
E022,concept,L4,What are the main steps of backpropagation in a neural network?,"Run the forward pass, compute the loss, propagate gradients backward using the chain rule, and update weights.",Lecture 4 backprop overview,forward pass;loss;chain rule;update weights,no,answer,V3_retrieval_verifier,"The main steps of backpropagation in a neural network are as follows:

- Forward pass: Calculate the output of the network given an input.
- Compute loss: Compare the network's output with the actual data and calculate the error (loss).
- Backward pass: Propagate the error from the output layer to the input layer, adjusting weights along the way. This involves calculating gradients for each weight using the chain rule.

Key Course Terms:
Backpropagation
Forward Pass
Loss Function

Evidence: [Evidence 1], [Evidence 4]",1ba8d426f18d;1706a8159e83;0471caacd4ab;2e3bccbe1bee;574d217145bf,"Lecture 6(2).pdf, page 10, chunk 1ba8d426f18d;Lecture 4.pdf, page 7, chunk 1706a8159e83;Lecture 4.pdf, page 25, chunk 0471caacd4ab;Lecture 4.pdf, page 43, chunk 2e3bccbe1bee;Lecture 4.pdf, page 85, chunk 574d217145bf",ollama,qwen2.5:3b,5.130904457997531,2,1282,224,draft_then_verifier_rejected_overcorrection,1.0,1.0,1,,,auto-score; manually sanity-check before final submission
E022,concept,L4,What are the main steps of backpropagation in a neural network?,"Run the forward pass, compute the loss, propagate gradients backward using the chain rule, and update weights.",Lecture 4 backprop overview,forward pass;loss;chain rule;update weights,no,answer,V4_full_router_retrieval_verifier,"The main steps of backpropagation in a neural network are as follows:

1. Forward Propagation: This is the process where input data flows through the network, layer by layer, until it reaches the output layer.
2. Compute Loss: After the forward pass, the loss (error) between the predicted output and actual output is calculated using an appropriate loss function like Mean Squared Error or Cross-Entropy Loss.
3. Backward Propagation: This step involves computing gradients of the loss with respect to all weights in the network. It starts from the output layer and moves backwards through each layer, calculating gradients for each weight.
4. Update Weights: Using the computed gradients, the weights are updated using an optimization algorithm such as Gradient Descent or its variants like Adam or RMSProp.

Key Course Terms:
- Forward Propagation
- Loss Function
- Backward Propagation
- Optimization Algorithm

Evidence:
[Evidence 1]
[Evidence 2]
[Evidence 3]
[Evidence 4]",2291a5993c5a;1706a8159e83;2e3bccbe1bee;574d217145bf;1ba8d426f18d,"Lecture 4.pdf, page 1, chunk 2291a5993c5a;Lecture 4.pdf, page 7, chunk 1706a8159e83;Lecture 4.pdf, page 43, chunk 2e3bccbe1bee;Lecture 4.pdf, page 85, chunk 574d217145bf;Lecture 6(2).pdf, page 10, chunk 1ba8d426f18d",ollama,qwen2.5:3b,7.844271624006069,3,1607,398,"route={""in_scope"": ""yes"", ""question_type"": ""concept"", ""lecture_topic"": ""L4 - Neural Networks and Backpropagation"", ""search_query"": ""Lecture 4 backpropagation What are the main steps of backpropagation in a neural network?""}",1.0,1.0,1,,,auto-score; manually sanity-check before final submission
E022,concept,L4,What are the main steps of backpropagation in a neural network?,"Run the forward pass, compute the loss, propagate gradients backward using the chain rule, and update weights.",Lecture 4 backprop overview,forward pass;loss;chain rule;update weights,no,answer,A1_full_without_router,"The main steps of backpropagation in a neural network are as follows:

1. Forward Propagation: This is the process where input data flows through the network, layer by layer, until it reaches the output layer.
2. Compute Loss: After the forward pass, the loss (error) between the predicted output and actual output is calculated using an appropriate loss function like Mean Squared Error or Cross-Entropy Loss.
3. Backward Propagation: This step involves computing gradients of the loss with respect to all weights in the network. It starts from the output layer and moves backwards through each layer, calculating gradients for each weight.
4. Update Weights: Using the computed gradients, the weights are updated using an optimization algorithm such as Gradient Descent or its variants like Adam or RMSProp.

Key Course Terms:
- Forward Propagation
- Loss Function
- Backward Propagation
- Optimization Algorithm

Evidence:
[Evidence 1]
[Evidence 2]
[Evidence 3]
[Evidence 4]",2291a5993c5a;1706a8159e83;2e3bccbe1bee;574d217145bf;1ba8d426f18d,"Lecture 4.pdf, page 1, chunk 2291a5993c5a;Lecture 4.pdf, page 7, chunk 1706a8159e83;Lecture 4.pdf, page 43, chunk 2e3bccbe1bee;Lecture 4.pdf, page 85, chunk 574d217145bf;Lecture 6(2).pdf, page 10, chunk 1ba8d426f18d",ollama,qwen2.5:3b,8.76279362400237,2,1444,484,"route={""in_scope"": ""yes"", ""question_type"": ""concept"", ""lecture_topic"": ""Lecture 4 backpropagation"", ""search_query"": ""Lecture 4 backpropagation What are the main steps of backpropagation in a neural network?""}",1.0,1.0,1,,,auto-score; manually sanity-check before final submission
E022,concept,L4,What are the main steps of backpropagation in a neural network?,"Run the forward pass, compute the loss, propagate gradients backward using the chain rule, and update weights.",Lecture 4 backprop overview,forward pass;loss;chain rule;update weights,no,answer,A2_full_without_verifier,"The main steps of backpropagation in a neural network are as follows:

1. Forward Propagation: This is the process where input data flows through the network, layer by layer, until it reaches the output layer.
2. Compute Loss: After the forward pass, the loss (error) between the predicted output and actual output is calculated using an appropriate loss function like Mean Squared Error or Cross-Entropy Loss.
3. Backward Propagation: This step involves computing gradients of the loss with respect to all weights in the network. It starts from the output layer and moves backwards through each layer, calculating gradients for each weight.
4. Update Weights: Using the computed gradients, the weights are updated using an optimization algorithm such as Gradient Descent or its variants like Adam or RMSProp.

Key Course Terms:
- Forward Propagation
- Loss Function
- Backward Propagation
- Optimization Algorithm

Evidence:
[Evidence 1]
[Evidence 2]
[Evidence 3]
[Evidence 4]",2291a5993c5a;1706a8159e83;2e3bccbe1bee;574d217145bf;1ba8d426f18d,"Lecture 4.pdf, page 1, chunk 2291a5993c5a;Lecture 4.pdf, page 7, chunk 1706a8159e83;Lecture 4.pdf, page 43, chunk 2e3bccbe1bee;Lecture 4.pdf, page 85, chunk 574d217145bf;Lecture 6(2).pdf, page 10, chunk 1ba8d426f18d",ollama,qwen2.5:3b,5.832738291002897,2,687,358,"route={""in_scope"": ""yes"", ""question_type"": ""concept"", ""lecture_topic"": ""L4 - Neural Networks and Backpropagation"", ""search_query"": ""Lecture 4 backpropagation What are the main steps of backpropagation in a neural network?""}",1.0,1.0,1,,,auto-score; manually sanity-check before final submission
E022,concept,L4,What are the main steps of backpropagation in a neural network?,"Run the forward pass, compute the loss, propagate gradients backward using the chain rule, and update weights.",Lecture 4 backprop overview,forward pass;loss;chain rule;update weights,no,answer,A3_full_topk2,"The main steps of backpropagation in a neural network are as follows:

1. Forward Propagation: The input data is fed into the neural network, and it passes through each layer (including activation functions) until it reaches the output layer.
2. Compute Loss: The predicted output from the model is compared to the actual output using a loss function such as Mean Squared Error or Cross-Entropy Loss.
3. Backward Propagation: The error gradient of the loss with respect to the weights in each layer is calculated, starting from the output layer and moving backwards towards the input layer. This involves computing the gradients for all layers using chain rule differentiation.
4. Update Weights: The weights are updated by subtracting a fraction (learning rate) of the computed gradients from their current values.

Key Course Terms:
- Artificial Neural Network
- Loss Function
- Gradient

Evidence:
[Evidence 1]
[Evidence 2]",2291a5993c5a;1706a8159e83,"Lecture 4.pdf, page 1, chunk 2291a5993c5a;Lecture 4.pdf, page 7, chunk 1706a8159e83",ollama,qwen2.5:3b,9.678182415995252,3,1226,577,"route={""in_scope"": ""yes"", ""question_type"": ""concept"", ""lecture_topic"": ""L4 - Neural Networks and Backpropagation"", ""search_query"": ""Lecture 4 backpropagation What are the main steps of backpropagation in a neural network?""}",1.0,1.0,1,,,auto-score; manually sanity-check before final submission
E022,concept,L4,What are the main steps of backpropagation in a neural network?,"Run the forward pass, compute the loss, propagate gradients backward using the chain rule, and update weights.",Lecture 4 backprop overview,forward pass;loss;chain rule;update weights,no,answer,A4_full_without_calculation_guard,"The main steps of backpropagation in a neural network are as follows:

1. Forward Propagation: This is the process where input data flows through the network, layer by layer, until it reaches the output layer.
2. Compute Loss: After the forward pass, the loss (error) between the predicted output and actual output is calculated using an appropriate loss function like Mean Squared Error or Cross-Entropy Loss.
3. Backward Propagation: This step involves computing gradients of the loss with respect to all weights in the network. It starts from the output layer and moves backwards through each layer, calculating gradients for each weight.
4. Update Weights: Using the computed gradients, the weights are updated using an optimization algorithm such as Gradient Descent or its variants like Adam or RMSProp.

Key Course Terms:
- Forward Propagation
- Loss Function
- Backward Propagation
- Optimization Algorithm

Evidence:
[Evidence 1]
[Evidence 2]
[Evidence 3]
[Evidence 4]",2291a5993c5a;1706a8159e83;2e3bccbe1bee;574d217145bf;1ba8d426f18d,"Lecture 4.pdf, page 1, chunk 2291a5993c5a;Lecture 4.pdf, page 7, chunk 1706a8159e83;Lecture 4.pdf, page 43, chunk 2e3bccbe1bee;Lecture 4.pdf, page 85, chunk 574d217145bf;Lecture 6(2).pdf, page 10, chunk 1ba8d426f18d",ollama,qwen2.5:3b,7.844271624006069,3,1607,398,"route={""in_scope"": ""yes"", ""question_type"": ""concept"", ""lecture_topic"": ""L4 - Neural Networks and Backpropagation"", ""search_query"": ""Lecture 4 backpropagation What are the main steps of backpropagation in a neural network?""}",1.0,1.0,1,,,auto-score; manually sanity-check before final submission
E023,comparison,L4,Why does ReLU help compared with sigmoid in hidden layers?,ReLU is non-saturating on the positive side and reduces vanishing-gradient problems compared with saturated sigmoid units.,Lecture 4 activations and Lecture 6 activation setup,ReLU;non-saturating;vanishing gradient;sigmoid,no,answer,V0_baseline_single_call,"ReLU (Rectified Linear Unit) helps compared to sigmoid in hidden layers due to its computational efficiency and ability to mitigate the vanishing gradient problem, as discussed in [COMP5541 Lecture 3](#). Specifically, ReLU introduces non-linearity without suffering from the vanishing gradient issue that can occur with sigmoid functions when applied repeatedly through multiple layers. This property allows for deeper neural networks to be trained effectively.",,,ollama,qwen2.5:3b,3.800705124998785,1,93,115,,1.0,0.5,0,,,auto-score; manually sanity-check before final submission
E023,comparison,L4,Why does ReLU help compared with sigmoid in hidden layers?,ReLU is non-saturating on the positive side and reduces vanishing-gradient problems compared with saturated sigmoid units.,Lecture 4 activations and Lecture 6 activation setup,ReLU;non-saturating;vanishing gradient;sigmoid,no,answer,V1_retrieval_only,"ReLU helps compared with sigmoid in hidden layers because it does not saturate and thus does not die, allowing for better generalization. This property is supported by Evidence [Evidence 1], which discusses ReLU's characteristics such as not having a basic form of ""dot product → nonlinearity"" and being able to generalize ReLU and Leaky ReLU.

Key course terms: Activation Function, Maxout

Formula/Caveat: Not applicable for this question.",d5da07e269ef;36875f7d53a2;6a1807e0251a;5925e8496b7f;0de2f047389f,"Lecture 6(2).pdf, page 27, chunk d5da07e269ef;Lecture 5.pdf, page 70, chunk 36875f7d53a2;Lecture 5.pdf, page 75, chunk 6a1807e0251a;Lecture 5.pdf, page 65, chunk 5925e8496b7f;Lecture 4.pdf, page 19, chunk 0de2f047389f",ollama,qwen2.5:3b,2.5345648750007967,1,539,110,,0.5,1.0,1,,,auto-score; manually sanity-check before final submission
E023,comparison,L4,Why does ReLU help compared with sigmoid in hidden layers?,ReLU is non-saturating on the positive side and reduces vanishing-gradient problems compared with saturated sigmoid units.,Lecture 4 activations and Lecture 6 activation setup,ReLU;non-saturating;vanishing gradient;sigmoid,no,answer,V2_router_rewrite_retrieval,"Direct Answer:
ReLU helps in hidden layers by not saturating, which prevents the dying ReLU problem and allows for better generalization compared to sigmoid.

Key Course Terms:
Activation Functions, Sigmoid, Leaky Relu, ReLU, ELU

Mechanism:
ReLU does not saturate like sigmoid, allowing neurons to fire consistently without dead neurons. This property aids in training deep neural networks by preventing the vanishing gradient problem and improving model performance.

Caveat:
However, ReLU can introduce a ""dying"" problem where some neurons always output zero, which is mitigated by variants such as Leaky ReLU or ELU.

Evidence:
[Evidence 1], [Evidence 2], [Evidence 3], [Evidence 4], [Evidence 5]",0de2f047389f;d5da07e269ef;2e7f9f28fa19;c95acd62841c;1dfe3785b7f9,"Lecture 4.pdf, page 19, chunk 0de2f047389f;Lecture 6(2).pdf, page 27, chunk d5da07e269ef;Lecture 6(2).pdf, page 13, chunk 2e7f9f28fa19;Lecture 5.pdf, page 29, chunk c95acd62841c;Lecture 6(2).pdf, page 28, chunk 1dfe3785b7f9",ollama,qwen2.5:3b,4.407738999998401,2,708,223,"route={'in_scope': 'yes', 'question_type': 'concept', 'lecture_topic': 'neural_networks_and_activation_functions', 'search_query': 'Lecture 4 activation ReLU Why does ReLU help compared with sigmoid in hidden layers?'}",1.0,1.0,1,,,auto-score; manually sanity-check before final submission
E023,comparison,L4,Why does ReLU help compared with sigmoid in hidden layers?,ReLU is non-saturating on the positive side and reduces vanishing-gradient problems compared with saturated sigmoid units.,Lecture 4 activations and Lecture 6 activation setup,ReLU;non-saturating;vanishing gradient;sigmoid,no,answer,V3_retrieval_verifier,"ReLU helps compared with sigmoid in hidden layers because it does not saturate and thus does not die, allowing for better generalization. This property is supported by Evidence [Evidence 1], which discusses ReLU's characteristics such as not having a basic form of ""dot product → nonlinearity"" and being able to generalize ReLU and Leaky ReLU.

Key course terms: Activation Function, Maxout

Formula/Caveat: Not applicable for this question.",d5da07e269ef;36875f7d53a2;6a1807e0251a;5925e8496b7f;0de2f047389f,"Lecture 6(2).pdf, page 27, chunk d5da07e269ef;Lecture 5.pdf, page 70, chunk 36875f7d53a2;Lecture 5.pdf, page 75, chunk 6a1807e0251a;Lecture 5.pdf, page 65, chunk 5925e8496b7f;Lecture 4.pdf, page 19, chunk 0de2f047389f",ollama,qwen2.5:3b,4.546761749996222,2,1331,156,draft_then_verifier_rejected_overcorrection,0.5,1.0,1,,,auto-score; manually sanity-check before final submission
E023,comparison,L4,Why does ReLU help compared with sigmoid in hidden layers?,ReLU is non-saturating on the positive side and reduces vanishing-gradient problems compared with saturated sigmoid units.,Lecture 4 activations and Lecture 6 activation setup,ReLU;non-saturating;vanishing gradient;sigmoid,no,answer,V4_full_router_retrieval_verifier,"Direct Answer:
ReLU helps in hidden layers by not saturating, which prevents the dying ReLU problem and allows for better generalization compared to sigmoid.

Key Course Terms:
Activation Functions, Sigmoid, Leaky Relu, ReLU, ELU

Mechanism:
ReLU does not saturate like sigmoid, allowing neurons to fire consistently without dead neurons. This property aids in training deep neural networks by preventing the vanishing gradient problem and improving model performance.

Caveat:
However, ReLU can introduce a ""dying"" problem where some neurons always output zero, which is mitigated by variants such as Leaky ReLU or ELU.

Evidence:
[Evidence 1], [Evidence 2], [Evidence 3], [Evidence 4], [Evidence 5]",0de2f047389f;d5da07e269ef;2e7f9f28fa19;c95acd62841c;1dfe3785b7f9,"Lecture 4.pdf, page 19, chunk 0de2f047389f;Lecture 6(2).pdf, page 27, chunk d5da07e269ef;Lecture 6(2).pdf, page 13, chunk 2e7f9f28fa19;Lecture 5.pdf, page 29, chunk c95acd62841c;Lecture 6(2).pdf, page 28, chunk 1dfe3785b7f9",ollama,qwen2.5:3b,6.594726874991466,3,1580,266,"route={""in_scope"": ""yes"", ""question_type"": ""concept"", ""lecture_topic"": ""neural_networks_and_activation_functions"", ""search_query"": ""Lecture 4 activation ReLU Why does ReLU help compared with sigmoid in hidden layers?""}",1.0,1.0,1,,,auto-score; manually sanity-check before final submission
E023,comparison,L4,Why does ReLU help compared with sigmoid in hidden layers?,ReLU is non-saturating on the positive side and reduces vanishing-gradient problems compared with saturated sigmoid units.,Lecture 4 activations and Lecture 6 activation setup,ReLU;non-saturating;vanishing gradient;sigmoid,no,answer,A1_full_without_router,"Direct Answer:
ReLU helps in hidden layers by not saturating, which prevents the dying ReLU problem and allows for better generalization compared to sigmoid.

Key Course Terms:
Activation Functions, Sigmoid, Leaky Relu, ReLU, ELU

Mechanism:
ReLU does not saturate like sigmoid, allowing neurons to fire consistently without dead neurons. This property aids in training deep neural networks by preventing the vanishing gradient problem and improving model performance.

Caveat:
However, ReLU can introduce a ""dying"" problem where some neurons always output zero, which is mitigated by variants such as Leaky ReLU or ELU.

Evidence:
[Evidence 1], [Evidence 2], [Evidence 3], [Evidence 4], [Evidence 5]",0de2f047389f;d5da07e269ef;2e7f9f28fa19;c95acd62841c;1dfe3785b7f9,"Lecture 4.pdf, page 19, chunk 0de2f047389f;Lecture 6(2).pdf, page 27, chunk d5da07e269ef;Lecture 6(2).pdf, page 13, chunk 2e7f9f28fa19;Lecture 5.pdf, page 29, chunk c95acd62841c;Lecture 6(2).pdf, page 28, chunk 1dfe3785b7f9",ollama,qwen2.5:3b,5.587050416994316,2,1420,218,"route={""in_scope"": ""yes"", ""question_type"": ""comparison"", ""lecture_topic"": ""Lecture 4 activation ReLU"", ""search_query"": ""Lecture 4 activation ReLU Why does ReLU help compared with sigmoid in hidden layers?""}",1.0,1.0,1,,,auto-score; manually sanity-check before final submission
E023,comparison,L4,Why does ReLU help compared with sigmoid in hidden layers?,ReLU is non-saturating on the positive side and reduces vanishing-gradient problems compared with saturated sigmoid units.,Lecture 4 activations and Lecture 6 activation setup,ReLU;non-saturating;vanishing gradient;sigmoid,no,answer,A2_full_without_verifier,"Direct Answer:
ReLU helps in hidden layers by not saturating, which prevents the dying ReLU problem and allows for better generalization compared to sigmoid.

Key Course Terms:
Activation Functions, Sigmoid, Leaky Relu, ReLU, ELU

Mechanism:
ReLU does not saturate like sigmoid, allowing neurons to fire consistently without dead neurons. This property aids in training deep neural networks by preventing the vanishing gradient problem and improving model performance.

Caveat:
However, ReLU can introduce a ""dying"" problem where some neurons always output zero, which is mitigated by variants such as Leaky ReLU or ELU.

Evidence:
[Evidence 1], [Evidence 2], [Evidence 3], [Evidence 4], [Evidence 5]",0de2f047389f;d5da07e269ef;2e7f9f28fa19;c95acd62841c;1dfe3785b7f9,"Lecture 4.pdf, page 19, chunk 0de2f047389f;Lecture 6(2).pdf, page 27, chunk d5da07e269ef;Lecture 6(2).pdf, page 13, chunk 2e7f9f28fa19;Lecture 5.pdf, page 29, chunk c95acd62841c;Lecture 6(2).pdf, page 28, chunk 1dfe3785b7f9",ollama,qwen2.5:3b,4.407738999998401,2,708,223,"route={""in_scope"": ""yes"", ""question_type"": ""concept"", ""lecture_topic"": ""neural_networks_and_activation_functions"", ""search_query"": ""Lecture 4 activation ReLU Why does ReLU help compared with sigmoid in hidden layers?""}",1.0,1.0,1,,,auto-score; manually sanity-check before final submission
E023,comparison,L4,Why does ReLU help compared with sigmoid in hidden layers?,ReLU is non-saturating on the positive side and reduces vanishing-gradient problems compared with saturated sigmoid units.,Lecture 4 activations and Lecture 6 activation setup,ReLU;non-saturating;vanishing gradient;sigmoid,no,answer,A3_full_topk2,"Direct Answer: ReLU helps in hidden layers compared to sigmoid because it does not saturate and does not ""die,"" allowing for better training performance.

Key Course Terms:
ReLU, Sigmoid

Mechanism:
ReLU does not saturate like the sigmoid function. This means that for large positive inputs, both functions output approximately 1; however, ReLU outputs exactly 1 without any approximation. For negative inputs, ReLU outputs 0, which is a more straightforward and computationally efficient operation compared to the sigmoid's gradual transition from -1 to 1.

Formula/Caveat:
ReLU: f(x) = max(0, x)
Sigmoid: f(x) = 1 / (1 + e^(-x))

Evidence:
[Evidence 1], [Evidence 2]",0de2f047389f;d5da07e269ef,"Lecture 4.pdf, page 19, chunk 0de2f047389f;Lecture 6(2).pdf, page 27, chunk d5da07e269ef",ollama,qwen2.5:3b,8.200619748993631,3,1190,404,"route={""in_scope"": ""yes"", ""question_type"": ""concept"", ""lecture_topic"": ""neural_networks_and_activation_functions"", ""search_query"": ""Lecture 4 activation ReLU Why does ReLU help compared with sigmoid in hidden layers?""}",0.5,1.0,1,,,auto-score; manually sanity-check before final submission
E023,comparison,L4,Why does ReLU help compared with sigmoid in hidden layers?,ReLU is non-saturating on the positive side and reduces vanishing-gradient problems compared with saturated sigmoid units.,Lecture 4 activations and Lecture 6 activation setup,ReLU;non-saturating;vanishing gradient;sigmoid,no,answer,A4_full_without_calculation_guard,"Direct Answer:
ReLU helps in hidden layers by not saturating, which prevents the dying ReLU problem and allows for better generalization compared to sigmoid.

Key Course Terms:
Activation Functions, Sigmoid, Leaky Relu, ReLU, ELU

Mechanism:
ReLU does not saturate like sigmoid, allowing neurons to fire consistently without dead neurons. This property aids in training deep neural networks by preventing the vanishing gradient problem and improving model performance.

Caveat:
However, ReLU can introduce a ""dying"" problem where some neurons always output zero, which is mitigated by variants such as Leaky ReLU or ELU.

Evidence:
[Evidence 1], [Evidence 2], [Evidence 3], [Evidence 4], [Evidence 5]",0de2f047389f;d5da07e269ef;2e7f9f28fa19;c95acd62841c;1dfe3785b7f9,"Lecture 4.pdf, page 19, chunk 0de2f047389f;Lecture 6(2).pdf, page 27, chunk d5da07e269ef;Lecture 6(2).pdf, page 13, chunk 2e7f9f28fa19;Lecture 5.pdf, page 29, chunk c95acd62841c;Lecture 6(2).pdf, page 28, chunk 1dfe3785b7f9",ollama,qwen2.5:3b,6.594726874991466,3,1580,266,"route={""in_scope"": ""yes"", ""question_type"": ""concept"", ""lecture_topic"": ""neural_networks_and_activation_functions"", ""search_query"": ""Lecture 4 activation ReLU Why does ReLU help compared with sigmoid in hidden layers?""}",1.0,1.0,1,,,auto-score; manually sanity-check before final submission
E024,false_premise,L4,"Since adding more hidden units always improves generalization, why not use the largest network possible?",The premise is wrong. Larger networks may reduce training error but can overfit and increase variance without regularization or data.,Lecture 4 capacity and Lecture 6 regularization,premise is wrong;overfit;variance;regularization,yes,correct_premise,V0_baseline_single_call,Not enough information in the provided course materials.,,,ollama,qwen2.5:3b,0.3333305830019526,1,105,14,,0.0,1.0,0,0,,auto-score; manually sanity-check before final submission
E024,false_premise,L4,"Since adding more hidden units always improves generalization, why not use the largest network possible?",The premise is wrong. Larger networks may reduce training error but can overfit and increase variance without regularization or data.,Lecture 4 capacity and Lecture 6 regularization,premise is wrong;overfit;variance;regularization,yes,correct_premise,V1_retrieval_only,"Since adding more hidden units always improves generalization is false, we should not use the largest network possible. Instead, we need to consider regularization techniques such as Dropout or AdamW for better generalization without overfitting.

Key Course Terms:
- Regularization: Dropout
- Mechanism: Training a large ensemble of models (that share parameters) with binary masks applied during training.
- Formula/Technique: AdamW decoupling weight decay from the gradient update step, leading to more consistent regularization and better generalization.

Evidence: 1, 2",16b9cd76a26a;4ef4f0b77a3b;2e91f9921333;ef5b58fac38f;0d769f23ce83,"Lecture 6(2).pdf, page 70, chunk 16b9cd76a26a;Lecture3-2026.pdf, page 68, chunk 4ef4f0b77a3b;RNN_LSTM_Name_Classification_Tutorial (1).ipynb, page 1, chunk 2e91f9921333;RNN_LSTM_Name_Classification_Tutorial (1).ipynb, page 1, chunk ef5b58fac38f;RNN_LSTM_Name_Classification_Tutorial (1).ipynb, page 1, chunk 0d769f23ce83",ollama,qwen2.5:3b,4.43636908299959,1,1557,143,,0.5,1.0,0,0,,auto-score; manually sanity-check before final submission
E024,false_premise,L4,"Since adding more hidden units always improves generalization, why not use the largest network possible?",The premise is wrong. Larger networks may reduce training error but can overfit and increase variance without regularization or data.,Lecture 4 capacity and Lecture 6 regularization,premise is wrong;overfit;variance;regularization,yes,correct_premise,V2_router_rewrite_retrieval,"Not enough information in the provided course materials.

Evidence:
[Evidence 1]
[Evidence 2]
[Evidence 3]",16b9cd76a26a;4ef4f0b77a3b;2e91f9921333;2291a5993c5a;48d0dafb390b,"Lecture 6(2).pdf, page 70, chunk 16b9cd76a26a;Lecture3-2026.pdf, page 68, chunk 4ef4f0b77a3b;RNN_LSTM_Name_Classification_Tutorial (1).ipynb, page 1, chunk 2e91f9921333;Lecture 4.pdf, page 1, chunk 2291a5993c5a;Lecture 6(2).pdf, page 2, chunk 48d0dafb390b",ollama,qwen2.5:3b,3.07442983299552,2,1321,75,"route={'in_scope': 'yes', 'question_type': 'false_premise', 'lecture_topic': 'overfitting and underfitting', 'search_query': 'COMP5541 Lectures 2-9 Since adding more hidden units always improves generalization, why not use the largest network possible?'}",0.0,1.0,1,0,,auto-score; manually sanity-check before final submission
E024,false_premise,L4,"Since adding more hidden units always improves generalization, why not use the largest network possible?",The premise is wrong. Larger networks may reduce training error but can overfit and increase variance without regularization or data.,Lecture 4 capacity and Lecture 6 regularization,premise is wrong;overfit;variance;regularization,yes,correct_premise,V3_retrieval_verifier,"The premise is incorrect: adding hidden units can increase model capacity, but it does not always improve generalization. Larger models can overfit unless controlled by data, regularization, and validation.

Evidence: Evidence 1; Evidence 2; Evidence 3",16b9cd76a26a;4ef4f0b77a3b;2e91f9921333;ef5b58fac38f;0d769f23ce83,"Lecture 6(2).pdf, page 70, chunk 16b9cd76a26a;Lecture3-2026.pdf, page 68, chunk 4ef4f0b77a3b;RNN_LSTM_Name_Classification_Tutorial (1).ipynb, page 1, chunk 2e91f9921333;RNN_LSTM_Name_Classification_Tutorial (1).ipynb, page 1, chunk ef5b58fac38f;RNN_LSTM_Name_Classification_Tutorial (1).ipynb, page 1, chunk 0d769f23ce83",ollama,qwen2.5:3b,4.43636908299959,1,1557,143,draft_then_rule_guard,0.5,1.0,0,1,,auto-score; manually sanity-check before final submission
E024,false_premise,L4,"Since adding more hidden units always improves generalization, why not use the largest network possible?",The premise is wrong. Larger networks may reduce training error but can overfit and increase variance without regularization or data.,Lecture 4 capacity and Lecture 6 regularization,premise is wrong;overfit;variance;regularization,yes,correct_premise,V4_full_router_retrieval_verifier,"The premise is incorrect: adding hidden units can increase model capacity, but it does not always improve generalization. Larger models can overfit unless controlled by data, regularization, and validation.

Evidence: Evidence 1; Evidence 2; Evidence 3",16b9cd76a26a;4ef4f0b77a3b;2e91f9921333;2291a5993c5a;48d0dafb390b,"Lecture 6(2).pdf, page 70, chunk 16b9cd76a26a;Lecture3-2026.pdf, page 68, chunk 4ef4f0b77a3b;RNN_LSTM_Name_Classification_Tutorial (1).ipynb, page 1, chunk 2e91f9921333;Lecture 4.pdf, page 1, chunk 2291a5993c5a;Lecture 6(2).pdf, page 2, chunk 48d0dafb390b",ollama,qwen2.5:3b,3.07442983299552,2,1321,75,"route={""in_scope"": ""yes"", ""question_type"": ""false_premise"", ""lecture_topic"": ""overfitting and underfitting"", ""search_query"": ""COMP5541 Lectures 2-9 Since adding more hidden units always improves generalization, why not use the largest network possible?""}",0.5,1.0,1,1,,auto-score; manually sanity-check before final submission
E024,false_premise,L4,"Since adding more hidden units always improves generalization, why not use the largest network possible?",The premise is wrong. Larger networks may reduce training error but can overfit and increase variance without regularization or data.,Lecture 4 capacity and Lecture 6 regularization,premise is wrong;overfit;variance;regularization,yes,correct_premise,A1_full_without_router,"The premise is incorrect: adding hidden units can increase model capacity, but it does not always improve generalization. Larger models can overfit unless controlled by data, regularization, and validation.

Evidence: Evidence 1; Evidence 2; Evidence 3",16b9cd76a26a;4ef4f0b77a3b;2e91f9921333;2291a5993c5a;48d0dafb390b,"Lecture 6(2).pdf, page 70, chunk 16b9cd76a26a;Lecture3-2026.pdf, page 68, chunk 4ef4f0b77a3b;RNN_LSTM_Name_Classification_Tutorial (1).ipynb, page 1, chunk 2e91f9921333;Lecture 4.pdf, page 1, chunk 2291a5993c5a;Lecture 6(2).pdf, page 2, chunk 48d0dafb390b",ollama,qwen2.5:3b,2.0886773749953136,1,1152,26,"route={""in_scope"": ""yes"", ""question_type"": ""false_premise"", ""lecture_topic"": ""COMP5541 Lectures 2-9"", ""search_query"": ""COMP5541 Lectures 2-9 Since adding more hidden units always improves generalization, why not use the largest network possible?""}",0.5,1.0,1,1,,auto-score; manually sanity-check before final submission
E024,false_premise,L4,"Since adding more hidden units always improves generalization, why not use the largest network possible?",The premise is wrong. Larger networks may reduce training error but can overfit and increase variance without regularization or data.,Lecture 4 capacity and Lecture 6 regularization,premise is wrong;overfit;variance;regularization,yes,correct_premise,A2_full_without_verifier,"Not enough information in the provided course materials.

Evidence:
[Evidence 1]
[Evidence 2]
[Evidence 3]",16b9cd76a26a;4ef4f0b77a3b;2e91f9921333;2291a5993c5a;48d0dafb390b,"Lecture 6(2).pdf, page 70, chunk 16b9cd76a26a;Lecture3-2026.pdf, page 68, chunk 4ef4f0b77a3b;RNN_LSTM_Name_Classification_Tutorial (1).ipynb, page 1, chunk 2e91f9921333;Lecture 4.pdf, page 1, chunk 2291a5993c5a;Lecture 6(2).pdf, page 2, chunk 48d0dafb390b",ollama,qwen2.5:3b,3.07442983299552,2,1321,75,"route={""in_scope"": ""yes"", ""question_type"": ""false_premise"", ""lecture_topic"": ""overfitting and underfitting"", ""search_query"": ""COMP5541 Lectures 2-9 Since adding more hidden units always improves generalization, why not use the largest network possible?""}",0.0,1.0,1,0,,auto-score; manually sanity-check before final submission
E024,false_premise,L4,"Since adding more hidden units always improves generalization, why not use the largest network possible?",The premise is wrong. Larger networks may reduce training error but can overfit and increase variance without regularization or data.,Lecture 4 capacity and Lecture 6 regularization,premise is wrong;overfit;variance;regularization,yes,correct_premise,A3_full_topk2,"The premise is incorrect: adding hidden units can increase model capacity, but it does not always improve generalization. Larger models can overfit unless controlled by data, regularization, and validation.

Evidence: Evidence 1; Evidence 2",16b9cd76a26a;4ef4f0b77a3b,"Lecture 6(2).pdf, page 70, chunk 16b9cd76a26a;Lecture3-2026.pdf, page 68, chunk 4ef4f0b77a3b",ollama,qwen2.5:3b,4.374204874999123,2,597,340,"route={""in_scope"": ""yes"", ""question_type"": ""false_premise"", ""lecture_topic"": ""overfitting and underfitting"", ""search_query"": ""COMP5541 Lectures 2-9 Since adding more hidden units always improves generalization, why not use the largest network possible?""}",0.5,1.0,0,1,,auto-score; manually sanity-check before final submission
E024,false_premise,L4,"Since adding more hidden units always improves generalization, why not use the largest network possible?",The premise is wrong. Larger networks may reduce training error but can overfit and increase variance without regularization or data.,Lecture 4 capacity and Lecture 6 regularization,premise is wrong;overfit;variance;regularization,yes,correct_premise,A4_full_without_calculation_guard,"The premise is incorrect: adding hidden units can increase model capacity, but it does not always improve generalization. Larger models can overfit unless controlled by data, regularization, and validation.

Evidence: Evidence 1; Evidence 2; Evidence 3",16b9cd76a26a;4ef4f0b77a3b;2e91f9921333;2291a5993c5a;48d0dafb390b,"Lecture 6(2).pdf, page 70, chunk 16b9cd76a26a;Lecture3-2026.pdf, page 68, chunk 4ef4f0b77a3b;RNN_LSTM_Name_Classification_Tutorial (1).ipynb, page 1, chunk 2e91f9921333;Lecture 4.pdf, page 1, chunk 2291a5993c5a;Lecture 6(2).pdf, page 2, chunk 48d0dafb390b",ollama,qwen2.5:3b,3.07442983299552,2,1321,75,"route={""in_scope"": ""yes"", ""question_type"": ""false_premise"", ""lecture_topic"": ""overfitting and underfitting"", ""search_query"": ""COMP5541 Lectures 2-9 Since adding more hidden units always improves generalization, why not use the largest network possible?""}",0.5,1.0,1,1,,auto-score; manually sanity-check before final submission
E025,calculation,L4,"If a ReLU input z is negative, what is the ReLU derivative used in backpropagation?",For standard ReLU the derivative is 0 when z is negative.,Lecture 4 ReLU derivative,ReLU;derivative;0;negative,no,answer,V0_baseline_single_call,"For a ReLU (Rectified Linear Unit) input \( z \), if it is negative, the output of the activation function is 0. Therefore, when differentiating with respect to \( z \) for computing gradients during backpropagation, the derivative of the ReLU function is 0 for all \( z < 0 \). This can be mathematically represented as:

\[
\frac{d}{dz} \max(0, z) = 
\begin{cases} 
1 & \text{if } z > 0 \\
0 & \text{if } z \leq 0
\end{cases}
\]

Thus, for negative \( z \), the derivative is 0.",,,ollama,qwen2.5:3b,2.4384901660014293,1,100,120,,1.0,0.5,0,,,auto-score; manually sanity-check before final submission
E025,calculation,L4,"If a ReLU input z is negative, what is the ReLU derivative used in backpropagation?",For standard ReLU the derivative is 0 when z is negative.,Lecture 4 ReLU derivative,ReLU;derivative;0;negative,no,answer,V1_retrieval_only,"The ReLU derivative used in backpropagation when the input z is negative is zero. This is a fundamental property of the ReLU activation function.

Key Course Terms:
- Activation Function

Mechanism/Caveat:
ReLU (Rectified Linear Unit) has a derivative that is 1 for positive inputs and 0 for non-positive inputs, which simplifies backpropagation by avoiding division by zero errors during gradient calculations. 

Evidence: [Evidence 1], [Evidence 4]",0de2f047389f;c95acd62841c;2e7f9f28fa19;1dfe3785b7f9;c91fa5ae8324,"Lecture 4.pdf, page 19, chunk 0de2f047389f;Lecture 5.pdf, page 29, chunk c95acd62841c;Lecture 6(2).pdf, page 13, chunk 2e7f9f28fa19;Lecture 6(2).pdf, page 28, chunk 1dfe3785b7f9;Lecture 5.pdf, page 78, chunk c91fa5ae8324",ollama,qwen2.5:3b,2.6614819160022307,1,596,112,,1.0,1.0,1,,,auto-score; manually sanity-check before final submission
E025,calculation,L4,"If a ReLU input z is negative, what is the ReLU derivative used in backpropagation?",For standard ReLU the derivative is 0 when z is negative.,Lecture 4 ReLU derivative,ReLU;derivative;0;negative,no,answer,V2_router_rewrite_retrieval,"The ReLU derivative used in backpropagation when the input z is negative is zero. This is a fundamental property of the ReLU activation function.

Key Course Terms:
- Activation Function

Mechanism/Caveat:
ReLU (Rectified Linear Unit) has a derivative that is 1 for positive inputs and 0 for non-positive inputs, which simplifies backpropagation by avoiding division by zero errors during gradient calculations. 

Evidence: [Evidence 1], [Evidence 4]",0de2f047389f;c95acd62841c;2e7f9f28fa19;1dfe3785b7f9;c91fa5ae8324,"Lecture 4.pdf, page 19, chunk 0de2f047389f;Lecture 5.pdf, page 29, chunk c95acd62841c;Lecture 6(2).pdf, page 13, chunk 2e7f9f28fa19;Lecture 6(2).pdf, page 28, chunk 1dfe3785b7f9;Lecture 5.pdf, page 78, chunk c91fa5ae8324",ollama,qwen2.5:3b,3.507016708004812,2,760,161,"route={'in_scope': 'yes', 'question_type': 'calculation', 'lecture_topic': 'backpropagation and activation functions', 'search_query': 'Lecture 4 backpropagation If a ReLU input z is negative, what is the ReLU derivative used in backpropagation?'}",1.0,1.0,1,,,auto-score; manually sanity-check before final submission
E025,calculation,L4,"If a ReLU input z is negative, what is the ReLU derivative used in backpropagation?",For standard ReLU the derivative is 0 when z is negative.,Lecture 4 ReLU derivative,ReLU;derivative;0;negative,no,answer,V3_retrieval_verifier,"For standard ReLU, the derivative is 0 when the input z is negative, so the upstream gradient is multiplied by 0 through that unit.

Evidence: Evidence 1; Evidence 2; Evidence 3",0de2f047389f;c95acd62841c;2e7f9f28fa19;1dfe3785b7f9;c91fa5ae8324,"Lecture 4.pdf, page 19, chunk 0de2f047389f;Lecture 5.pdf, page 29, chunk c95acd62841c;Lecture 6(2).pdf, page 13, chunk 2e7f9f28fa19;Lecture 6(2).pdf, page 28, chunk 1dfe3785b7f9;Lecture 5.pdf, page 78, chunk c91fa5ae8324",ollama,qwen2.5:3b,2.6614819160022307,1,596,112,draft_then_calculation_guard,1.0,1.0,1,,,auto-score; manually sanity-check before final submission
E025,calculation,L4,"If a ReLU input z is negative, what is the ReLU derivative used in backpropagation?",For standard ReLU the derivative is 0 when z is negative.,Lecture 4 ReLU derivative,ReLU;derivative;0;negative,no,answer,V4_full_router_retrieval_verifier,"For standard ReLU, the derivative is 0 when the input z is negative, so the upstream gradient is multiplied by 0 through that unit.

Evidence: Evidence 1; Evidence 2; Evidence 3",0de2f047389f;c95acd62841c;2e7f9f28fa19;1dfe3785b7f9;c91fa5ae8324,"Lecture 4.pdf, page 19, chunk 0de2f047389f;Lecture 5.pdf, page 29, chunk c95acd62841c;Lecture 6(2).pdf, page 13, chunk 2e7f9f28fa19;Lecture 6(2).pdf, page 28, chunk 1dfe3785b7f9;Lecture 5.pdf, page 78, chunk c91fa5ae8324",ollama,qwen2.5:3b,3.507016708004812,2,760,161,"route={""in_scope"": ""yes"", ""question_type"": ""calculation"", ""lecture_topic"": ""backpropagation and activation functions"", ""search_query"": ""Lecture 4 backpropagation If a ReLU input z is negative, what is the ReLU derivative used in backpropagation?""}",1.0,1.0,1,,,auto-score; manually sanity-check before final submission
E025,calculation,L4,"If a ReLU input z is negative, what is the ReLU derivative used in backpropagation?",For standard ReLU the derivative is 0 when z is negative.,Lecture 4 ReLU derivative,ReLU;derivative;0;negative,no,answer,A1_full_without_router,"For standard ReLU, the derivative is 0 when the input z is negative, so the upstream gradient is multiplied by 0 through that unit.

Evidence: Evidence 1; Evidence 2; Evidence 3",0de2f047389f;c95acd62841c;2e7f9f28fa19;1dfe3785b7f9;c91fa5ae8324,"Lecture 4.pdf, page 19, chunk 0de2f047389f;Lecture 5.pdf, page 29, chunk c95acd62841c;Lecture 6(2).pdf, page 13, chunk 2e7f9f28fa19;Lecture 6(2).pdf, page 28, chunk 1dfe3785b7f9;Lecture 5.pdf, page 78, chunk c91fa5ae8324",ollama,qwen2.5:3b,2.5578691250048,1,596,112,"route={""in_scope"": ""yes"", ""question_type"": ""concept"", ""lecture_topic"": ""Lecture 4 backpropagation"", ""search_query"": ""Lecture 4 backpropagation If a ReLU input z is negative, what is the ReLU derivative used in backpropagation?""}",1.0,1.0,1,,,auto-score; manually sanity-check before final submission
E025,calculation,L4,"If a ReLU input z is negative, what is the ReLU derivative used in backpropagation?",For standard ReLU the derivative is 0 when z is negative.,Lecture 4 ReLU derivative,ReLU;derivative;0;negative,no,answer,A2_full_without_verifier,"The ReLU derivative used in backpropagation when the input z is negative is zero. This is a fundamental property of the ReLU activation function.

Key Course Terms:
- Activation Function

Mechanism/Caveat:
ReLU (Rectified Linear Unit) has a derivative that is 1 for positive inputs and 0 for non-positive inputs, which simplifies backpropagation by avoiding division by zero errors during gradient calculations. 

Evidence: [Evidence 1], [Evidence 4]",0de2f047389f;c95acd62841c;2e7f9f28fa19;1dfe3785b7f9;c91fa5ae8324,"Lecture 4.pdf, page 19, chunk 0de2f047389f;Lecture 5.pdf, page 29, chunk c95acd62841c;Lecture 6(2).pdf, page 13, chunk 2e7f9f28fa19;Lecture 6(2).pdf, page 28, chunk 1dfe3785b7f9;Lecture 5.pdf, page 78, chunk c91fa5ae8324",ollama,qwen2.5:3b,3.507016708004812,2,760,161,"route={""in_scope"": ""yes"", ""question_type"": ""calculation"", ""lecture_topic"": ""backpropagation and activation functions"", ""search_query"": ""Lecture 4 backpropagation If a ReLU input z is negative, what is the ReLU derivative used in backpropagation?""}",1.0,1.0,1,,,auto-score; manually sanity-check before final submission
E025,calculation,L4,"If a ReLU input z is negative, what is the ReLU derivative used in backpropagation?",For standard ReLU the derivative is 0 when z is negative.,Lecture 4 ReLU derivative,ReLU;derivative;0;negative,no,answer,A3_full_topk2,"For standard ReLU, the derivative is 0 when the input z is negative, so the upstream gradient is multiplied by 0 through that unit.

Evidence: Evidence 1; Evidence 2",0de2f047389f;c95acd62841c,"Lecture 4.pdf, page 19, chunk 0de2f047389f;Lecture 5.pdf, page 29, chunk c95acd62841c",ollama,qwen2.5:3b,3.147056957997848,2,511,159,"route={""in_scope"": ""yes"", ""question_type"": ""calculation"", ""lecture_topic"": ""backpropagation and activation functions"", ""search_query"": ""Lecture 4 backpropagation If a ReLU input z is negative, what is the ReLU derivative used in backpropagation?""}",1.0,1.0,1,,,auto-score; manually sanity-check before final submission
E025,calculation,L4,"If a ReLU input z is negative, what is the ReLU derivative used in backpropagation?",For standard ReLU the derivative is 0 when z is negative.,Lecture 4 ReLU derivative,ReLU;derivative;0;negative,no,answer,A4_full_without_calculation_guard,"The ReLU derivative used in backpropagation when the input z is negative is zero. This is a fundamental property of the ReLU activation function.

Key Course Terms:
- Activation Function

Mechanism/Caveat:
ReLU (Rectified Linear Unit) has a derivative that is 1 for positive inputs and 0 for non-positive inputs, which simplifies backpropagation by avoiding division by zero errors during gradient calculations. 

Evidence: [Evidence 1], [Evidence 4]",0de2f047389f;c95acd62841c;2e7f9f28fa19;1dfe3785b7f9;c91fa5ae8324,"Lecture 4.pdf, page 19, chunk 0de2f047389f;Lecture 5.pdf, page 29, chunk c95acd62841c;Lecture 6(2).pdf, page 13, chunk 2e7f9f28fa19;Lecture 6(2).pdf, page 28, chunk 1dfe3785b7f9;Lecture 5.pdf, page 78, chunk c91fa5ae8324",ollama,qwen2.5:3b,5.654009000005317,3,1622,197,"route={""in_scope"": ""yes"", ""question_type"": ""calculation"", ""lecture_topic"": ""backpropagation and activation functions"", ""search_query"": ""Lecture 4 backpropagation If a ReLU input z is negative, what is the ReLU derivative used in backpropagation?""}",1.0,1.0,1,,,auto-score; manually sanity-check before final submission
E026,concept,L4,"In a computational graph, how does an add gate distribute gradient?",An add gate passes the upstream gradient unchanged to each input branch.,Lecture 4 gradient flow gates,add gate;upstream gradient;unchanged,no,answer,V0_baseline_single_call,"In a computational graph, specifically within a neural network context, the add gate typically combines two inputs through addition. The gradient distribution for such operations is handled by backpropagation.

During training, when computing gradients to update weights, the chain rule of differentiation is applied. For an add operation (a + b), if we denote the output as z = a + b and the loss function with respect to this output as L(z), then the gradient of the loss with respect to each input can be calculated using:

\[
\frac{\partial L}{\partial a} = \frac{\partial L}{\partial z}
\]
\[
\frac{\partial L}{\partial b} = \frac{\partial L}{\partial z}
\]

This means that the gradient is equally distributed between the two inputs. Therefore, in the context of an add gate within a computational graph, the gradient for each input (a and b) will be half of the total gradient with respect to the output.

Thus, if we denote the gradient of L with respect to z as ∇z, then:

\[
\nabla_a = \frac{1}{2} \nabla_z
\]
\[
\nabla_b = \frac{1}{2} \nabla_z
\]

This distribution ensures that both inputs receive equal responsibility for the error in their contribution to the output.",,,ollama,qwen2.5:3b,4.426474040999892,1,96,295,,0.0,0.5,0,,,auto-score; manually sanity-check before final submission
E026,concept,L4,"In a computational graph, how does an add gate distribute gradient?",An add gate passes the upstream gradient unchanged to each input branch.,Lecture 4 gradient flow gates,add gate;upstream gradient;unchanged,no,answer,V1_retrieval_only,"In a computational graph, an add gate distributes gradient by passing the same gradient value through both its inputs. This mechanism ensures that each input's contribution to the output is equally weighted in terms of gradient flow.

Key Course Terms: Computational Graph, Gradient Distribution

The direct answer is:
An add gate passes the same gradient value through both its inputs for gradient distribution.

Evidence: [Evidence 1], [Evidence 5]",6a4f05e8e7b3;413201a91cdd;7ddefda3739c;95fdeca309bf;56745a7f7caf,"Lecture 4.pdf, page 73, chunk 6a4f05e8e7b3;Lecture 4.pdf, page 49, chunk 413201a91cdd;Lecture 4.pdf, page 53, chunk 7ddefda3739c;Lecture 4.pdf, page 52, chunk 95fdeca309bf;Lecture 4.pdf, page 50, chunk 56745a7f7caf",ollama,qwen2.5:3b,2.8268371670055785,1,562,112,,0.0,1.0,1,,,auto-score; manually sanity-check before final submission
E026,concept,L4,"In a computational graph, how does an add gate distribute gradient?",An add gate passes the upstream gradient unchanged to each input branch.,Lecture 4 gradient flow gates,add gate;upstream gradient;unchanged,no,answer,V2_router_rewrite_retrieval,"In a computational graph, an add gate distributes gradient by passing the same gradient value through both its inputs. This mechanism ensures that each input's contribution to the output is equally weighted in terms of gradient flow.

Key Course Terms: Computational Graph, Gradient Distribution

The direct answer is:
An add gate passes the same gradient value through both its inputs for gradient distribution.

Evidence: [Evidence 1], [Evidence 5]",6a4f05e8e7b3;413201a91cdd;7ddefda3739c;95fdeca309bf;56745a7f7caf,"Lecture 4.pdf, page 73, chunk 6a4f05e8e7b3;Lecture 4.pdf, page 49, chunk 413201a91cdd;Lecture 4.pdf, page 53, chunk 7ddefda3739c;Lecture 4.pdf, page 52, chunk 95fdeca309bf;Lecture 4.pdf, page 50, chunk 56745a7f7caf",ollama,qwen2.5:3b,3.5539383750074194,2,722,159,"route={'in_scope': 'yes', 'question_type': 'calculation', 'lecture_topic': 'backpropagation_in_computational_graphs', 'search_query': 'COMP5541 Lectures 2-9 In a computational graph, how does an add gate distribute gradient?'}",0.0,1.0,1,,,auto-score; manually sanity-check before final submission
E026,concept,L4,"In a computational graph, how does an add gate distribute gradient?",An add gate passes the upstream gradient unchanged to each input branch.,Lecture 4 gradient flow gates,add gate;upstream gradient;unchanged,no,answer,V3_retrieval_verifier,"In a computational graph, an add gate distributes gradient by passing the same gradient value through both its inputs. This mechanism ensures that each input's contribution to the output is equally weighted in terms of gradient flow.

Key Course Terms: Computational Graph, Gradient Distribution

The direct answer is:
An add gate passes the same gradient value through both its inputs for gradient distribution.

Evidence: [Evidence 1], [Evidence 5]",6a4f05e8e7b3;413201a91cdd;7ddefda3739c;95fdeca309bf;56745a7f7caf,"Lecture 4.pdf, page 73, chunk 6a4f05e8e7b3;Lecture 4.pdf, page 49, chunk 413201a91cdd;Lecture 4.pdf, page 53, chunk 7ddefda3739c;Lecture 4.pdf, page 52, chunk 95fdeca309bf;Lecture 4.pdf, page 50, chunk 56745a7f7caf",ollama,qwen2.5:3b,5.514699792009196,2,1380,182,draft_then_verifier_rejected_overcorrection,0.0,1.0,1,,,auto-score; manually sanity-check before final submission
E026,concept,L4,"In a computational graph, how does an add gate distribute gradient?",An add gate passes the upstream gradient unchanged to each input branch.,Lecture 4 gradient flow gates,add gate;upstream gradient;unchanged,no,answer,V4_full_router_retrieval_verifier,"In a computational graph, an add gate distributes gradient by passing the same gradient value through both its inputs. This mechanism ensures that each input's contribution to the output is equally weighted in terms of gradient flow.

Key Course Terms: Computational Graph, Gradient Distribution

The direct answer is:
An add gate passes the same gradient value through both its inputs for gradient distribution.

Evidence: [Evidence 1], [Evidence 5]",6a4f05e8e7b3;413201a91cdd;7ddefda3739c;95fdeca309bf;56745a7f7caf,"Lecture 4.pdf, page 73, chunk 6a4f05e8e7b3;Lecture 4.pdf, page 49, chunk 413201a91cdd;Lecture 4.pdf, page 53, chunk 7ddefda3739c;Lecture 4.pdf, page 52, chunk 95fdeca309bf;Lecture 4.pdf, page 50, chunk 56745a7f7caf",ollama,qwen2.5:3b,6.186534375010524,3,1545,229,"route={""in_scope"": ""yes"", ""question_type"": ""calculation"", ""lecture_topic"": ""backpropagation_in_computational_graphs"", ""search_query"": ""COMP5541 Lectures 2-9 In a computational graph, how does an add gate distribute gradient?""}",0.0,1.0,1,,,auto-score; manually sanity-check before final submission
E026,concept,L4,"In a computational graph, how does an add gate distribute gradient?",An add gate passes the upstream gradient unchanged to each input branch.,Lecture 4 gradient flow gates,add gate;upstream gradient;unchanged,no,answer,A1_full_without_router,"In a computational graph, an add gate distributes gradient by passing the same gradient value through both its inputs. This mechanism ensures that each input's contribution to the output is equally weighted in terms of gradient flow.

Key Course Terms: Computational Graph, Gradient Distribution

The direct answer is:
An add gate passes the same gradient value through both its inputs for gradient distribution.

Evidence: [Evidence 1], [Evidence 5]",6a4f05e8e7b3;413201a91cdd;7ddefda3739c;95fdeca309bf;56745a7f7caf,"Lecture 4.pdf, page 73, chunk 6a4f05e8e7b3;Lecture 4.pdf, page 49, chunk 413201a91cdd;Lecture 4.pdf, page 53, chunk 7ddefda3739c;Lecture 4.pdf, page 52, chunk 95fdeca309bf;Lecture 4.pdf, page 50, chunk 56745a7f7caf",ollama,qwen2.5:3b,5.199953542003641,2,1380,182,"route={""in_scope"": ""yes"", ""question_type"": ""calculation"", ""lecture_topic"": ""COMP5541 Lectures 2-9"", ""search_query"": ""COMP5541 Lectures 2-9 In a computational graph, how does an add gate distribute gradient?""}",0.0,1.0,1,,,auto-score; manually sanity-check before final submission
E026,concept,L4,"In a computational graph, how does an add gate distribute gradient?",An add gate passes the upstream gradient unchanged to each input branch.,Lecture 4 gradient flow gates,add gate;upstream gradient;unchanged,no,answer,A2_full_without_verifier,"In a computational graph, an add gate distributes gradient by passing the same gradient value through both its inputs. This mechanism ensures that each input's contribution to the output is equally weighted in terms of gradient flow.

Key Course Terms: Computational Graph, Gradient Distribution

The direct answer is:
An add gate passes the same gradient value through both its inputs for gradient distribution.

Evidence: [Evidence 1], [Evidence 5]",6a4f05e8e7b3;413201a91cdd;7ddefda3739c;95fdeca309bf;56745a7f7caf,"Lecture 4.pdf, page 73, chunk 6a4f05e8e7b3;Lecture 4.pdf, page 49, chunk 413201a91cdd;Lecture 4.pdf, page 53, chunk 7ddefda3739c;Lecture 4.pdf, page 52, chunk 95fdeca309bf;Lecture 4.pdf, page 50, chunk 56745a7f7caf",ollama,qwen2.5:3b,3.5539383750074194,2,722,159,"route={""in_scope"": ""yes"", ""question_type"": ""calculation"", ""lecture_topic"": ""backpropagation_in_computational_graphs"", ""search_query"": ""COMP5541 Lectures 2-9 In a computational graph, how does an add gate distribute gradient?""}",0.0,1.0,1,,,auto-score; manually sanity-check before final submission
E026,concept,L4,"In a computational graph, how does an add gate distribute gradient?",An add gate passes the upstream gradient unchanged to each input branch.,Lecture 4 gradient flow gates,add gate;upstream gradient;unchanged,no,answer,A3_full_topk2,"Direct Answer: In a computational graph, an add gate distributes gradient by passing the gradients through both inputs equally. This is akin to a ""swap multiplier"" mechanism in the context of backpropagation.

Key Terms:
- Computational Graph
- Add Gate

Explanation:
The provided evidence does not directly address how an add gate distributes gradient within a computational graph. However, based on the structure and flow of information in the given materials, we can infer that the add gate would distribute gradients equally to both inputs as it combines them linearly.

For full credit, one should show this understanding without needing specific equations or calculations from the provided evidence. The key is recognizing how an add operation behaves during backpropagation, which involves passing the gradient through each input proportionally due to its linearity.

Evidence: [Evidence 1], [Evidence 2]",6a4f05e8e7b3;413201a91cdd,"Lecture 4.pdf, page 73, chunk 6a4f05e8e7b3;Lecture 4.pdf, page 49, chunk 413201a91cdd",ollama,qwen2.5:3b,6.403211456999998,3,1216,348,"route={""in_scope"": ""yes"", ""question_type"": ""calculation"", ""lecture_topic"": ""backpropagation_in_computational_graphs"", ""search_query"": ""COMP5541 Lectures 2-9 In a computational graph, how does an add gate distribute gradient?""}",0.0,1.0,1,,,auto-score; manually sanity-check before final submission
E026,concept,L4,"In a computational graph, how does an add gate distribute gradient?",An add gate passes the upstream gradient unchanged to each input branch.,Lecture 4 gradient flow gates,add gate;upstream gradient;unchanged,no,answer,A4_full_without_calculation_guard,"In a computational graph, an add gate distributes gradient by passing the same gradient value through both its inputs. This mechanism ensures that each input's contribution to the output is equally weighted in terms of gradient flow.

Key Course Terms: Computational Graph, Gradient Distribution

The direct answer is:
An add gate passes the same gradient value through both its inputs for gradient distribution.

Evidence: [Evidence 1], [Evidence 5]",6a4f05e8e7b3;413201a91cdd;7ddefda3739c;95fdeca309bf;56745a7f7caf,"Lecture 4.pdf, page 73, chunk 6a4f05e8e7b3;Lecture 4.pdf, page 49, chunk 413201a91cdd;Lecture 4.pdf, page 53, chunk 7ddefda3739c;Lecture 4.pdf, page 52, chunk 95fdeca309bf;Lecture 4.pdf, page 50, chunk 56745a7f7caf",ollama,qwen2.5:3b,6.186534375010524,3,1545,229,"route={""in_scope"": ""yes"", ""question_type"": ""calculation"", ""lecture_topic"": ""backpropagation_in_computational_graphs"", ""search_query"": ""COMP5541 Lectures 2-9 In a computational graph, how does an add gate distribute gradient?""}",0.0,1.0,1,,,auto-score; manually sanity-check before final submission
E027,concept,L5,Why are convolution layers more suitable than fully connected layers for images?,"Convolution preserves spatial structure, uses local connectivity and weight sharing, and has fewer parameters than fully connected layers.",Lecture 5 convolution motivation,spatial structure;local connectivity;weight sharing;fewer parameters,no,answer,V0_baseline_single_call,"Convolutional layers are more suitable for images due to their ability to capture spatial hierarchies of features through local connectivity patterns and weight sharing, which is inherently beneficial for image data. This design reduces the number of parameters and mitigates issues related to vanishing gradients that can occur in fully connected layers when dealing with high-dimensional input spaces typical of images (e.g., 28x28 pixel grayscale images have 784 features). Additionally, convolutional layers allow for efficient computation by operating on small patches of the image, which is computationally less intensive compared to processing the entire image at once as in fully connected layers.",,,ollama,qwen2.5:3b,2.0721773330005817,1,99,176,,0.5,0.5,0,,,auto-score; manually sanity-check before final submission
E027,concept,L5,Why are convolution layers more suitable than fully connected layers for images?,"Convolution preserves spatial structure, uses local connectivity and weight sharing, and has fewer parameters than fully connected layers.",Lecture 5 convolution motivation,spatial structure;local connectivity;weight sharing;fewer parameters,no,answer,V1_retrieval_only,"Convolution layers are more suitable than fully connected layers for images because they can capture spatial hierarchies in the data without requiring a large number of parameters, which is beneficial when dealing with high-dimensional image data. The key mechanism lies in their ability to use convolutional filters that slide across the input image, allowing them to learn and represent features at different scales and locations.

The provided evidence supports this by stating that fully connected layers have limitations such as needing a large number of parameters for memory storage, which is impractical for large images. In contrast, convolution layers can be stacked in ConvNets (Convolutional Neural Networks) along with pooling layers to effectively reduce the spatial dimensions while maintaining important features.

Key Course Terms:
- Convolution Layers
- Pooling Layers
- Activation Function
- Fully-Connected Layers

Caveat:
- Poor scalability for large images
- Easy to overfitting
- Features do not preserve spatial relationship

Evidence: [Evidence 1], [Evidence 2], [Evidence 3], [Evidence 4]",9ae959333cce;443a442ac76e;007f699d73e7;a6da992763aa;19d8704cd660,"Lecture 6(2).pdf, page 3, chunk 9ae959333cce;Lecture 5.pdf, page 12, chunk 443a442ac76e;Lecture 5.pdf, page 62, chunk 007f699d73e7;Lecture 5.pdf, page 14, chunk a6da992763aa;Lecture 8(2).pdf, page 49, chunk 19d8704cd660",ollama,qwen2.5:3b,4.4741403330044704,1,571,278,,0.0,1.0,1,,,auto-score; manually sanity-check before final submission
E027,concept,L5,Why are convolution layers more suitable than fully connected layers for images?,"Convolution preserves spatial structure, uses local connectivity and weight sharing, and has fewer parameters than fully connected layers.",Lecture 5 convolution motivation,spatial structure;local connectivity;weight sharing;fewer parameters,no,answer,V2_router_rewrite_retrieval,"Convolution layers are more suitable than fully connected layers for images because they can capture spatial hierarchies in the data without requiring a large number of parameters, which is beneficial when dealing with high-dimensional image data. The key mechanism lies in their ability to use convolutional filters that slide across the input image, allowing them to learn and represent features at different scales and locations.

The direct answer:
Convolution layers are more suitable for images because they can capture spatial hierarchies without requiring a large number of parameters, making them efficient for high-dimensional data like images.

Key course terms:
- Convolutional Neural Network (CNN)
- Convolution Layers
- Pooling Layers
- Activation Function
- Fully-Connected Layers

Caveat:
Fully connected layers have limitations such as a large number of parameters, poor scalability for large images, and difficulty in preserving spatial relationships.",9ae959333cce;443a442ac76e;007f699d73e7;a6da992763aa;19d8704cd660,"Lecture 6(2).pdf, page 3, chunk 9ae959333cce;Lecture 5.pdf, page 12, chunk 443a442ac76e;Lecture 5.pdf, page 62, chunk 007f699d73e7;Lecture 5.pdf, page 14, chunk a6da992763aa;Lecture 8(2).pdf, page 49, chunk 19d8704cd660",ollama,qwen2.5:3b,4.666394291998586,2,734,298,"route={'in_scope': 'yes', 'question_type': 'comparison', 'lecture_topic': 'Convolutional Neural Networks (CNNs) and their components', 'search_query': 'Lecture 5 convolution output size parameters Why are convolution layers more suitable than fully connected layers for images?'}",0.0,0.5,1,,,auto-score; manually sanity-check before final submission
E027,concept,L5,Why are convolution layers more suitable than fully connected layers for images?,"Convolution preserves spatial structure, uses local connectivity and weight sharing, and has fewer parameters than fully connected layers.",Lecture 5 convolution motivation,spatial structure;local connectivity;weight sharing;fewer parameters,no,answer,V3_retrieval_verifier,"Convolution layers are more suitable than fully connected layers for images because they can capture spatial hierarchies in the data without requiring a large number of parameters, which is beneficial when dealing with high-dimensional image data. The key mechanism lies in their ability to use convolutional filters that slide across the input image, allowing them to learn and represent features at different scales and locations.

The provided evidence supports this by stating that fully connected layers have limitations such as needing a large number of parameters for memory storage, which is impractical for large images. In contrast, convolution layers can be stacked in ConvNets (Convolutional Neural Networks) along with pooling layers to effectively reduce the spatial dimensions while maintaining important features.

Key Course Terms:
- Convolution Layers
- Pooling Layers
- Activation Function
- Fully-Connected Layers

Caveat:
- Poor scalability for large images
- Easy to overfitting
- Features do not preserve spatial relationship

Evidence: [Evidence 1], [Evidence 2], [Evidence 3], [Evidence 4]",9ae959333cce;443a442ac76e;007f699d73e7;a6da992763aa;19d8704cd660,"Lecture 6(2).pdf, page 3, chunk 9ae959333cce;Lecture 5.pdf, page 12, chunk 443a442ac76e;Lecture 5.pdf, page 62, chunk 007f699d73e7;Lecture 5.pdf, page 14, chunk a6da992763aa;Lecture 8(2).pdf, page 49, chunk 19d8704cd660",ollama,qwen2.5:3b,8.845256749998953,2,1578,508,draft_then_verifier_rejected_overcorrection,0.0,1.0,1,,,auto-score; manually sanity-check before final submission
E027,concept,L5,Why are convolution layers more suitable than fully connected layers for images?,"Convolution preserves spatial structure, uses local connectivity and weight sharing, and has fewer parameters than fully connected layers.",Lecture 5 convolution motivation,spatial structure;local connectivity;weight sharing;fewer parameters,no,answer,V4_full_router_retrieval_verifier,"Convolution layers are more suitable than fully connected layers for images because they can capture spatial hierarchies in the data without requiring a large number of parameters, which is beneficial when dealing with high-dimensional image data. The key mechanism lies in their ability to use convolutional filters that slide across the input image, allowing them to learn and represent features at different scales and locations.

The direct answer:
Convolution layers are more suitable for images because they can capture spatial hierarchies without requiring a large number of parameters, making them efficient for high-dimensional data like images.

Key course terms:
- Convolutional Neural Network (CNN)
- Convolution Layers
- Pooling Layers
- Activation Function
- Fully-Connected Layers

Caveat:
Fully connected layers have limitations such as a large number of parameters, poor scalability for large images, and difficulty in preserving spatial relationships.",9ae959333cce;443a442ac76e;007f699d73e7;a6da992763aa;19d8704cd660,"Lecture 6(2).pdf, page 3, chunk 9ae959333cce;Lecture 5.pdf, page 12, chunk 443a442ac76e;Lecture 5.pdf, page 62, chunk 007f699d73e7;Lecture 5.pdf, page 14, chunk a6da992763aa;Lecture 8(2).pdf, page 49, chunk 19d8704cd660",ollama,qwen2.5:3b,6.8422913339964,3,1708,360,"route={""in_scope"": ""yes"", ""question_type"": ""comparison"", ""lecture_topic"": ""Convolutional Neural Networks (CNNs) and their components"", ""search_query"": ""Lecture 5 convolution output size parameters Why are convolution layers more suitable than fully connected layers for images?""}",0.0,0.5,1,,,auto-score; manually sanity-check before final submission
E027,concept,L5,Why are convolution layers more suitable than fully connected layers for images?,"Convolution preserves spatial structure, uses local connectivity and weight sharing, and has fewer parameters than fully connected layers.",Lecture 5 convolution motivation,spatial structure;local connectivity;weight sharing;fewer parameters,no,answer,A1_full_without_router,"Convolution layers are more suitable than fully connected layers for images because they can capture spatial hierarchies in the data without requiring a large number of parameters, which is beneficial when dealing with high-dimensional image data. The key mechanism lies in their ability to use convolutional filters that slide across the input image, allowing them to learn and represent features at different scales and locations.

The direct answer:
Convolution layers are more suitable for images because they can capture spatial hierarchies without requiring a large number of parameters, making them efficient for high-dimensional data like images.

Key course terms:
- Convolutional Neural Network (CNN)
- Convolution Layers
- Pooling Layers
- Activation Function
- Fully-Connected Layers

Caveat:
Fully connected layers have limitations such as a large number of parameters, poor scalability for large images, and difficulty in preserving spatial relationships.",9ae959333cce;443a442ac76e;007f699d73e7;a6da992763aa;19d8704cd660,"Lecture 6(2).pdf, page 3, chunk 9ae959333cce;Lecture 5.pdf, page 12, chunk 443a442ac76e;Lecture 5.pdf, page 62, chunk 007f699d73e7;Lecture 5.pdf, page 14, chunk a6da992763aa;Lecture 8(2).pdf, page 49, chunk 19d8704cd660",ollama,qwen2.5:3b,6.0883339590000105,2,1542,315,"route={""in_scope"": ""yes"", ""question_type"": ""comparison"", ""lecture_topic"": ""Lecture 5 convolution output size parameters"", ""search_query"": ""Lecture 5 convolution output size parameters Why are convolution layers more suitable than fully connected layers for images?""}",0.0,0.5,1,,,auto-score; manually sanity-check before final submission
E027,concept,L5,Why are convolution layers more suitable than fully connected layers for images?,"Convolution preserves spatial structure, uses local connectivity and weight sharing, and has fewer parameters than fully connected layers.",Lecture 5 convolution motivation,spatial structure;local connectivity;weight sharing;fewer parameters,no,answer,A2_full_without_verifier,"Convolution layers are more suitable than fully connected layers for images because they can capture spatial hierarchies in the data without requiring a large number of parameters, which is beneficial when dealing with high-dimensional image data. The key mechanism lies in their ability to use convolutional filters that slide across the input image, allowing them to learn and represent features at different scales and locations.

The direct answer:
Convolution layers are more suitable for images because they can capture spatial hierarchies without requiring a large number of parameters, making them efficient for high-dimensional data like images.

Key course terms:
- Convolutional Neural Network (CNN)
- Convolution Layers
- Pooling Layers
- Activation Function
- Fully-Connected Layers

Caveat:
Fully connected layers have limitations such as a large number of parameters, poor scalability for large images, and difficulty in preserving spatial relationships.",9ae959333cce;443a442ac76e;007f699d73e7;a6da992763aa;19d8704cd660,"Lecture 6(2).pdf, page 3, chunk 9ae959333cce;Lecture 5.pdf, page 12, chunk 443a442ac76e;Lecture 5.pdf, page 62, chunk 007f699d73e7;Lecture 5.pdf, page 14, chunk a6da992763aa;Lecture 8(2).pdf, page 49, chunk 19d8704cd660",ollama,qwen2.5:3b,4.666394291998586,2,734,298,"route={""in_scope"": ""yes"", ""question_type"": ""comparison"", ""lecture_topic"": ""Convolutional Neural Networks (CNNs) and their components"", ""search_query"": ""Lecture 5 convolution output size parameters Why are convolution layers more suitable than fully connected layers for images?""}",0.0,0.5,1,,,auto-score; manually sanity-check before final submission
E027,concept,L5,Why are convolution layers more suitable than fully connected layers for images?,"Convolution preserves spatial structure, uses local connectivity and weight sharing, and has fewer parameters than fully connected layers.",Lecture 5 convolution motivation,spatial structure;local connectivity;weight sharing;fewer parameters,no,answer,A3_full_topk2,"Direct Answer: Convolution layers are more suitable for images because they can capture spatial hierarchies and local patterns within the image data, unlike fully connected layers which do not account for the grid-like structure of pixel values in an image.

Key Course Terms:
- Convolutional Layers
- Pooling Layers
- Activation Function
- Fully-Connected Layers

Evidence: [Evidence 1], [Evidence 2]",9ae959333cce;443a442ac76e,"Lecture 6(2).pdf, page 3, chunk 9ae959333cce;Lecture 5.pdf, page 12, chunk 443a442ac76e",ollama,qwen2.5:3b,5.1889490420071525,3,1082,259,"route={""in_scope"": ""yes"", ""question_type"": ""comparison"", ""lecture_topic"": ""Convolutional Neural Networks (CNNs) and their components"", ""search_query"": ""Lecture 5 convolution output size parameters Why are convolution layers more suitable than fully connected layers for images?""}",0.0,1.0,1,,,auto-score; manually sanity-check before final submission
E027,concept,L5,Why are convolution layers more suitable than fully connected layers for images?,"Convolution preserves spatial structure, uses local connectivity and weight sharing, and has fewer parameters than fully connected layers.",Lecture 5 convolution motivation,spatial structure;local connectivity;weight sharing;fewer parameters,no,answer,A4_full_without_calculation_guard,"Convolution layers are more suitable than fully connected layers for images because they can capture spatial hierarchies in the data without requiring a large number of parameters, which is beneficial when dealing with high-dimensional image data. The key mechanism lies in their ability to use convolutional filters that slide across the input image, allowing them to learn and represent features at different scales and locations.

The direct answer:
Convolution layers are more suitable for images because they can capture spatial hierarchies without requiring a large number of parameters, making them efficient for high-dimensional data like images.

Key course terms:
- Convolutional Neural Network (CNN)
- Convolution Layers
- Pooling Layers
- Activation Function
- Fully-Connected Layers

Caveat:
Fully connected layers have limitations such as a large number of parameters, poor scalability for large images, and difficulty in preserving spatial relationships.",9ae959333cce;443a442ac76e;007f699d73e7;a6da992763aa;19d8704cd660,"Lecture 6(2).pdf, page 3, chunk 9ae959333cce;Lecture 5.pdf, page 12, chunk 443a442ac76e;Lecture 5.pdf, page 62, chunk 007f699d73e7;Lecture 5.pdf, page 14, chunk a6da992763aa;Lecture 8(2).pdf, page 49, chunk 19d8704cd660",ollama,qwen2.5:3b,6.8422913339964,3,1708,360,"route={""in_scope"": ""yes"", ""question_type"": ""comparison"", ""lecture_topic"": ""Convolutional Neural Networks (CNNs) and their components"", ""search_query"": ""Lecture 5 convolution output size parameters Why are convolution layers more suitable than fully connected layers for images?""}",0.0,0.5,1,,,auto-score; manually sanity-check before final submission
E028,concept,L5,What does it mean that a convolution filter spans the full depth of the input?,A filter has spatial size such as 5x5 but extends across all input channels.,Lecture 5 convolution filter depth,spatial size;all input channels;full depth,no,answer,V0_baseline_single_call,"In the context of COMP5541, when a convolution filter spans the full depth of the input, it means that the filter is applied across all layers or channels within the input data. This implies that for each position in the spatial dimensions (e.g., height and width), the same set of weights from the filter are used to compute the output feature map over all the channels present in the input volume. This ensures a consistent processing of information across different feature channels, which is crucial for tasks such as image segmentation or multi-channel data analysis where multiple features need to be considered simultaneously.",,,ollama,qwen2.5:3b,1.9351092090000748,1,98,158,,0.5,0.5,0,,,auto-score; manually sanity-check before final submission
E028,concept,L5,What does it mean that a convolution filter spans the full depth of the input?,A filter has spatial size such as 5x5 but extends across all input channels.,Lecture 5 convolution filter depth,spatial size;all input channels;full depth,no,answer,V1_retrieval_only,"What does it mean that a convolution filter spans the full depth of the input?

Direct Answer: A convolution filter spans the full depth of the input when it is applied to an image with dimensions such as 32x32x3, where the filter has dimensions like 5x5x3. This means the filter extends across all three spatial dimensions (height, width, and depth) of the input volume.

Key Course Terms: Convolution Layer, Depth, Spatial Dimensions

Evidence: [Evidence 1], [Evidence 4]",9b79e4b8ac81;9e9ad547bdf4;d7ba3e9c7f23;3d3b25463d42;d6b60b5c0671,"Lecture 5.pdf, page 17, chunk 9b79e4b8ac81;Lecture 5.pdf, page 16, chunk 9e9ad547bdf4;Lecture 5.pdf, page 32, chunk d7ba3e9c7f23;Lecture 5.pdf, page 15, chunk 3d3b25463d42;Lecture 5.pdf, page 30, chunk d6b60b5c0671",ollama,qwen2.5:3b,2.803316459001508,1,514,118,,0.0,1.0,1,,,auto-score; manually sanity-check before final submission
E028,concept,L5,What does it mean that a convolution filter spans the full depth of the input?,A filter has spatial size such as 5x5 but extends across all input channels.,Lecture 5 convolution filter depth,spatial size;all input channels;full depth,no,answer,V2_router_rewrite_retrieval,"What does it mean that a convolution filter spans the full depth of the input? It means that the filter extends across all three dimensions (height, width, and depth) of the input volume. For example, in a 32x32x3 image with a 5x5x3 filter, the filter covers the entire 3-dimensional structure of the image.

Key Course Terms: Convolution Layer

Evidence: [Evidence 1], [Evidence 5]",9b79e4b8ac81;cf6d61794e98;0d24f3d911af;970bba8b60e6;9e9ad547bdf4,"Lecture 5.pdf, page 17, chunk 9b79e4b8ac81;Lecture 5.pdf, page 38, chunk cf6d61794e98;Lecture 5.pdf, page 37, chunk 0d24f3d911af;Lecture 5.pdf, page 31, chunk 970bba8b60e6;Lecture 5.pdf, page 16, chunk 9e9ad547bdf4",ollama,qwen2.5:3b,3.402611666999292,2,712,137,"route={'in_scope': 'yes', 'question_type': 'concept', 'lecture_topic': 'Convolutional Neural Networks (L4)', 'search_query': 'Lecture 5 convolution output size parameters What does it mean that a convolution filter spans the full depth of the input?'}",0.0,1.0,1,,,auto-score; manually sanity-check before final submission
E028,concept,L5,What does it mean that a convolution filter spans the full depth of the input?,A filter has spatial size such as 5x5 but extends across all input channels.,Lecture 5 convolution filter depth,spatial size;all input channels;full depth,no,answer,V3_retrieval_verifier,"What does it mean that a convolution filter spans the full depth of the input?

Direct Answer: A convolution filter spans the full depth of the input when it is applied to an image with dimensions such as 32x32x3, where the filter has dimensions like 5x5x3. This means the filter extends across all three spatial dimensions (height, width, and depth) of the input volume.

Key Course Terms: Convolution Layer, Depth, Spatial Dimensions

Evidence: [Evidence 1], [Evidence 4]",9b79e4b8ac81;9e9ad547bdf4;d7ba3e9c7f23;3d3b25463d42;d6b60b5c0671,"Lecture 5.pdf, page 17, chunk 9b79e4b8ac81;Lecture 5.pdf, page 16, chunk 9e9ad547bdf4;Lecture 5.pdf, page 32, chunk d7ba3e9c7f23;Lecture 5.pdf, page 15, chunk 3d3b25463d42;Lecture 5.pdf, page 30, chunk d6b60b5c0671",ollama,qwen2.5:3b,5.441680959003861,2,1303,197,draft_then_verifier_rejected_overcorrection,0.0,1.0,1,,,auto-score; manually sanity-check before final submission
E028,concept,L5,What does it mean that a convolution filter spans the full depth of the input?,A filter has spatial size such as 5x5 but extends across all input channels.,Lecture 5 convolution filter depth,spatial size;all input channels;full depth,no,answer,V4_full_router_retrieval_verifier,"What does it mean that a convolution filter spans the full depth of the input? It means that the filter extends across all three dimensions (height, width, and depth) of the input volume. For example, in a 32x32x3 image with a 5x5x3 filter, the filter covers the entire 3-dimensional structure of the image.

Key Course Terms: Convolution Layer

Evidence: [Evidence 1], [Evidence 5]",9b79e4b8ac81;cf6d61794e98;0d24f3d911af;970bba8b60e6;9e9ad547bdf4,"Lecture 5.pdf, page 17, chunk 9b79e4b8ac81;Lecture 5.pdf, page 38, chunk cf6d61794e98;Lecture 5.pdf, page 37, chunk 0d24f3d911af;Lecture 5.pdf, page 31, chunk 970bba8b60e6;Lecture 5.pdf, page 16, chunk 9e9ad547bdf4",ollama,qwen2.5:3b,5.679404457994679,3,1512,198,"route={""in_scope"": ""yes"", ""question_type"": ""concept"", ""lecture_topic"": ""Convolutional Neural Networks (L4)"", ""search_query"": ""Lecture 5 convolution output size parameters What does it mean that a convolution filter spans the full depth of the input?""}",0.0,1.0,1,,,auto-score; manually sanity-check before final submission
E028,concept,L5,What does it mean that a convolution filter spans the full depth of the input?,A filter has spatial size such as 5x5 but extends across all input channels.,Lecture 5 convolution filter depth,spatial size;all input channels;full depth,no,answer,A1_full_without_router,"What does it mean that a convolution filter spans the full depth of the input? It means that the filter extends across all three dimensions (height, width, and depth) of the input volume. For example, in a 32x32x3 image with a 5x5x3 filter, the filter covers the entire 3-dimensional structure of the image.

Key Course Terms: Convolution Layer

Evidence: [Evidence 1], [Evidence 5]",9b79e4b8ac81;cf6d61794e98;0d24f3d911af;970bba8b60e6;9e9ad547bdf4,"Lecture 5.pdf, page 17, chunk 9b79e4b8ac81;Lecture 5.pdf, page 38, chunk cf6d61794e98;Lecture 5.pdf, page 37, chunk 0d24f3d911af;Lecture 5.pdf, page 31, chunk 970bba8b60e6;Lecture 5.pdf, page 16, chunk 9e9ad547bdf4",ollama,qwen2.5:3b,4.708784499998728,2,1352,156,"route={""in_scope"": ""yes"", ""question_type"": ""concept"", ""lecture_topic"": ""Lecture 5 convolution output size parameters"", ""search_query"": ""Lecture 5 convolution output size parameters What does it mean that a convolution filter spans the full depth of the input?""}",0.0,1.0,1,,,auto-score; manually sanity-check before final submission
E028,concept,L5,What does it mean that a convolution filter spans the full depth of the input?,A filter has spatial size such as 5x5 but extends across all input channels.,Lecture 5 convolution filter depth,spatial size;all input channels;full depth,no,answer,A2_full_without_verifier,"What does it mean that a convolution filter spans the full depth of the input? It means that the filter extends across all three dimensions (height, width, and depth) of the input volume. For example, in a 32x32x3 image with a 5x5x3 filter, the filter covers the entire 3-dimensional structure of the image.

Key Course Terms: Convolution Layer

Evidence: [Evidence 1], [Evidence 5]",9b79e4b8ac81;cf6d61794e98;0d24f3d911af;970bba8b60e6;9e9ad547bdf4,"Lecture 5.pdf, page 17, chunk 9b79e4b8ac81;Lecture 5.pdf, page 38, chunk cf6d61794e98;Lecture 5.pdf, page 37, chunk 0d24f3d911af;Lecture 5.pdf, page 31, chunk 970bba8b60e6;Lecture 5.pdf, page 16, chunk 9e9ad547bdf4",ollama,qwen2.5:3b,3.402611666999292,2,712,137,"route={""in_scope"": ""yes"", ""question_type"": ""concept"", ""lecture_topic"": ""Convolutional Neural Networks (L4)"", ""search_query"": ""Lecture 5 convolution output size parameters What does it mean that a convolution filter spans the full depth of the input?""}",0.0,1.0,1,,,auto-score; manually sanity-check before final submission
E028,concept,L5,What does it mean that a convolution filter spans the full depth of the input?,A filter has spatial size such as 5x5 but extends across all input channels.,Lecture 5 convolution filter depth,spatial size;all input channels;full depth,no,answer,A3_full_topk2,"Direct Answer: A convolution filter spans the full depth of the input when it extends across all three dimensions (height, width, and depth) of a given image or volume.

Key Course Terms:
- Convolution Layer
- Depth
- Input Volume

Explanation: The provided evidence indicates that in a convolution layer, the filters are designed to span the full depth of the input. This means they extend through all 32 layers (depth dimension) of a 32x32x3 image. The mechanism involves sliding the 5x5x3 filter over the entire 32x32x3 input volume, computing dot products at each position to generate output features.

Evidence: [Evidence 1], [Evidence 2]",9b79e4b8ac81;cf6d61794e98,"Lecture 5.pdf, page 17, chunk 9b79e4b8ac81;Lecture 5.pdf, page 38, chunk cf6d61794e98",ollama,qwen2.5:3b,7.698168833994714,3,1253,361,"route={""in_scope"": ""yes"", ""question_type"": ""concept"", ""lecture_topic"": ""Convolutional Neural Networks (L4)"", ""search_query"": ""Lecture 5 convolution output size parameters What does it mean that a convolution filter spans the full depth of the input?""}",0.0,1.0,1,,,auto-score; manually sanity-check before final submission
E028,concept,L5,What does it mean that a convolution filter spans the full depth of the input?,A filter has spatial size such as 5x5 but extends across all input channels.,Lecture 5 convolution filter depth,spatial size;all input channels;full depth,no,answer,A4_full_without_calculation_guard,"What does it mean that a convolution filter spans the full depth of the input? It means that the filter extends across all three dimensions (height, width, and depth) of the input volume. For example, in a 32x32x3 image with a 5x5x3 filter, the filter covers the entire 3-dimensional structure of the image.

Key Course Terms: Convolution Layer

Evidence: [Evidence 1], [Evidence 5]",9b79e4b8ac81;cf6d61794e98;0d24f3d911af;970bba8b60e6;9e9ad547bdf4,"Lecture 5.pdf, page 17, chunk 9b79e4b8ac81;Lecture 5.pdf, page 38, chunk cf6d61794e98;Lecture 5.pdf, page 37, chunk 0d24f3d911af;Lecture 5.pdf, page 31, chunk 970bba8b60e6;Lecture 5.pdf, page 16, chunk 9e9ad547bdf4",ollama,qwen2.5:3b,5.679404457994679,3,1512,198,"route={""in_scope"": ""yes"", ""question_type"": ""concept"", ""lecture_topic"": ""Convolutional Neural Networks (L4)"", ""search_query"": ""Lecture 5 convolution output size parameters What does it mean that a convolution filter spans the full depth of the input?""}",0.0,1.0,1,,,auto-score; manually sanity-check before final submission
E029,formula,L5,"What is the formula for convolution output width given input width W, filter size F, padding P, and stride S?",The output width is (W - F + 2P) / S + 1 when the result is an integer.,Lecture 5 convolution output formula,W - F + 2P;S;+1,no,answer,V0_baseline_single_call,"The formula for calculating the output width (O) of a convolution layer in terms of the input width (W), filter size (F), padding (P), and stride (S) is:

\[ O = \frac{W - F + 2P}{S} + 1 \]

This equation assumes that both P and S are non-zero. The term \(2P\) accounts for the padding on both sides of the input, and the division by S represents how many strides it takes to cover the entire width of the filter across the input. The ""+1"" at the end is due to the fact that convolution involves sliding the kernel over the input, resulting in a new dimension being added after each stride operation.",,,ollama,qwen2.5:3b,2.4049882079998497,1,106,150,,1.0,0.5,0,,,auto-score; manually sanity-check before final submission
E029,formula,L5,"What is the formula for convolution output width given input width W, filter size F, padding P, and stride S?",The output width is (W - F + 2P) / S + 1 when the result is an integer.,Lecture 5 convolution output formula,W - F + 2P;S;+1,no,answer,V1_retrieval_only,"The formula for the output width of a convolution layer is given by:
\[ \text{Output Width} = \left( N - F \right) / S + 1 \]
where \(N\) is the input width, \(F\) is the filter size, and \(S\) is the stride.

Key Course Terms: Convolution Layer, Output Width

Explanation:
The formula provided in Evidence [Evidence 4] directly addresses the question. It states that for an input of size \(N \times N\), a filter of size \(F \times F\), and a stride of \(S\), the output width is calculated as \(\left( N - F \right) / S + 1\). This formula accounts for both cases where padding is applied (as seen in Evidence [Evidence 1] and [Evidence 3]) and those without padding (as shown in Evidence [Evidence 2]). The provided examples demonstrate how the output width changes based on these parameters.

Evidence: [Evidence 4], [Evidence 1], [Evidence 2], [Evidence 5]",3a32e9fa004b;4f91948b1ae8;3e02b0afd922;3df5d47c4c25;0d24f3d911af,"Lecture 5.pdf, page 40, chunk 3a32e9fa004b;Lecture 5.pdf, page 39, chunk 4f91948b1ae8;Lecture 5.pdf, page 42, chunk 3e02b0afd922;Lecture 5.pdf, page 41, chunk 3df5d47c4c25;Lecture 5.pdf, page 37, chunk 0d24f3d911af",ollama,qwen2.5:3b,4.966649333000532,1,588,215,,0.5,1.0,1,,,auto-score; manually sanity-check before final submission
E029,formula,L5,"What is the formula for convolution output width given input width W, filter size F, padding P, and stride S?",The output width is (W - F + 2P) / S + 1 when the result is an integer.,Lecture 5 convolution output formula,W - F + 2P;S;+1,no,answer,V2_router_rewrite_retrieval,"The formula for convolution output width given input width W, filter size F, padding P, and stride S is:
\[ \text{Output Width} = \left( \frac{(W + 2P - F)}{S} \right) + 1 \]

Evidence: [Evidence 3], [Evidence 4]",cf6d61794e98;0d24f3d911af;3a32e9fa004b;3e02b0afd922;4f91948b1ae8,"Lecture 5.pdf, page 38, chunk cf6d61794e98;Lecture 5.pdf, page 37, chunk 0d24f3d911af;Lecture 5.pdf, page 40, chunk 3a32e9fa004b;Lecture 5.pdf, page 42, chunk 3e02b0afd922;Lecture 5.pdf, page 39, chunk 4f91948b1ae8",ollama,qwen2.5:3b,3.279968209000799,2,762,100,"route={'in_scope': 'yes', 'question_type': 'calculation', 'lecture_topic': 'Convolutional Neural Networks (L5)', 'search_query': 'Lecture 5 convolution output size parameters What is the formula for convolution output width given input width W, filter size F, padding P, and stride S?'}",1.0,1.0,1,,,auto-score; manually sanity-check before final submission
E029,formula,L5,"What is the formula for convolution output width given input width W, filter size F, padding P, and stride S?",The output width is (W - F + 2P) / S + 1 when the result is an integer.,Lecture 5 convolution output formula,W - F + 2P;S;+1,no,answer,V3_retrieval_verifier,"The convolution output width is (W - F + 2P) / S + 1, assuming the result is an integer.

Evidence: Evidence 1; Evidence 2; Evidence 3",3a32e9fa004b;4f91948b1ae8;3e02b0afd922;3df5d47c4c25;0d24f3d911af,"Lecture 5.pdf, page 40, chunk 3a32e9fa004b;Lecture 5.pdf, page 39, chunk 4f91948b1ae8;Lecture 5.pdf, page 42, chunk 3e02b0afd922;Lecture 5.pdf, page 41, chunk 3df5d47c4c25;Lecture 5.pdf, page 37, chunk 0d24f3d911af",ollama,qwen2.5:3b,4.966649333000532,1,588,215,draft_then_calculation_guard,1.0,1.0,1,,,auto-score; manually sanity-check before final submission
E029,formula,L5,"What is the formula for convolution output width given input width W, filter size F, padding P, and stride S?",The output width is (W - F + 2P) / S + 1 when the result is an integer.,Lecture 5 convolution output formula,W - F + 2P;S;+1,no,answer,V4_full_router_retrieval_verifier,"The convolution output width is (W - F + 2P) / S + 1, assuming the result is an integer.

Evidence: Evidence 1; Evidence 2; Evidence 3",cf6d61794e98;0d24f3d911af;3a32e9fa004b;3e02b0afd922;4f91948b1ae8,"Lecture 5.pdf, page 38, chunk cf6d61794e98;Lecture 5.pdf, page 37, chunk 0d24f3d911af;Lecture 5.pdf, page 40, chunk 3a32e9fa004b;Lecture 5.pdf, page 42, chunk 3e02b0afd922;Lecture 5.pdf, page 39, chunk 4f91948b1ae8",ollama,qwen2.5:3b,3.279968209000799,2,762,100,"route={""in_scope"": ""yes"", ""question_type"": ""calculation"", ""lecture_topic"": ""Convolutional Neural Networks (L5)"", ""search_query"": ""Lecture 5 convolution output size parameters What is the formula for convolution output width given input width W, filter size F, padding P, and stride S?""}",1.0,1.0,1,,,auto-score; manually sanity-check before final submission
E029,formula,L5,"What is the formula for convolution output width given input width W, filter size F, padding P, and stride S?",The output width is (W - F + 2P) / S + 1 when the result is an integer.,Lecture 5 convolution output formula,W - F + 2P;S;+1,no,answer,A1_full_without_router,"The convolution output width is (W - F + 2P) / S + 1, assuming the result is an integer.

Evidence: Evidence 1; Evidence 2; Evidence 3",cf6d61794e98;0d24f3d911af;3a32e9fa004b;3e02b0afd922;4f91948b1ae8,"Lecture 5.pdf, page 38, chunk cf6d61794e98;Lecture 5.pdf, page 37, chunk 0d24f3d911af;Lecture 5.pdf, page 40, chunk 3a32e9fa004b;Lecture 5.pdf, page 42, chunk 3e02b0afd922;Lecture 5.pdf, page 39, chunk 4f91948b1ae8",ollama,qwen2.5:3b,2.2150412920018425,1,592,53,"route={""in_scope"": ""yes"", ""question_type"": ""concept"", ""lecture_topic"": ""Lecture 5 convolution output size parameters"", ""search_query"": ""Lecture 5 convolution output size parameters What is the formula for convolution output width given input width W, filter size F, padding P, and stride S?""}",1.0,1.0,1,,,auto-score; manually sanity-check before final submission
E029,formula,L5,"What is the formula for convolution output width given input width W, filter size F, padding P, and stride S?",The output width is (W - F + 2P) / S + 1 when the result is an integer.,Lecture 5 convolution output formula,W - F + 2P;S;+1,no,answer,A2_full_without_verifier,"The formula for convolution output width given input width W, filter size F, padding P, and stride S is:
\[ \text{Output Width} = \left( \frac{(W + 2P - F)}{S} \right) + 1 \]

Evidence: [Evidence 3], [Evidence 4]",cf6d61794e98;0d24f3d911af;3a32e9fa004b;3e02b0afd922;4f91948b1ae8,"Lecture 5.pdf, page 38, chunk cf6d61794e98;Lecture 5.pdf, page 37, chunk 0d24f3d911af;Lecture 5.pdf, page 40, chunk 3a32e9fa004b;Lecture 5.pdf, page 42, chunk 3e02b0afd922;Lecture 5.pdf, page 39, chunk 4f91948b1ae8",ollama,qwen2.5:3b,3.279968209000799,2,762,100,"route={""in_scope"": ""yes"", ""question_type"": ""calculation"", ""lecture_topic"": ""Convolutional Neural Networks (L5)"", ""search_query"": ""Lecture 5 convolution output size parameters What is the formula for convolution output width given input width W, filter size F, padding P, and stride S?""}",1.0,1.0,1,,,auto-score; manually sanity-check before final submission
E029,formula,L5,"What is the formula for convolution output width given input width W, filter size F, padding P, and stride S?",The output width is (W - F + 2P) / S + 1 when the result is an integer.,Lecture 5 convolution output formula,W - F + 2P;S;+1,no,answer,A3_full_topk2,"The convolution output width is (W - F + 2P) / S + 1, assuming the result is an integer.

Evidence: Evidence 1; Evidence 2",cf6d61794e98;0d24f3d911af,"Lecture 5.pdf, page 38, chunk cf6d61794e98;Lecture 5.pdf, page 37, chunk 0d24f3d911af",ollama,qwen2.5:3b,2.954186708000634,2,546,122,"route={""in_scope"": ""yes"", ""question_type"": ""calculation"", ""lecture_topic"": ""Convolutional Neural Networks (L5)"", ""search_query"": ""Lecture 5 convolution output size parameters What is the formula for convolution output width given input width W, filter size F, padding P, and stride S?""}",1.0,1.0,1,,,auto-score; manually sanity-check before final submission
E029,formula,L5,"What is the formula for convolution output width given input width W, filter size F, padding P, and stride S?",The output width is (W - F + 2P) / S + 1 when the result is an integer.,Lecture 5 convolution output formula,W - F + 2P;S;+1,no,answer,A4_full_without_calculation_guard,"The formula for convolution output width given input width W, filter size F, padding P, and stride S is:
\[ \text{Output Width} = \left( \frac{(W + 2P - F)}{S} \right) + 1 \]

Evidence: [Evidence 3], [Evidence 4]",cf6d61794e98;0d24f3d911af;3a32e9fa004b;3e02b0afd922;4f91948b1ae8,"Lecture 5.pdf, page 38, chunk cf6d61794e98;Lecture 5.pdf, page 37, chunk 0d24f3d911af;Lecture 5.pdf, page 40, chunk 3a32e9fa004b;Lecture 5.pdf, page 42, chunk 3e02b0afd922;Lecture 5.pdf, page 39, chunk 4f91948b1ae8",ollama,qwen2.5:3b,6.155705751003552,3,1570,159,"route={""in_scope"": ""yes"", ""question_type"": ""calculation"", ""lecture_topic"": ""Convolutional Neural Networks (L5)"", ""search_query"": ""Lecture 5 convolution output size parameters What is the formula for convolution output width given input width W, filter size F, padding P, and stride S?""}",1.0,1.0,1,,,auto-score; manually sanity-check before final submission
E030,calculation,L5,"For a 32x32x3 image with 8 filters of size 5x5, stride 1, no padding, and no bias, what are the output shape and parameter count?",The output shape is 28x28x8 and the parameter count is 5*5*3*8 = 600.,Lecture 5 CNN shape and parameters,28x28x8;600,no,answer,V0_baseline_single_call,"The output shape for such an operation can be calculated as follows: 

- The input image has dimensions 32x32x3.
- Each filter is of size 5x5.
- There are 8 filters.

For each filter, the number of output channels (or feature maps) will be equal to the number of filters. Therefore, there will be 8 feature maps in total.

The formula for calculating the height and width of the output volume is:
\[ \text{Output dimension} = \frac{\text{Input dimension} - \text{Filter size}}{\text{Stride}} + 1 \]

Given that stride is 1:

- For height: \( \text{Height} = \frac{32 - 5}{1} + 1 = 28 \)
- For width: \( \text{Width} = \frac{32 - 5}{1} + 1 = 28 \)

Thus, the output shape will be 28x28x8.

For the parameter count:
- Each filter has a weight matrix of size 5x5x3 (input channels x filter size x filter size).
- There are 8 filters.
  
Therefore, the total number of parameters is calculated as follows:
\[ \text{Total Parameters} = (\text{Filter Size})^2 \times \text{Input Channels} \times \text{Number of Filters} + \text{Bias Terms} \]

Since there are no biases (bias terms are 0):
\[ \text{Total Parameters} = 5 \times 5 \times 3 \times 8 = 600 \]

So, the output shape is 28x28x8 and the parameter count is 600.",,,ollama,qwen2.5:3b,5.94576387500274,1,111,304,,1.0,0.5,0,,,auto-score; manually sanity-check before final submission
E030,calculation,L5,"For a 32x32x3 image with 8 filters of size 5x5, stride 1, no padding, and no bias, what are the output shape and parameter count?",The output shape is 28x28x8 and the parameter count is 5*5*3*8 = 600.,Lecture 5 CNN shape and parameters,28x28x8;600,no,answer,V1_retrieval_only,"The output shape is 32x32x10.

Key terms:
- Deconvolution

Mechanism:
For deconvolution, the formula to determine the output size of a layer with input size H_in and kernel size F is given by: 
```text
H_out = (H_in - 1) * stride + kernel_size - 2 * padding
```
Given that the input shape is 32x32x3, the filter size is 5x5, stride is 1, and no padding is applied:
- H_out = (32 - 1) * 1 + 5 - 0 = 32

Parameter count for this setup would be calculated based on the number of parameters in a deconvolution layer. For a deconvolution layer with input channels C_in, output channels C_out, and kernel size F:
- Parameter count: (C_out * F^2) + C_out
For our case, C_in = 3, C_out = 10, and F = 5.
- Parameter count: (10 * 5^2) + 10 = 260

Therefore, the output shape is 32x32x10 with a parameter count of 260.",ad020b75f046;3a32e9fa004b;3e02b0afd922;3dd5316ddd28;3fd7c96f104b,"T8_GAN_MNIST_Tutorial.ipynb, page 1, chunk ad020b75f046;Lecture 5.pdf, page 40, chunk 3a32e9fa004b;Lecture 5.pdf, page 42, chunk 3e02b0afd922;Lecture 5.pdf, page 45, chunk 3dd5316ddd28;T8_GAN_MNIST_Tutorial.ipynb, page 1, chunk 3fd7c96f104b",ollama,qwen2.5:3b,7.211077667001518,1,1224,201,,0.0,0.5,1,,,auto-score; manually sanity-check before final submission
E030,calculation,L5,"For a 32x32x3 image with 8 filters of size 5x5, stride 1, no padding, and no bias, what are the output shape and parameter count?",The output shape is 28x28x8 and the parameter count is 5*5*3*8 = 600.,Lecture 5 CNN shape and parameters,28x28x8;600,no,answer,V2_router_rewrite_retrieval,"The output shape of the convolutional layer is 32x32x10. The parameter count for this setup is 480.

Key terms: Convolution, Deconvolution, Parameter Count

Explanation:
- For a 32x32x3 input image with 5x5 filters and stride 1 without padding, the output shape calculation formula is used to determine that the output size remains at 32x32.
- The parameter count for this setup involves calculating the number of learnable parameters in the convolutional layer. Given 8 filters each of size 5x5 with an input channel of 3 and a depth of 10, the total number of parameters is (5*5*3 + 5) * 8 = 480.

Evidence: [Evidence 1], [Evidence 2]",ad020b75f046;3fd7c96f104b;3a32e9fa004b;3e02b0afd922;3dd5316ddd28,"T8_GAN_MNIST_Tutorial.ipynb, page 1, chunk ad020b75f046;T8_GAN_MNIST_Tutorial.ipynb, page 1, chunk 3fd7c96f104b;Lecture 5.pdf, page 40, chunk 3a32e9fa004b;Lecture 5.pdf, page 42, chunk 3e02b0afd922;Lecture 5.pdf, page 45, chunk 3dd5316ddd28",ollama,qwen2.5:3b,8.220818833000521,2,1399,344,"route={'in_scope': 'yes', 'question_type': 'calculation', 'lecture_topic': 'Convolutional Layers', 'search_query': 'Lecture 2 bias variance For a 32x32x3 image with 8 filters of size 5x5, stride 1, no padding, and no bias, what are the output shape and parameter count?'}",0.0,1.0,1,,,auto-score; manually sanity-check before final submission
E030,calculation,L5,"For a 32x32x3 image with 8 filters of size 5x5, stride 1, no padding, and no bias, what are the output shape and parameter count?",The output shape is 28x28x8 and the parameter count is 5*5*3*8 = 600.,Lecture 5 CNN shape and parameters,28x28x8;600,no,answer,V3_retrieval_verifier,"The output shape is 28x28x8. The parameter count is 5*5*3*8 = 600 (no bias).

Evidence: Evidence 1; Evidence 2; Evidence 3",ad020b75f046;3a32e9fa004b;3e02b0afd922;3dd5316ddd28;3fd7c96f104b,"T8_GAN_MNIST_Tutorial.ipynb, page 1, chunk ad020b75f046;Lecture 5.pdf, page 40, chunk 3a32e9fa004b;Lecture 5.pdf, page 42, chunk 3e02b0afd922;Lecture 5.pdf, page 45, chunk 3dd5316ddd28;T8_GAN_MNIST_Tutorial.ipynb, page 1, chunk 3fd7c96f104b",ollama,qwen2.5:3b,7.211077667001518,1,1224,201,draft_then_calculation_guard,1.0,1.0,1,,,auto-score; manually sanity-check before final submission
E030,calculation,L5,"For a 32x32x3 image with 8 filters of size 5x5, stride 1, no padding, and no bias, what are the output shape and parameter count?",The output shape is 28x28x8 and the parameter count is 5*5*3*8 = 600.,Lecture 5 CNN shape and parameters,28x28x8;600,no,answer,V4_full_router_retrieval_verifier,"The output shape is 28x28x8. The parameter count is 5*5*3*8 = 600 (no bias).

Evidence: Evidence 1; Evidence 2; Evidence 3",ad020b75f046;3fd7c96f104b;3a32e9fa004b;3e02b0afd922;3dd5316ddd28,"T8_GAN_MNIST_Tutorial.ipynb, page 1, chunk ad020b75f046;T8_GAN_MNIST_Tutorial.ipynb, page 1, chunk 3fd7c96f104b;Lecture 5.pdf, page 40, chunk 3a32e9fa004b;Lecture 5.pdf, page 42, chunk 3e02b0afd922;Lecture 5.pdf, page 45, chunk 3dd5316ddd28",ollama,qwen2.5:3b,8.220818833000521,2,1399,344,"route={""in_scope"": ""yes"", ""question_type"": ""calculation"", ""lecture_topic"": ""Convolutional Layers"", ""search_query"": ""Lecture 2 bias variance For a 32x32x3 image with 8 filters of size 5x5, stride 1, no padding, and no bias, what are the output shape and parameter count?""}",1.0,1.0,1,,,auto-score; manually sanity-check before final submission
E030,calculation,L5,"For a 32x32x3 image with 8 filters of size 5x5, stride 1, no padding, and no bias, what are the output shape and parameter count?",The output shape is 28x28x8 and the parameter count is 5*5*3*8 = 600.,Lecture 5 CNN shape and parameters,28x28x8;600,no,answer,A1_full_without_router,"The output shape is 28x28x8. The parameter count is 5*5*3*8 = 600 (no bias).

Evidence: Evidence 1; Evidence 2; Evidence 3",ad020b75f046;3fd7c96f104b;3a32e9fa004b;3e02b0afd922;3dd5316ddd28,"T8_GAN_MNIST_Tutorial.ipynb, page 1, chunk ad020b75f046;T8_GAN_MNIST_Tutorial.ipynb, page 1, chunk 3fd7c96f104b;Lecture 5.pdf, page 40, chunk 3a32e9fa004b;Lecture 5.pdf, page 42, chunk 3e02b0afd922;Lecture 5.pdf, page 45, chunk 3dd5316ddd28",ollama,qwen2.5:3b,5.456511374999536,1,1224,159,"route={""in_scope"": ""yes"", ""question_type"": ""calculation"", ""lecture_topic"": ""Lecture 2 bias variance"", ""search_query"": ""Lecture 2 bias variance For a 32x32x3 image with 8 filters of size 5x5, stride 1, no padding, and no bias, what are the output shape and parameter count?""}",1.0,1.0,1,,,auto-score; manually sanity-check before final submission
E030,calculation,L5,"For a 32x32x3 image with 8 filters of size 5x5, stride 1, no padding, and no bias, what are the output shape and parameter count?",The output shape is 28x28x8 and the parameter count is 5*5*3*8 = 600.,Lecture 5 CNN shape and parameters,28x28x8;600,no,answer,A2_full_without_verifier,"The output shape of the convolutional layer is 32x32x10. The parameter count for this setup is 480.

Key terms: Convolution, Deconvolution, Parameter Count

Explanation:
- For a 32x32x3 input image with 5x5 filters and stride 1 without padding, the output shape calculation formula is used to determine that the output size remains at 32x32.
- The parameter count for this setup involves calculating the number of learnable parameters in the convolutional layer. Given 8 filters each of size 5x5 with an input channel of 3 and a depth of 10, the total number of parameters is (5*5*3 + 5) * 8 = 480.

Evidence: [Evidence 1], [Evidence 2]",ad020b75f046;3fd7c96f104b;3a32e9fa004b;3e02b0afd922;3dd5316ddd28,"T8_GAN_MNIST_Tutorial.ipynb, page 1, chunk ad020b75f046;T8_GAN_MNIST_Tutorial.ipynb, page 1, chunk 3fd7c96f104b;Lecture 5.pdf, page 40, chunk 3a32e9fa004b;Lecture 5.pdf, page 42, chunk 3e02b0afd922;Lecture 5.pdf, page 45, chunk 3dd5316ddd28",ollama,qwen2.5:3b,8.220818833000521,2,1399,344,"route={""in_scope"": ""yes"", ""question_type"": ""calculation"", ""lecture_topic"": ""Convolutional Layers"", ""search_query"": ""Lecture 2 bias variance For a 32x32x3 image with 8 filters of size 5x5, stride 1, no padding, and no bias, what are the output shape and parameter count?""}",0.0,1.0,1,,,auto-score; manually sanity-check before final submission
E030,calculation,L5,"For a 32x32x3 image with 8 filters of size 5x5, stride 1, no padding, and no bias, what are the output shape and parameter count?",The output shape is 28x28x8 and the parameter count is 5*5*3*8 = 600.,Lecture 5 CNN shape and parameters,28x28x8;600,no,answer,A3_full_topk2,"The output shape is 28x28x8. The parameter count is 5*5*3*8 = 600 (no bias).

Evidence: Evidence 1; Evidence 2",ad020b75f046;3fd7c96f104b,"T8_GAN_MNIST_Tutorial.ipynb, page 1, chunk ad020b75f046;T8_GAN_MNIST_Tutorial.ipynb, page 1, chunk 3fd7c96f104b",ollama,qwen2.5:3b,6.394707916999323,2,1180,270,"route={""in_scope"": ""yes"", ""question_type"": ""calculation"", ""lecture_topic"": ""Convolutional Layers"", ""search_query"": ""Lecture 2 bias variance For a 32x32x3 image with 8 filters of size 5x5, stride 1, no padding, and no bias, what are the output shape and parameter count?""}",1.0,1.0,0,,,auto-score; manually sanity-check before final submission
E030,calculation,L5,"For a 32x32x3 image with 8 filters of size 5x5, stride 1, no padding, and no bias, what are the output shape and parameter count?",The output shape is 28x28x8 and the parameter count is 5*5*3*8 = 600.,Lecture 5 CNN shape and parameters,28x28x8;600,no,answer,A4_full_without_calculation_guard,"The output shape of the convolutional layer is 32x32x10. The parameter count for this setup is 480.

Key terms: Convolution, Deconvolution, Parameter Count

Explanation:
- For a 32x32x3 input image with 5x5 filters and stride 1 without padding, the output shape calculation formula is used to determine that the output size remains at 32x32.
- The parameter count for this setup involves calculating the number of learnable parameters in the convolutional layer. Given 8 filters each of size 5x5 with an input channel of 3 and a depth of 10, the total number of parameters is (5*5*3 + 5) * 8 = 480.

Evidence: [Evidence 1], [Evidence 2]",ad020b75f046;3fd7c96f104b;3a32e9fa004b;3e02b0afd922;3dd5316ddd28,"T8_GAN_MNIST_Tutorial.ipynb, page 1, chunk ad020b75f046;T8_GAN_MNIST_Tutorial.ipynb, page 1, chunk 3fd7c96f104b;Lecture 5.pdf, page 40, chunk 3a32e9fa004b;Lecture 5.pdf, page 42, chunk 3e02b0afd922;Lecture 5.pdf, page 45, chunk 3dd5316ddd28",ollama,qwen2.5:3b,14.586721498995756,3,2942,501,"route={""in_scope"": ""yes"", ""question_type"": ""calculation"", ""lecture_topic"": ""Convolutional Layers"", ""search_query"": ""Lecture 2 bias variance For a 32x32x3 image with 8 filters of size 5x5, stride 1, no padding, and no bias, what are the output shape and parameter count?""}",0.0,1.0,1,,,auto-score; manually sanity-check before final submission
E031,concept,L5,Why does max pooling reduce computation?,It reduces the spatial resolution of feature maps while adding no learnable parameters.,Lecture 5 pooling,spatial resolution;no parameters,no,answer,V0_baseline_single_call,"max pooling reduces computation by employing a downsampling technique that involves taking the maximum value from non-overlapping local regions in an input volume (e.g., feature map), thereby significantly decreasing the number of parameters and computations required for each layer. This operation effectively reduces spatial dimensions, which is crucial for reducing computational complexity during forward propagation through convolutional neural networks (CNNs).",,,ollama,qwen2.5:3b,1.288373249997676,1,89,116,,0.5,0.5,0,,,auto-score; manually sanity-check before final submission
E031,concept,L5,Why does max pooling reduce computation?,It reduces the spatial resolution of feature maps while adding no learnable parameters.,Lecture 5 pooling,spatial resolution;no parameters,no,answer,V1_retrieval_only,"Why does max pooling reduce computation?
Direct Answer: Max pooling reduces computation by reducing the spatial dimensions of feature maps while maintaining or even increasing their depth. This is achieved through a process where each output neuron in the pooled layer is set to be the maximum value (or sometimes mean) of a non-overlapping region in the input feature map, effectively down-sampling the data.

Key Course Terms: Max Pooling, Feature Map, Spatial Dimensions, Computation Reduction

Evidence:
[Evidence 1]
[Evidence 2]",d49fe2e5167d;88dcdfc861ae;707f904836b1;d5da07e269ef;de8ec2c6390c,"Lecture 5.pdf, page 56, chunk d49fe2e5167d;Lecture 5.pdf, page 57, chunk 88dcdfc861ae;Lecture 5.pdf, page 60, chunk 707f904836b1;Lecture 6(2).pdf, page 27, chunk d5da07e269ef;Lecture 6(2).pdf, page 26, chunk de8ec2c6390c",ollama,qwen2.5:3b,2.880702916998416,1,578,133,,0.0,1.0,1,,,auto-score; manually sanity-check before final submission
E031,concept,L5,Why does max pooling reduce computation?,It reduces the spatial resolution of feature maps while adding no learnable parameters.,Lecture 5 pooling,spatial resolution;no parameters,no,answer,V2_router_rewrite_retrieval,"Why does max pooling reduce computation?
Direct Answer: Max pooling reduces computation by reducing the spatial dimensions of feature maps while maintaining or even increasing their depth. This is achieved through a process where each output neuron in the pooled layer is set to be the maximum value (or sometimes mean) of a non-overlapping region in the input feature map, effectively down-sampling the data.

Key Course Terms: Max Pooling, Feature Map, Spatial Dimensions, Computation Reduction

Evidence:
[Evidence 1]
[Evidence 2]",d49fe2e5167d;88dcdfc861ae;707f904836b1;d5da07e269ef;de8ec2c6390c,"Lecture 5.pdf, page 56, chunk d49fe2e5167d;Lecture 5.pdf, page 57, chunk 88dcdfc861ae;Lecture 5.pdf, page 60, chunk 707f904836b1;Lecture 6(2).pdf, page 27, chunk d5da07e269ef;Lecture 6(2).pdf, page 26, chunk de8ec2c6390c",ollama,qwen2.5:3b,4.400501207997877,2,731,241,"route={'in_scope': 'yes', 'question_type': 'concept', 'lecture_topic': 'Convolutional Neural Networks (L4)', 'search_query': 'COMP5541 Lectures 2-9 Why does max pooling reduce computation?'}",0.0,1.0,1,,,auto-score; manually sanity-check before final submission
E031,concept,L5,Why does max pooling reduce computation?,It reduces the spatial resolution of feature maps while adding no learnable parameters.,Lecture 5 pooling,spatial resolution;no parameters,no,answer,V3_retrieval_verifier,"Why does max pooling reduce computation?
Direct Answer: Max pooling reduces computation by reducing the spatial dimensions of feature maps while maintaining or even increasing their depth. This is achieved through a process where each output neuron in the pooled layer is set to be the maximum value (or sometimes mean) of a non-overlapping region in the input feature map, effectively down-sampling the data.

Key Course Terms: Max Pooling, Feature Map, Spatial Dimensions, Computation Reduction

Evidence:
[Evidence 1]
[Evidence 2]",d49fe2e5167d;88dcdfc861ae;707f904836b1;d5da07e269ef;de8ec2c6390c,"Lecture 5.pdf, page 56, chunk d49fe2e5167d;Lecture 5.pdf, page 57, chunk 88dcdfc861ae;Lecture 5.pdf, page 60, chunk 707f904836b1;Lecture 6(2).pdf, page 27, chunk d5da07e269ef;Lecture 6(2).pdf, page 26, chunk de8ec2c6390c",ollama,qwen2.5:3b,5.3963114579964895,2,1426,211,draft_then_verifier_rejected_overcorrection,0.0,1.0,1,,,auto-score; manually sanity-check before final submission
E031,concept,L5,Why does max pooling reduce computation?,It reduces the spatial resolution of feature maps while adding no learnable parameters.,Lecture 5 pooling,spatial resolution;no parameters,no,answer,V4_full_router_retrieval_verifier,"Why does max pooling reduce computation?
Direct Answer: Max pooling reduces computation by reducing the spatial dimensions of feature maps while maintaining or even increasing their depth. This is achieved through a process where each output neuron in the pooled layer is set to be the maximum value (or sometimes mean) of a non-overlapping region in the input feature map, effectively down-sampling the data.

Key Course Terms: Max Pooling, Feature Map, Spatial Dimensions, Computation Reduction

Evidence:
[Evidence 1]
[Evidence 2]",d49fe2e5167d;88dcdfc861ae;707f904836b1;d5da07e269ef;de8ec2c6390c,"Lecture 5.pdf, page 56, chunk d49fe2e5167d;Lecture 5.pdf, page 57, chunk 88dcdfc861ae;Lecture 5.pdf, page 60, chunk 707f904836b1;Lecture 6(2).pdf, page 27, chunk d5da07e269ef;Lecture 6(2).pdf, page 26, chunk de8ec2c6390c",ollama,qwen2.5:3b,6.801049249999778,3,1582,317,"route={""in_scope"": ""yes"", ""question_type"": ""concept"", ""lecture_topic"": ""Convolutional Neural Networks (L4)"", ""search_query"": ""COMP5541 Lectures 2-9 Why does max pooling reduce computation?""}",0.0,1.0,1,,,auto-score; manually sanity-check before final submission
E031,concept,L5,Why does max pooling reduce computation?,It reduces the spatial resolution of feature maps while adding no learnable parameters.,Lecture 5 pooling,spatial resolution;no parameters,no,answer,A1_full_without_router,"Why does max pooling reduce computation?
Direct Answer: Max pooling reduces computation by reducing the spatial dimensions of feature maps while maintaining or even increasing their depth. This is achieved through a process where each output neuron in the pooled layer is set to be the maximum value (or sometimes mean) of a non-overlapping region in the input feature map, effectively down-sampling the data.

Key Course Terms: Max Pooling, Feature Map, Spatial Dimensions, Computation Reduction

Evidence:
[Evidence 1]
[Evidence 2]",d49fe2e5167d;88dcdfc861ae;707f904836b1;d5da07e269ef;de8ec2c6390c,"Lecture 5.pdf, page 56, chunk d49fe2e5167d;Lecture 5.pdf, page 57, chunk 88dcdfc861ae;Lecture 5.pdf, page 60, chunk 707f904836b1;Lecture 6(2).pdf, page 27, chunk d5da07e269ef;Lecture 6(2).pdf, page 26, chunk de8ec2c6390c",ollama,qwen2.5:3b,5.091284583002562,2,1426,211,"route={""in_scope"": ""yes"", ""question_type"": ""comparison"", ""lecture_topic"": ""COMP5541 Lectures 2-9"", ""search_query"": ""COMP5541 Lectures 2-9 Why does max pooling reduce computation?""}",0.0,1.0,1,,,auto-score; manually sanity-check before final submission
E031,concept,L5,Why does max pooling reduce computation?,It reduces the spatial resolution of feature maps while adding no learnable parameters.,Lecture 5 pooling,spatial resolution;no parameters,no,answer,A2_full_without_verifier,"Why does max pooling reduce computation?
Direct Answer: Max pooling reduces computation by reducing the spatial dimensions of feature maps while maintaining or even increasing their depth. This is achieved through a process where each output neuron in the pooled layer is set to be the maximum value (or sometimes mean) of a non-overlapping region in the input feature map, effectively down-sampling the data.

Key Course Terms: Max Pooling, Feature Map, Spatial Dimensions, Computation Reduction

Evidence:
[Evidence 1]
[Evidence 2]",d49fe2e5167d;88dcdfc861ae;707f904836b1;d5da07e269ef;de8ec2c6390c,"Lecture 5.pdf, page 56, chunk d49fe2e5167d;Lecture 5.pdf, page 57, chunk 88dcdfc861ae;Lecture 5.pdf, page 60, chunk 707f904836b1;Lecture 6(2).pdf, page 27, chunk d5da07e269ef;Lecture 6(2).pdf, page 26, chunk de8ec2c6390c",ollama,qwen2.5:3b,4.400501207997877,2,731,241,"route={""in_scope"": ""yes"", ""question_type"": ""concept"", ""lecture_topic"": ""Convolutional Neural Networks (L4)"", ""search_query"": ""COMP5541 Lectures 2-9 Why does max pooling reduce computation?""}",0.0,1.0,1,,,auto-score; manually sanity-check before final submission
E031,concept,L5,Why does max pooling reduce computation?,It reduces the spatial resolution of feature maps while adding no learnable parameters.,Lecture 5 pooling,spatial resolution;no parameters,no,answer,A3_full_topk2,"Direct Answer: Max pooling reduces computation by processing smaller regions of the input data, thereby decreasing the number of operations needed for each layer. This is achieved through stride-based filtering with x and y dimensions reduced to half (e.g., from 5x5 to 2x2), which significantly cuts down on the computational load.

Key Terms: Max Pooling, Computation Reduction

Explanation:
Max pooling reduces computation by processing smaller regions of the input data. This is done through stride-based filtering with x and y dimensions reduced to half (e.g., from 5x5 to 2x2). As a result, fewer operations are required for each layer, which significantly cuts down on computational load.

Evidence: [Evidence 1], [Evidence 2]",d49fe2e5167d;88dcdfc861ae,"Lecture 5.pdf, page 56, chunk d49fe2e5167d;Lecture 5.pdf, page 57, chunk 88dcdfc861ae",ollama,qwen2.5:3b,6.937346292001166,3,1157,358,"route={""in_scope"": ""yes"", ""question_type"": ""concept"", ""lecture_topic"": ""Convolutional Neural Networks (L4)"", ""search_query"": ""COMP5541 Lectures 2-9 Why does max pooling reduce computation?""}",0.0,1.0,1,,,auto-score; manually sanity-check before final submission
E031,concept,L5,Why does max pooling reduce computation?,It reduces the spatial resolution of feature maps while adding no learnable parameters.,Lecture 5 pooling,spatial resolution;no parameters,no,answer,A4_full_without_calculation_guard,"Why does max pooling reduce computation?
Direct Answer: Max pooling reduces computation by reducing the spatial dimensions of feature maps while maintaining or even increasing their depth. This is achieved through a process where each output neuron in the pooled layer is set to be the maximum value (or sometimes mean) of a non-overlapping region in the input feature map, effectively down-sampling the data.

Key Course Terms: Max Pooling, Feature Map, Spatial Dimensions, Computation Reduction

Evidence:
[Evidence 1]
[Evidence 2]",d49fe2e5167d;88dcdfc861ae;707f904836b1;d5da07e269ef;de8ec2c6390c,"Lecture 5.pdf, page 56, chunk d49fe2e5167d;Lecture 5.pdf, page 57, chunk 88dcdfc861ae;Lecture 5.pdf, page 60, chunk 707f904836b1;Lecture 6(2).pdf, page 27, chunk d5da07e269ef;Lecture 6(2).pdf, page 26, chunk de8ec2c6390c",ollama,qwen2.5:3b,6.801049249999778,3,1582,317,"route={""in_scope"": ""yes"", ""question_type"": ""concept"", ""lecture_topic"": ""Convolutional Neural Networks (L4)"", ""search_query"": ""COMP5541 Lectures 2-9 Why does max pooling reduce computation?""}",0.0,1.0,1,,,auto-score; manually sanity-check before final submission
E032,comparison,L5,Why can stacking several 3x3 convolution layers be useful?,Stacking small filters grows the receptive field while adding nonlinearities and often using fewer parameters than large filters.,Lecture 5 receptive field and VGG,3x3;receptive field;nonlinearities,no,answer,V0_baseline_single_call,"Stacking several 3x3 convolution layers can be useful because it allows for the application of multiple feature detectors with varying receptive fields, enhancing the model's ability to capture complex spatial hierarchies and features in the input data. This approach is detailed in [Course Material 4.2].",,,ollama,qwen2.5:3b,1.0996437499998135,1,93,76,,0.5,0.5,0,,,auto-score; manually sanity-check before final submission
E032,comparison,L5,Why can stacking several 3x3 convolution layers be useful?,Stacking small filters grows the receptive field while adding nonlinearities and often using fewer parameters than large filters.,Lecture 5 receptive field and VGG,3x3;receptive field;nonlinearities,no,answer,V1_retrieval_only,"Direct Answer: Stacking several 3x3 convolution layers can be useful because it allows for deeper and more complex feature extraction, maintaining a consistent effective receptive field size. This is achieved by stacking multiple 3x3 convolutional layers with appropriate strides.

Key Course Terms:
- Convolution Layers
- Pooling Layers
- Activation Function
- Fully-Connected Layers

Caveat: The effectiveness of stacking convolutional layers depends on the architecture and design, such as using a stack of three 3x3 convolutions (with stride 1) maintaining the same effective receptive field size as one 7x7 convolution layer.

Evidence:
[Evidence 1], [Evidence 2], [Evidence 3], [Evidence 4], [Evidence 5]",9ae959333cce;443a442ac76e;007f699d73e7;d19e7ad595a6;707f904836b1,"Lecture 6(2).pdf, page 3, chunk 9ae959333cce;Lecture 5.pdf, page 12, chunk 443a442ac76e;Lecture 5.pdf, page 62, chunk 007f699d73e7;Lecture 5.pdf, page 72, chunk d19e7ad595a6;Lecture 5.pdf, page 60, chunk 707f904836b1",ollama,qwen2.5:3b,3.483081833001052,1,518,177,,0.5,1.0,1,,,auto-score; manually sanity-check before final submission
E032,comparison,L5,Why can stacking several 3x3 convolution layers be useful?,Stacking small filters grows the receptive field while adding nonlinearities and often using fewer parameters than large filters.,Lecture 5 receptive field and VGG,3x3;receptive field;nonlinearities,no,answer,V2_router_rewrite_retrieval,"Direct Answer: Stacking several 3x3 convolution layers can be useful because each additional layer can increase the depth of features learned by the network without significantly increasing the spatial dimensions. This is possible due to the output size calculation formula for a convolutional layer, which shows that with stride values greater than 1, the output size decreases, allowing for multiple layers to be stacked.

Key Course Terms: Convolution Layer, Pooling Layers, Activation Function, Fully-Connected Layers

Evidence: [Evidence 1], [Evidence 5]",cf6d61794e98;9ae959333cce;443a442ac76e;0d24f3d911af;007f699d73e7,"Lecture 5.pdf, page 38, chunk cf6d61794e98;Lecture 6(2).pdf, page 3, chunk 9ae959333cce;Lecture 5.pdf, page 12, chunk 443a442ac76e;Lecture 5.pdf, page 37, chunk 0d24f3d911af;Lecture 5.pdf, page 62, chunk 007f699d73e7",ollama,qwen2.5:3b,3.6393662089940335,2,673,194,"route={'in_scope': 'yes', 'question_type': 'concept', 'lecture_topic': 'Convolutional Neural Networks (CNNs) and their architectures', 'search_query': 'Lecture 5 convolution output size parameters Why can stacking several 3x3 convolution layers be useful?'}",0.0,1.0,1,,,auto-score; manually sanity-check before final submission
E032,comparison,L5,Why can stacking several 3x3 convolution layers be useful?,Stacking small filters grows the receptive field while adding nonlinearities and often using fewer parameters than large filters.,Lecture 5 receptive field and VGG,3x3;receptive field;nonlinearities,no,answer,V3_retrieval_verifier,"Direct Answer: Stacking several 3x3 convolution layers can be useful because it allows for deeper and more complex feature extraction, maintaining a consistent effective receptive field size. This is achieved by stacking multiple 3x3 convolutional layers with appropriate strides.

Key Course Terms:
- Convolution Layers
- Pooling Layers
- Activation Function
- Fully-Connected Layers

Caveat: The effectiveness of stacking convolutional layers depends on the architecture and design, such as using a stack of three 3x3 convolutions (with stride 1) maintaining the same effective receptive field size as one 7x7 convolution layer.

Evidence:
[Evidence 1], [Evidence 2], [Evidence 3], [Evidence 4], [Evidence 5]",9ae959333cce;443a442ac76e;007f699d73e7;d19e7ad595a6;707f904836b1,"Lecture 6(2).pdf, page 3, chunk 9ae959333cce;Lecture 5.pdf, page 12, chunk 443a442ac76e;Lecture 5.pdf, page 62, chunk 007f699d73e7;Lecture 5.pdf, page 72, chunk d19e7ad595a6;Lecture 5.pdf, page 60, chunk 707f904836b1",ollama,qwen2.5:3b,6.055624166001508,2,1366,258,draft_then_verifier_rejected_overcorrection,0.5,1.0,1,,,auto-score; manually sanity-check before final submission
E032,comparison,L5,Why can stacking several 3x3 convolution layers be useful?,Stacking small filters grows the receptive field while adding nonlinearities and often using fewer parameters than large filters.,Lecture 5 receptive field and VGG,3x3;receptive field;nonlinearities,no,answer,V4_full_router_retrieval_verifier,"Direct Answer: Stacking several 3x3 convolution layers can be useful because each additional layer can increase the depth of features learned by the network without significantly increasing the spatial dimensions. This is possible due to the output size calculation formula for a convolutional layer, which shows that with stride values greater than 1, the output size decreases, allowing for multiple layers to be stacked.

Key Course Terms: Convolution Layer, Pooling Layers, Activation Function, Fully-Connected Layers

Evidence: [Evidence 1], [Evidence 5]",cf6d61794e98;9ae959333cce;443a442ac76e;0d24f3d911af;007f699d73e7,"Lecture 5.pdf, page 38, chunk cf6d61794e98;Lecture 6(2).pdf, page 3, chunk 9ae959333cce;Lecture 5.pdf, page 12, chunk 443a442ac76e;Lecture 5.pdf, page 37, chunk 0d24f3d911af;Lecture 5.pdf, page 62, chunk 007f699d73e7",ollama,qwen2.5:3b,6.118069833992195,3,1485,284,"route={""in_scope"": ""yes"", ""question_type"": ""concept"", ""lecture_topic"": ""Convolutional Neural Networks (CNNs) and their architectures"", ""search_query"": ""Lecture 5 convolution output size parameters Why can stacking several 3x3 convolution layers be useful?""}",0.0,1.0,1,,,auto-score; manually sanity-check before final submission
E032,comparison,L5,Why can stacking several 3x3 convolution layers be useful?,Stacking small filters grows the receptive field while adding nonlinearities and often using fewer parameters than large filters.,Lecture 5 receptive field and VGG,3x3;receptive field;nonlinearities,no,answer,A1_full_without_router,"Direct Answer: Stacking several 3x3 convolution layers can be useful because each additional layer can increase the depth of features learned by the network without significantly increasing the spatial dimensions. This is possible due to the output size calculation formula for a convolutional layer, which shows that with stride values greater than 1, the output size decreases, allowing for multiple layers to be stacked.

Key Course Terms: Convolution Layer, Pooling Layers, Activation Function, Fully-Connected Layers

Evidence: [Evidence 1], [Evidence 5]",cf6d61794e98;9ae959333cce;443a442ac76e;0d24f3d911af;007f699d73e7,"Lecture 5.pdf, page 38, chunk cf6d61794e98;Lecture 6(2).pdf, page 3, chunk 9ae959333cce;Lecture 5.pdf, page 12, chunk 443a442ac76e;Lecture 5.pdf, page 37, chunk 0d24f3d911af;Lecture 5.pdf, page 62, chunk 007f699d73e7",ollama,qwen2.5:3b,5.053813334001461,2,1325,229,"route={""in_scope"": ""yes"", ""question_type"": ""comparison"", ""lecture_topic"": ""Lecture 5 convolution output size parameters"", ""search_query"": ""Lecture 5 convolution output size parameters Why can stacking several 3x3 convolution layers be useful?""}",0.0,1.0,1,,,auto-score; manually sanity-check before final submission
E032,comparison,L5,Why can stacking several 3x3 convolution layers be useful?,Stacking small filters grows the receptive field while adding nonlinearities and often using fewer parameters than large filters.,Lecture 5 receptive field and VGG,3x3;receptive field;nonlinearities,no,answer,A2_full_without_verifier,"Direct Answer: Stacking several 3x3 convolution layers can be useful because each additional layer can increase the depth of features learned by the network without significantly increasing the spatial dimensions. This is possible due to the output size calculation formula for a convolutional layer, which shows that with stride values greater than 1, the output size decreases, allowing for multiple layers to be stacked.

Key Course Terms: Convolution Layer, Pooling Layers, Activation Function, Fully-Connected Layers

Evidence: [Evidence 1], [Evidence 5]",cf6d61794e98;9ae959333cce;443a442ac76e;0d24f3d911af;007f699d73e7,"Lecture 5.pdf, page 38, chunk cf6d61794e98;Lecture 6(2).pdf, page 3, chunk 9ae959333cce;Lecture 5.pdf, page 12, chunk 443a442ac76e;Lecture 5.pdf, page 37, chunk 0d24f3d911af;Lecture 5.pdf, page 62, chunk 007f699d73e7",ollama,qwen2.5:3b,3.6393662089940335,2,673,194,"route={""in_scope"": ""yes"", ""question_type"": ""concept"", ""lecture_topic"": ""Convolutional Neural Networks (CNNs) and their architectures"", ""search_query"": ""Lecture 5 convolution output size parameters Why can stacking several 3x3 convolution layers be useful?""}",0.0,1.0,1,,,auto-score; manually sanity-check before final submission
E032,comparison,L5,Why can stacking several 3x3 convolution layers be useful?,Stacking small filters grows the receptive field while adding nonlinearities and often using fewer parameters than large filters.,Lecture 5 receptive field and VGG,3x3;receptive field;nonlinearities,no,answer,A3_full_topk2,"Direct Answer: Stacking several 3x3 convolution layers can be useful because it allows for deeper feature extraction, enabling the model to learn more complex and abstract features from the input data. This is achieved through repeated application of convolutional operations that progressively reduce spatial dimensions.

Key Terms:
- Convolution Layer

Mechanism:
- Each subsequent layer applies a 3x3 filter across the output of the previous layer, reducing its size.
- The reduction in size can be mitigated by increasing the stride or using max pooling layers between convolutional layers to maintain feature maps with similar spatial dimensions.

Evidence: [Evidence 1], [Evidence 2]",cf6d61794e98;9ae959333cce,"Lecture 5.pdf, page 38, chunk cf6d61794e98;Lecture 6(2).pdf, page 3, chunk 9ae959333cce",ollama,qwen2.5:3b,7.071031416995538,3,1191,402,"route={""in_scope"": ""yes"", ""question_type"": ""concept"", ""lecture_topic"": ""Convolutional Neural Networks (CNNs) and their architectures"", ""search_query"": ""Lecture 5 convolution output size parameters Why can stacking several 3x3 convolution layers be useful?""}",0.0,1.0,1,,,auto-score; manually sanity-check before final submission
E032,comparison,L5,Why can stacking several 3x3 convolution layers be useful?,Stacking small filters grows the receptive field while adding nonlinearities and often using fewer parameters than large filters.,Lecture 5 receptive field and VGG,3x3;receptive field;nonlinearities,no,answer,A4_full_without_calculation_guard,"Direct Answer: Stacking several 3x3 convolution layers can be useful because each additional layer can increase the depth of features learned by the network without significantly increasing the spatial dimensions. This is possible due to the output size calculation formula for a convolutional layer, which shows that with stride values greater than 1, the output size decreases, allowing for multiple layers to be stacked.

Key Course Terms: Convolution Layer, Pooling Layers, Activation Function, Fully-Connected Layers

Evidence: [Evidence 1], [Evidence 5]",cf6d61794e98;9ae959333cce;443a442ac76e;0d24f3d911af;007f699d73e7,"Lecture 5.pdf, page 38, chunk cf6d61794e98;Lecture 6(2).pdf, page 3, chunk 9ae959333cce;Lecture 5.pdf, page 12, chunk 443a442ac76e;Lecture 5.pdf, page 37, chunk 0d24f3d911af;Lecture 5.pdf, page 62, chunk 007f699d73e7",ollama,qwen2.5:3b,6.118069833992195,3,1485,284,"route={""in_scope"": ""yes"", ""question_type"": ""concept"", ""lecture_topic"": ""Convolutional Neural Networks (CNNs) and their architectures"", ""search_query"": ""Lecture 5 convolution output size parameters Why can stacking several 3x3 convolution layers be useful?""}",0.0,1.0,1,,,auto-score; manually sanity-check before final submission
E033,concept,L5,What is the main idea of transfer learning for CNNs?,"Use a model pretrained on a large dataset, replace or retrain the output layer, and optionally fine-tune selected layers for the new task.",Lecture 5 transfer learning,pretrained;replace output layer;fine-tune,no,answer,V0_baseline_single_call,"The main idea of transfer learning for CNNs (Convolutional Neural Networks) is to leverage pre-trained models on large datasets to initialize weights in a new model, thereby reducing training time and computational resources. This approach allows the use of learned features from one domain or task to improve performance on another related task without requiring extensive retraining from scratch.",,,ollama,qwen2.5:3b,1.2456554159980442,1,92,99,,0.0,0.5,0,,,auto-score; manually sanity-check before final submission
E033,concept,L5,What is the main idea of transfer learning for CNNs?,"Use a model pretrained on a large dataset, replace or retrain the output layer, and optionally fine-tune selected layers for the new task.",Lecture 5 transfer learning,pretrained;replace output layer;fine-tune,no,answer,V1_retrieval_only,"The main idea of transfer learning for CNNs is to leverage a pre-trained model as the initial step, followed by unfreezing selected layers and fine-tuning them. This approach allows for efficient training on new datasets without requiring extensive retraining from scratch.

Key Course Terms:
- Transfer Learning

Mechanism:
1. Load a Pre-trained Model
2. Freeze Layers (Optional)
3. Replace Output Layer
4. Unfreeze and Fine-tune Selected Layers

Caveat:
Transfer learning can be applied to various tasks by adapting the pre-trained model's architecture or parameters.

Evidence: [Evidence 1], [Evidence 5]",1ba8d426f18d;d7abff08399e;72cef7bac7f1;0917bea2f017;711cef234474,"Lecture 6(2).pdf, page 10, chunk 1ba8d426f18d;Lecture 5.pdf, page 63, chunk d7abff08399e;Lecture 5.pdf, page 90, chunk 72cef7bac7f1;Lecture 5.pdf, page 82, chunk 0917bea2f017;Lecture 5.pdf, page 1, chunk 711cef234474",ollama,qwen2.5:3b,3.0658770829977584,1,536,151,,0.5,1.0,1,,,auto-score; manually sanity-check before final submission
E033,concept,L5,What is the main idea of transfer learning for CNNs?,"Use a model pretrained on a large dataset, replace or retrain the output layer, and optionally fine-tune selected layers for the new task.",Lecture 5 transfer learning,pretrained;replace output layer;fine-tune,no,answer,V2_router_rewrite_retrieval,"The main idea of transfer learning for CNNs is to leverage pre-trained models on a large dataset to initialize weights in a new model, reducing the need for extensive training from scratch.

Key Course Terms:
- Transfer Learning

Mechanism:
Transfer learning involves using a pre-trained Convolutional Neural Network (CNN) as a feature extractor. The learned features are then used to initialize the weights of a new CNN architecture that is tailored to a specific task or dataset, without requiring retraining on the new data.

Caveat:
This approach assumes that the new task shares some commonality with the original task for which the pre-trained model was trained, allowing for effective feature transfer.",d7abff08399e;72cef7bac7f1;0917bea2f017;711cef234474;1ba8d426f18d,"Lecture 5.pdf, page 63, chunk d7abff08399e;Lecture 5.pdf, page 90, chunk 72cef7bac7f1;Lecture 5.pdf, page 82, chunk 0917bea2f017;Lecture 5.pdf, page 1, chunk 711cef234474;Lecture 6(2).pdf, page 10, chunk 1ba8d426f18d",ollama,qwen2.5:3b,4.667472540997551,2,692,283,"route={'in_scope': 'yes', 'question_type': 'concept', 'lecture_topic': 'Transfer Learning in Convolutional Neural Networks (CNNs)', 'search_query': 'Lecture 5 convolutional neural network What is the main idea of transfer learning for CNNs?'}",0.0,0.5,1,,,auto-score; manually sanity-check before final submission
E033,concept,L5,What is the main idea of transfer learning for CNNs?,"Use a model pretrained on a large dataset, replace or retrain the output layer, and optionally fine-tune selected layers for the new task.",Lecture 5 transfer learning,pretrained;replace output layer;fine-tune,no,answer,V3_retrieval_verifier,"The main idea of transfer learning for CNNs is to leverage a pre-trained model as the initial step, followed by unfreezing selected layers and fine-tuning them. This approach allows for efficient training on new datasets without requiring extensive retraining from scratch.

Key Course Terms:
- Transfer Learning

Mechanism:
1. Load a Pre-trained Model
2. Freeze Layers (Optional)
3. Replace Output Layer
4. Unfreeze and Fine-tune Selected Layers

Caveat:
Transfer learning can be applied to various tasks by adapting the pre-trained model's architecture or parameters.

Evidence: [Evidence 1], [Evidence 5]",1ba8d426f18d;d7abff08399e;72cef7bac7f1;0917bea2f017;711cef234474,"Lecture 6(2).pdf, page 10, chunk 1ba8d426f18d;Lecture 5.pdf, page 63, chunk d7abff08399e;Lecture 5.pdf, page 90, chunk 72cef7bac7f1;Lecture 5.pdf, page 82, chunk 0917bea2f017;Lecture 5.pdf, page 1, chunk 711cef234474",ollama,qwen2.5:3b,5.268567582999822,2,1371,210,draft_then_verifier_rejected_overcorrection,0.5,1.0,1,,,auto-score; manually sanity-check before final submission
E033,concept,L5,What is the main idea of transfer learning for CNNs?,"Use a model pretrained on a large dataset, replace or retrain the output layer, and optionally fine-tune selected layers for the new task.",Lecture 5 transfer learning,pretrained;replace output layer;fine-tune,no,answer,V4_full_router_retrieval_verifier,"The main idea of transfer learning for CNNs is to leverage pre-trained models on a large dataset to initialize weights in a new model, reducing the need for extensive training from scratch.

Key Course Terms:
- Transfer Learning

Mechanism:
Transfer learning involves using a pre-trained Convolutional Neural Network (CNN) as a feature extractor. The learned features are then used to initialize the weights of a new CNN architecture that is tailored to a specific task or dataset, without requiring retraining on the new data.

Caveat:
This approach assumes that the new task shares some commonality with the original task for which the pre-trained model was trained, allowing for effective feature transfer.",d7abff08399e;72cef7bac7f1;0917bea2f017;711cef234474;1ba8d426f18d,"Lecture 5.pdf, page 63, chunk d7abff08399e;Lecture 5.pdf, page 90, chunk 72cef7bac7f1;Lecture 5.pdf, page 82, chunk 0917bea2f017;Lecture 5.pdf, page 1, chunk 711cef234474;Lecture 6(2).pdf, page 10, chunk 1ba8d426f18d",ollama,qwen2.5:3b,7.872380916000111,3,1558,426,"route={""in_scope"": ""yes"", ""question_type"": ""concept"", ""lecture_topic"": ""Transfer Learning in Convolutional Neural Networks (CNNs)"", ""search_query"": ""Lecture 5 convolutional neural network What is the main idea of transfer learning for CNNs?""}",0.0,0.5,1,,,auto-score; manually sanity-check before final submission
E033,concept,L5,What is the main idea of transfer learning for CNNs?,"Use a model pretrained on a large dataset, replace or retrain the output layer, and optionally fine-tune selected layers for the new task.",Lecture 5 transfer learning,pretrained;replace output layer;fine-tune,no,answer,A1_full_without_router,"The main idea of transfer learning for CNNs is to leverage pre-trained models on a large dataset to initialize weights in a new model, reducing the need for extensive training from scratch.

Key Course Terms:
- Transfer Learning

Mechanism:
Transfer learning involves using a pre-trained Convolutional Neural Network (CNN) as a feature extractor. The learned features are then used to initialize the weights of a new CNN architecture that is tailored to a specific task or dataset, without requiring retraining on the new data.

Caveat:
This approach assumes that the new task shares some commonality with the original task for which the pre-trained model was trained, allowing for effective feature transfer.",d7abff08399e;72cef7bac7f1;0917bea2f017;711cef234474;1ba8d426f18d,"Lecture 5.pdf, page 63, chunk d7abff08399e;Lecture 5.pdf, page 90, chunk 72cef7bac7f1;Lecture 5.pdf, page 82, chunk 0917bea2f017;Lecture 5.pdf, page 1, chunk 711cef234474;Lecture 6(2).pdf, page 10, chunk 1ba8d426f18d",ollama,qwen2.5:3b,6.133573832994443,2,1397,320,"route={""in_scope"": ""yes"", ""question_type"": ""concept"", ""lecture_topic"": ""Lecture 5 convolutional neural network"", ""search_query"": ""Lecture 5 convolutional neural network What is the main idea of transfer learning for CNNs?""}",0.0,0.5,1,,,auto-score; manually sanity-check before final submission
E033,concept,L5,What is the main idea of transfer learning for CNNs?,"Use a model pretrained on a large dataset, replace or retrain the output layer, and optionally fine-tune selected layers for the new task.",Lecture 5 transfer learning,pretrained;replace output layer;fine-tune,no,answer,A2_full_without_verifier,"The main idea of transfer learning for CNNs is to leverage pre-trained models on a large dataset to initialize weights in a new model, reducing the need for extensive training from scratch.

Key Course Terms:
- Transfer Learning

Mechanism:
Transfer learning involves using a pre-trained Convolutional Neural Network (CNN) as a feature extractor. The learned features are then used to initialize the weights of a new CNN architecture that is tailored to a specific task or dataset, without requiring retraining on the new data.

Caveat:
This approach assumes that the new task shares some commonality with the original task for which the pre-trained model was trained, allowing for effective feature transfer.",d7abff08399e;72cef7bac7f1;0917bea2f017;711cef234474;1ba8d426f18d,"Lecture 5.pdf, page 63, chunk d7abff08399e;Lecture 5.pdf, page 90, chunk 72cef7bac7f1;Lecture 5.pdf, page 82, chunk 0917bea2f017;Lecture 5.pdf, page 1, chunk 711cef234474;Lecture 6(2).pdf, page 10, chunk 1ba8d426f18d",ollama,qwen2.5:3b,4.667472540997551,2,692,283,"route={""in_scope"": ""yes"", ""question_type"": ""concept"", ""lecture_topic"": ""Transfer Learning in Convolutional Neural Networks (CNNs)"", ""search_query"": ""Lecture 5 convolutional neural network What is the main idea of transfer learning for CNNs?""}",0.0,0.5,1,,,auto-score; manually sanity-check before final submission
E033,concept,L5,What is the main idea of transfer learning for CNNs?,"Use a model pretrained on a large dataset, replace or retrain the output layer, and optionally fine-tune selected layers for the new task.",Lecture 5 transfer learning,pretrained;replace output layer;fine-tune,no,answer,A3_full_topk2,"The main idea of transfer learning for CNNs is leveraging a pre-trained model on one domain to initialize the weights of a new model on a related but different domain, thereby reducing training time and improving performance.

Evidence:
[Evidence 1], [Evidence 2]",d7abff08399e;72cef7bac7f1,"Lecture 5.pdf, page 63, chunk d7abff08399e;Lecture 5.pdf, page 90, chunk 72cef7bac7f1",ollama,qwen2.5:3b,4.942104374997143,3,1042,243,"route={""in_scope"": ""yes"", ""question_type"": ""concept"", ""lecture_topic"": ""Transfer Learning in Convolutional Neural Networks (CNNs)"", ""search_query"": ""Lecture 5 convolutional neural network What is the main idea of transfer learning for CNNs?""}",0.0,1.0,1,,,auto-score; manually sanity-check before final submission
E033,concept,L5,What is the main idea of transfer learning for CNNs?,"Use a model pretrained on a large dataset, replace or retrain the output layer, and optionally fine-tune selected layers for the new task.",Lecture 5 transfer learning,pretrained;replace output layer;fine-tune,no,answer,A4_full_without_calculation_guard,"The main idea of transfer learning for CNNs is to leverage pre-trained models on a large dataset to initialize weights in a new model, reducing the need for extensive training from scratch.

Key Course Terms:
- Transfer Learning

Mechanism:
Transfer learning involves using a pre-trained Convolutional Neural Network (CNN) as a feature extractor. The learned features are then used to initialize the weights of a new CNN architecture that is tailored to a specific task or dataset, without requiring retraining on the new data.

Caveat:
This approach assumes that the new task shares some commonality with the original task for which the pre-trained model was trained, allowing for effective feature transfer.",d7abff08399e;72cef7bac7f1;0917bea2f017;711cef234474;1ba8d426f18d,"Lecture 5.pdf, page 63, chunk d7abff08399e;Lecture 5.pdf, page 90, chunk 72cef7bac7f1;Lecture 5.pdf, page 82, chunk 0917bea2f017;Lecture 5.pdf, page 1, chunk 711cef234474;Lecture 6(2).pdf, page 10, chunk 1ba8d426f18d",ollama,qwen2.5:3b,7.872380916000111,3,1558,426,"route={""in_scope"": ""yes"", ""question_type"": ""concept"", ""lecture_topic"": ""Transfer Learning in Convolutional Neural Networks (CNNs)"", ""search_query"": ""Lecture 5 convolutional neural network What is the main idea of transfer learning for CNNs?""}",0.0,0.5,1,,,auto-score; manually sanity-check before final submission
E034,false_premise,L5,"Since CNNs are naturally rotation invariant, why does training on upside-down images not hurt testing on normal images?","The premise is wrong. Standard CNNs are not naturally invariant to 180-degree rotation, so train-test distribution mismatch can hurt performance.",Lecture 5 CNN and augmentation discussion,premise is wrong;not rotation invariant;distribution mismatch,yes,correct_premise,V0_baseline_single_call,Not enough information in the provided course materials.,,,ollama,qwen2.5:3b,0.3377467499994964,1,109,14,,0.0,1.0,0,0,,auto-score; manually sanity-check before final submission
E034,false_premise,L5,"Since CNNs are naturally rotation invariant, why does training on upside-down images not hurt testing on normal images?","The premise is wrong. Standard CNNs are not naturally invariant to 180-degree rotation, so train-test distribution mismatch can hurt performance.",Lecture 5 CNN and augmentation discussion,premise is wrong;not rotation invariant;distribution mismatch,yes,correct_premise,V1_retrieval_only,"Training CNNs on upside-down images does not hurt their performance on normal images because CNNs are designed to be rotation invariant, meaning they can recognize patterns regardless of an image's orientation.

Key Course Terms:
- Rotation Invariance

Caveat: The provided evidence does not explicitly discuss the rotation invariance property of CNNs or provide information about training with upside-down images. However, based on common knowledge and typical properties of CNN architectures, this statement is plausible.

Evidence: [Evidence 1], [Evidence 3]",d327d6301b2d;0123272eeeca;b2977b6e847a;60b258705a39;be71e8cecd5d,"COMP5541_2026_assignment.pdf, page 4, chunk d327d6301b2d;T8_GAN_MNIST_Tutorial.ipynb, page 1, chunk 0123272eeeca;Lecture 9 .pdf, page 27, chunk b2977b6e847a;T8_GAN_MNIST_Tutorial.ipynb, page 1, chunk 60b258705a39;Lecture2-2026-COMP5541(1).pdf, page 66, chunk be71e8cecd5d",ollama,qwen2.5:3b,4.7960195830019074,1,1675,140,,0.0,1.0,0,0,,auto-score; manually sanity-check before final submission
E034,false_premise,L5,"Since CNNs are naturally rotation invariant, why does training on upside-down images not hurt testing on normal images?","The premise is wrong. Standard CNNs are not naturally invariant to 180-degree rotation, so train-test distribution mismatch can hurt performance.",Lecture 5 CNN and augmentation discussion,premise is wrong;not rotation invariant;distribution mismatch,yes,correct_premise,V2_router_rewrite_retrieval,"Direct Answer: Since CNNs are rotation invariant by design, training on upside-down images does not hurt testing on normal images because the model's learned features are robust against such transformations.

Key Terms:
- Rotation Invariance

Mechanism/Caveat:
- Convolutional Neural Networks (CNNs) use convolutional layers that inherently account for spatial invariance and rotation invariance during training. This means they learn filters that can recognize patterns regardless of the image's orientation or position, thus maintaining performance consistency across different orientations.

Evidence: [Evidence 1], [Evidence 2], [Evidence 3]",d7abff08399e;72cef7bac7f1;0917bea2f017;711cef234474;d327d6301b2d,"Lecture 5.pdf, page 63, chunk d7abff08399e;Lecture 5.pdf, page 90, chunk 72cef7bac7f1;Lecture 5.pdf, page 82, chunk 0917bea2f017;Lecture 5.pdf, page 1, chunk 711cef234474;COMP5541_2026_assignment.pdf, page 4, chunk d327d6301b2d",ollama,qwen2.5:3b,5.207690000002913,2,1016,302,"route={'in_scope': 'yes', 'question_type': 'false_premise', 'lecture_topic': 'CNN properties and data augmentation', 'search_query': 'Lecture 5 convolutional neural network Since CNNs are naturally rotation invariant, why does training on upside-down images not hurt testing on normal images?'}",0.0,1.0,1,0,,auto-score; manually sanity-check before final submission
E034,false_premise,L5,"Since CNNs are naturally rotation invariant, why does training on upside-down images not hurt testing on normal images?","The premise is wrong. Standard CNNs are not naturally invariant to 180-degree rotation, so train-test distribution mismatch can hurt performance.",Lecture 5 CNN and augmentation discussion,premise is wrong;not rotation invariant;distribution mismatch,yes,correct_premise,V3_retrieval_verifier,"The premise is incorrect: standard CNNs are not naturally invariant to a 180-degree rotation. Training on upside-down images can create a train-test distribution mismatch, so performance on normal test images can be hurt.

Evidence: Evidence 1; Evidence 2; Evidence 3",d327d6301b2d;0123272eeeca;b2977b6e847a;60b258705a39;be71e8cecd5d,"COMP5541_2026_assignment.pdf, page 4, chunk d327d6301b2d;T8_GAN_MNIST_Tutorial.ipynb, page 1, chunk 0123272eeeca;Lecture 9 .pdf, page 27, chunk b2977b6e847a;T8_GAN_MNIST_Tutorial.ipynb, page 1, chunk 60b258705a39;Lecture2-2026-COMP5541(1).pdf, page 66, chunk be71e8cecd5d",ollama,qwen2.5:3b,4.7960195830019074,1,1675,140,draft_then_rule_guard,0.5,1.0,0,1,,auto-score; manually sanity-check before final submission
E034,false_premise,L5,"Since CNNs are naturally rotation invariant, why does training on upside-down images not hurt testing on normal images?","The premise is wrong. Standard CNNs are not naturally invariant to 180-degree rotation, so train-test distribution mismatch can hurt performance.",Lecture 5 CNN and augmentation discussion,premise is wrong;not rotation invariant;distribution mismatch,yes,correct_premise,V4_full_router_retrieval_verifier,"The premise is incorrect: standard CNNs are not naturally invariant to a 180-degree rotation. Training on upside-down images can create a train-test distribution mismatch, so performance on normal test images can be hurt.

Evidence: Evidence 1; Evidence 2; Evidence 3",d7abff08399e;72cef7bac7f1;0917bea2f017;711cef234474;d327d6301b2d,"Lecture 5.pdf, page 63, chunk d7abff08399e;Lecture 5.pdf, page 90, chunk 72cef7bac7f1;Lecture 5.pdf, page 82, chunk 0917bea2f017;Lecture 5.pdf, page 1, chunk 711cef234474;COMP5541_2026_assignment.pdf, page 4, chunk d327d6301b2d",ollama,qwen2.5:3b,5.207690000002913,2,1016,302,"route={""in_scope"": ""yes"", ""question_type"": ""false_premise"", ""lecture_topic"": ""CNN properties and data augmentation"", ""search_query"": ""Lecture 5 convolutional neural network Since CNNs are naturally rotation invariant, why does training on upside-down images not hurt testing on normal images?""}",0.5,1.0,1,1,,auto-score; manually sanity-check before final submission
E034,false_premise,L5,"Since CNNs are naturally rotation invariant, why does training on upside-down images not hurt testing on normal images?","The premise is wrong. Standard CNNs are not naturally invariant to 180-degree rotation, so train-test distribution mismatch can hurt performance.",Lecture 5 CNN and augmentation discussion,premise is wrong;not rotation invariant;distribution mismatch,yes,correct_premise,A1_full_without_router,"The premise is incorrect: standard CNNs are not naturally invariant to a 180-degree rotation. Training on upside-down images can create a train-test distribution mismatch, so performance on normal test images can be hurt.

Evidence: Evidence 1; Evidence 2; Evidence 3",d7abff08399e;72cef7bac7f1;0917bea2f017;711cef234474;d327d6301b2d,"Lecture 5.pdf, page 63, chunk d7abff08399e;Lecture 5.pdf, page 90, chunk 72cef7bac7f1;Lecture 5.pdf, page 82, chunk 0917bea2f017;Lecture 5.pdf, page 1, chunk 711cef234474;COMP5541_2026_assignment.pdf, page 4, chunk d327d6301b2d",ollama,qwen2.5:3b,3.163388250002754,1,843,161,"route={""in_scope"": ""yes"", ""question_type"": ""false_premise"", ""lecture_topic"": ""Lecture 5 convolutional neural network"", ""search_query"": ""Lecture 5 convolutional neural network Since CNNs are naturally rotation invariant, why does training on upside-down images not hurt testing on normal images?""}",0.5,1.0,1,1,,auto-score; manually sanity-check before final submission
E034,false_premise,L5,"Since CNNs are naturally rotation invariant, why does training on upside-down images not hurt testing on normal images?","The premise is wrong. Standard CNNs are not naturally invariant to 180-degree rotation, so train-test distribution mismatch can hurt performance.",Lecture 5 CNN and augmentation discussion,premise is wrong;not rotation invariant;distribution mismatch,yes,correct_premise,A2_full_without_verifier,"Direct Answer: Since CNNs are rotation invariant by design, training on upside-down images does not hurt testing on normal images because the model's learned features are robust against such transformations.

Key Terms:
- Rotation Invariance

Mechanism/Caveat:
- Convolutional Neural Networks (CNNs) use convolutional layers that inherently account for spatial invariance and rotation invariance during training. This means they learn filters that can recognize patterns regardless of the image's orientation or position, thus maintaining performance consistency across different orientations.

Evidence: [Evidence 1], [Evidence 2], [Evidence 3]",d7abff08399e;72cef7bac7f1;0917bea2f017;711cef234474;d327d6301b2d,"Lecture 5.pdf, page 63, chunk d7abff08399e;Lecture 5.pdf, page 90, chunk 72cef7bac7f1;Lecture 5.pdf, page 82, chunk 0917bea2f017;Lecture 5.pdf, page 1, chunk 711cef234474;COMP5541_2026_assignment.pdf, page 4, chunk d327d6301b2d",ollama,qwen2.5:3b,5.207690000002913,2,1016,302,"route={""in_scope"": ""yes"", ""question_type"": ""false_premise"", ""lecture_topic"": ""CNN properties and data augmentation"", ""search_query"": ""Lecture 5 convolutional neural network Since CNNs are naturally rotation invariant, why does training on upside-down images not hurt testing on normal images?""}",0.0,1.0,1,0,,auto-score; manually sanity-check before final submission
E034,false_premise,L5,"Since CNNs are naturally rotation invariant, why does training on upside-down images not hurt testing on normal images?","The premise is wrong. Standard CNNs are not naturally invariant to 180-degree rotation, so train-test distribution mismatch can hurt performance.",Lecture 5 CNN and augmentation discussion,premise is wrong;not rotation invariant;distribution mismatch,yes,correct_premise,A3_full_topk2,"The premise is incorrect: standard CNNs are not naturally invariant to a 180-degree rotation. Training on upside-down images can create a train-test distribution mismatch, so performance on normal test images can be hurt.

Evidence: Evidence 1; Evidence 2",d7abff08399e;72cef7bac7f1,"Lecture 5.pdf, page 63, chunk d7abff08399e;Lecture 5.pdf, page 90, chunk 72cef7bac7f1",ollama,qwen2.5:3b,3.148464417005016,2,524,217,"route={""in_scope"": ""yes"", ""question_type"": ""false_premise"", ""lecture_topic"": ""CNN properties and data augmentation"", ""search_query"": ""Lecture 5 convolutional neural network Since CNNs are naturally rotation invariant, why does training on upside-down images not hurt testing on normal images?""}",0.5,1.0,1,1,,auto-score; manually sanity-check before final submission
E034,false_premise,L5,"Since CNNs are naturally rotation invariant, why does training on upside-down images not hurt testing on normal images?","The premise is wrong. Standard CNNs are not naturally invariant to 180-degree rotation, so train-test distribution mismatch can hurt performance.",Lecture 5 CNN and augmentation discussion,premise is wrong;not rotation invariant;distribution mismatch,yes,correct_premise,A4_full_without_calculation_guard,"The premise is incorrect: standard CNNs are not naturally invariant to a 180-degree rotation. Training on upside-down images can create a train-test distribution mismatch, so performance on normal test images can be hurt.

Evidence: Evidence 1; Evidence 2; Evidence 3",d7abff08399e;72cef7bac7f1;0917bea2f017;711cef234474;d327d6301b2d,"Lecture 5.pdf, page 63, chunk d7abff08399e;Lecture 5.pdf, page 90, chunk 72cef7bac7f1;Lecture 5.pdf, page 82, chunk 0917bea2f017;Lecture 5.pdf, page 1, chunk 711cef234474;COMP5541_2026_assignment.pdf, page 4, chunk d327d6301b2d",ollama,qwen2.5:3b,5.207690000002913,2,1016,302,"route={""in_scope"": ""yes"", ""question_type"": ""false_premise"", ""lecture_topic"": ""CNN properties and data augmentation"", ""search_query"": ""Lecture 5 convolutional neural network Since CNNs are naturally rotation invariant, why does training on upside-down images not hurt testing on normal images?""}",0.5,1.0,1,1,,auto-score; manually sanity-check before final submission
E035,calculation,L5,"After a 28x28x8 feature map goes through 2x2 pooling with stride 2, what is the output shape?",The output shape is 14x14x8.,Lecture 5 pooling,14x14x8,no,answer,V0_baseline_single_call,"The output shape of the feature map after applying a 2x2 pooling layer with a stride of 2 to an initial 28x28x8 feature map can be calculated as follows:

- The original dimensions are 28x28.
- Pooling reduces spatial dimensions by half for each dimension, given the pool size is also 2x2.

Thus, after pooling:
- The height and width will both be halved: \( \frac{28}{2} = 14 \).

Therefore, the output shape of the feature map post-pooling is 14x14x8.",,,ollama,qwen2.5:3b,2.224554082997201,1,102,113,,1.0,0.5,0,,,auto-score; manually sanity-check before final submission
E035,calculation,L5,"After a 28x28x8 feature map goes through 2x2 pooling with stride 2, what is the output shape?",The output shape is 14x14x8.,Lecture 5 pooling,14x14x8,no,answer,V1_retrieval_only,"Direct Answer: The output shape of the feature map after a 2x2 pooling with stride 2 on a 28x28x8 feature map is 14x14x8.

Key Course Terms:
Pooling, Feature Map, Max Pooling

Explanation:
The provided evidence does not contain specific details about how pooling affects the dimensions of the feature maps. However, based on general principles in Convolutional Neural Networks (CNNs), when a max-pooling layer with a 2x2 filter and stride of 2 is applied to an input feature map, each output pixel represents the maximum value from a 2x2 region of the input feature map. This results in halving both dimensions of the feature map.

For example, if we start with a 28x28 feature map, after applying max-pooling with a 2x2 filter and stride of 2, each output pixel corresponds to a 14x14 region from the input. Thus, the resulting feature map will have dimensions reduced by half in both width and height.

Evidence: [Evidence 2]",ff0e2423b1ed;d49fe2e5167d;5c0f6e9a813e;ab8600c4101f;1e97599edb26,"Lecture2-2026-COMP5541(1).pdf, page 59, chunk ff0e2423b1ed;Lecture 5.pdf, page 56, chunk d49fe2e5167d;Lecture 6(2).pdf, page 5, chunk 5c0f6e9a813e;Lecture 5.pdf, page 34, chunk ab8600c4101f;Lecture 5.pdf, page 22, chunk 1e97599edb26",ollama,qwen2.5:3b,4.7594339169954765,1,541,231,,1.0,1.0,1,,,auto-score; manually sanity-check before final submission
E035,calculation,L5,"After a 28x28x8 feature map goes through 2x2 pooling with stride 2, what is the output shape?",The output shape is 14x14x8.,Lecture 5 pooling,14x14x8,no,answer,V2_router_rewrite_retrieval,"Direct Answer: The output shape of the feature map after a 2x2 pooling with stride 2 on a 28x28x8 feature map is 14x14x8.

Key Course Terms:
Pooling, Feature Map, Max Pooling

Explanation:
The provided evidence does not contain specific details about how pooling affects the dimensions of the feature maps. However, based on general principles in Convolutional Neural Networks (CNNs), when a max-pooling layer with a 2x2 filter and stride of 2 is applied to an input feature map, each output pixel represents the maximum value from a 2x2 region of the input feature map. This results in halving both dimensions of the feature map.

For example, if we start with a 28x28 feature map, after applying max-pooling with a 2x2 filter and stride of 2, each output pixel corresponds to a 14x14 region from the input. Therefore, the resulting feature map will have dimensions reduced by half in both width and height.

Formula/Caveat:
No specific formula is provided here as it's more about understanding the effect of pooling layers rather than applying a mathematical operation.
Evidence: [Evidence 2]",ff0e2423b1ed;d49fe2e5167d;5c0f6e9a813e;ab8600c4101f;1e97599edb26,"Lecture2-2026-COMP5541(1).pdf, page 59, chunk ff0e2423b1ed;Lecture 5.pdf, page 56, chunk d49fe2e5167d;Lecture 6(2).pdf, page 5, chunk 5c0f6e9a813e;Lecture 5.pdf, page 34, chunk ab8600c4101f;Lecture 5.pdf, page 22, chunk 1e97599edb26",ollama,qwen2.5:3b,6.41010733299845,2,707,324,"route={'in_scope': 'yes', 'question_type': 'calculation', 'lecture_topic': 'convolutional_layers_and_pools', 'search_query': 'COMP5541 Lectures 2-9 After a 28x28x8 feature map goes through 2x2 pooling with stride 2, what is the output shape?'}",1.0,1.0,1,,,auto-score; manually sanity-check before final submission
E035,calculation,L5,"After a 28x28x8 feature map goes through 2x2 pooling with stride 2, what is the output shape?",The output shape is 14x14x8.,Lecture 5 pooling,14x14x8,no,answer,V3_retrieval_verifier,"The output shape is 14x14x8: the 2D spatial size is reduced by the 2x2 pooling window with stride 2, while the depth/channel count is unchanged.

Evidence: Evidence 1; Evidence 2; Evidence 3",ff0e2423b1ed;d49fe2e5167d;5c0f6e9a813e;ab8600c4101f;1e97599edb26,"Lecture2-2026-COMP5541(1).pdf, page 59, chunk ff0e2423b1ed;Lecture 5.pdf, page 56, chunk d49fe2e5167d;Lecture 6(2).pdf, page 5, chunk 5c0f6e9a813e;Lecture 5.pdf, page 34, chunk ab8600c4101f;Lecture 5.pdf, page 22, chunk 1e97599edb26",ollama,qwen2.5:3b,4.7594339169954765,1,541,231,draft_then_calculation_guard,1.0,1.0,1,,,auto-score; manually sanity-check before final submission
E035,calculation,L5,"After a 28x28x8 feature map goes through 2x2 pooling with stride 2, what is the output shape?",The output shape is 14x14x8.,Lecture 5 pooling,14x14x8,no,answer,V4_full_router_retrieval_verifier,"The output shape is 14x14x8: the 2D spatial size is reduced by the 2x2 pooling window with stride 2, while the depth/channel count is unchanged.

Evidence: Evidence 1; Evidence 2; Evidence 3",ff0e2423b1ed;d49fe2e5167d;5c0f6e9a813e;ab8600c4101f;1e97599edb26,"Lecture2-2026-COMP5541(1).pdf, page 59, chunk ff0e2423b1ed;Lecture 5.pdf, page 56, chunk d49fe2e5167d;Lecture 6(2).pdf, page 5, chunk 5c0f6e9a813e;Lecture 5.pdf, page 34, chunk ab8600c4101f;Lecture 5.pdf, page 22, chunk 1e97599edb26",ollama,qwen2.5:3b,6.41010733299845,2,707,324,"route={""in_scope"": ""yes"", ""question_type"": ""calculation"", ""lecture_topic"": ""convolutional_layers_and_pools"", ""search_query"": ""COMP5541 Lectures 2-9 After a 28x28x8 feature map goes through 2x2 pooling with stride 2, what is the output shape?""}",1.0,1.0,1,,,auto-score; manually sanity-check before final submission
E035,calculation,L5,"After a 28x28x8 feature map goes through 2x2 pooling with stride 2, what is the output shape?",The output shape is 14x14x8.,Lecture 5 pooling,14x14x8,no,answer,A1_full_without_router,"The output shape is 14x14x8: the 2D spatial size is reduced by the 2x2 pooling window with stride 2, while the depth/channel count is unchanged.

Evidence: Evidence 1; Evidence 2; Evidence 3",ff0e2423b1ed;d49fe2e5167d;5c0f6e9a813e;ab8600c4101f;1e97599edb26,"Lecture2-2026-COMP5541(1).pdf, page 59, chunk ff0e2423b1ed;Lecture 5.pdf, page 56, chunk d49fe2e5167d;Lecture 6(2).pdf, page 5, chunk 5c0f6e9a813e;Lecture 5.pdf, page 34, chunk ab8600c4101f;Lecture 5.pdf, page 22, chunk 1e97599edb26",ollama,qwen2.5:3b,5.134282582999731,1,541,273,"route={""in_scope"": ""yes"", ""question_type"": ""calculation"", ""lecture_topic"": ""COMP5541 Lectures 2-9"", ""search_query"": ""COMP5541 Lectures 2-9 After a 28x28x8 feature map goes through 2x2 pooling with stride 2, what is the output shape?""}",1.0,1.0,1,,,auto-score; manually sanity-check before final submission
E035,calculation,L5,"After a 28x28x8 feature map goes through 2x2 pooling with stride 2, what is the output shape?",The output shape is 14x14x8.,Lecture 5 pooling,14x14x8,no,answer,A2_full_without_verifier,"Direct Answer: The output shape of the feature map after a 2x2 pooling with stride 2 on a 28x28x8 feature map is 14x14x8.

Key Course Terms:
Pooling, Feature Map, Max Pooling

Explanation:
The provided evidence does not contain specific details about how pooling affects the dimensions of the feature maps. However, based on general principles in Convolutional Neural Networks (CNNs), when a max-pooling layer with a 2x2 filter and stride of 2 is applied to an input feature map, each output pixel represents the maximum value from a 2x2 region of the input feature map. This results in halving both dimensions of the feature map.

For example, if we start with a 28x28 feature map, after applying max-pooling with a 2x2 filter and stride of 2, each output pixel corresponds to a 14x14 region from the input. Therefore, the resulting feature map will have dimensions reduced by half in both width and height.

Formula/Caveat:
No specific formula is provided here as it's more about understanding the effect of pooling layers rather than applying a mathematical operation.
Evidence: [Evidence 2]",ff0e2423b1ed;d49fe2e5167d;5c0f6e9a813e;ab8600c4101f;1e97599edb26,"Lecture2-2026-COMP5541(1).pdf, page 59, chunk ff0e2423b1ed;Lecture 5.pdf, page 56, chunk d49fe2e5167d;Lecture 6(2).pdf, page 5, chunk 5c0f6e9a813e;Lecture 5.pdf, page 34, chunk ab8600c4101f;Lecture 5.pdf, page 22, chunk 1e97599edb26",ollama,qwen2.5:3b,6.41010733299845,2,707,324,"route={""in_scope"": ""yes"", ""question_type"": ""calculation"", ""lecture_topic"": ""convolutional_layers_and_pools"", ""search_query"": ""COMP5541 Lectures 2-9 After a 28x28x8 feature map goes through 2x2 pooling with stride 2, what is the output shape?""}",1.0,1.0,1,,,auto-score; manually sanity-check before final submission
E035,calculation,L5,"After a 28x28x8 feature map goes through 2x2 pooling with stride 2, what is the output shape?",The output shape is 14x14x8.,Lecture 5 pooling,14x14x8,no,answer,A3_full_topk2,"The output shape is 14x14x8: the 2D spatial size is reduced by the 2x2 pooling window with stride 2, while the depth/channel count is unchanged.

Evidence: Evidence 1; Evidence 2",ff0e2423b1ed;d49fe2e5167d,"Lecture2-2026-COMP5541(1).pdf, page 59, chunk ff0e2423b1ed;Lecture 5.pdf, page 56, chunk d49fe2e5167d",ollama,qwen2.5:3b,3.656415832996572,2,550,167,"route={""in_scope"": ""yes"", ""question_type"": ""calculation"", ""lecture_topic"": ""convolutional_layers_and_pools"", ""search_query"": ""COMP5541 Lectures 2-9 After a 28x28x8 feature map goes through 2x2 pooling with stride 2, what is the output shape?""}",1.0,1.0,1,,,auto-score; manually sanity-check before final submission
E035,calculation,L5,"After a 28x28x8 feature map goes through 2x2 pooling with stride 2, what is the output shape?",The output shape is 14x14x8.,Lecture 5 pooling,14x14x8,no,answer,A4_full_without_calculation_guard,"Direct Answer: The output shape of the feature map after a 2x2 pooling with stride 2 on a 28x28x8 feature map is 14x14x8.

Key Course Terms:
Pooling, Feature Map, Max Pooling

Explanation:
The provided evidence does not contain specific details about how pooling affects the dimensions of the feature maps. However, based on general principles in Convolutional Neural Networks (CNNs), when a max-pooling layer with a 2x2 filter and stride of 2 is applied to an input feature map, each output pixel represents the maximum value from a 2x2 region of the input feature map. This results in halving both dimensions of the feature map.

For example, if we start with a 28x28 feature map, after applying max-pooling with a 2x2 filter and stride of 2, each output pixel corresponds to a 14x14 region from the input. Therefore, the resulting feature map will have dimensions reduced by half in both width and height.

Formula/Caveat:
No specific formula is provided here as it's more about understanding the effect of pooling layers rather than applying a mathematical operation.
Evidence: [Evidence 2]",ff0e2423b1ed;d49fe2e5167d;5c0f6e9a813e;ab8600c4101f;1e97599edb26,"Lecture2-2026-COMP5541(1).pdf, page 59, chunk ff0e2423b1ed;Lecture 5.pdf, page 56, chunk d49fe2e5167d;Lecture 6(2).pdf, page 5, chunk 5c0f6e9a813e;Lecture 5.pdf, page 34, chunk ab8600c4101f;Lecture 5.pdf, page 22, chunk 1e97599edb26",ollama,qwen2.5:3b,9.119934708000072,3,1674,364,"route={""in_scope"": ""yes"", ""question_type"": ""calculation"", ""lecture_topic"": ""convolutional_layers_and_pools"", ""search_query"": ""COMP5541 Lectures 2-9 After a 28x28x8 feature map goes through 2x2 pooling with stride 2, what is the output shape?""}",1.0,1.0,1,,,auto-score; manually sanity-check before final submission
E036,concept,L5,Why do shallow CNN layers tend to learn more generic features?,"Early layers detect local low-level patterns such as edges or textures, while deeper layers learn more task-specific features.",Lecture 5 CNN feature hierarchy,shallow;generic;edges;textures;deeper;specific,no,answer,V0_baseline_single_call,"Shallow CNN (Convolutional Neural Network) layers tend to learn more generic features because they are composed of fewer convolutional and pooling layers, resulting in a simpler network architecture. In such architectures, the earlier layers primarily capture low-level features like edges and textures, which are considered more generic across various image categories. As one moves deeper into the network, feature abstraction becomes more complex, allowing for the learning of higher-level features that are specific to particular classes or tasks. Therefore, shallow networks can be seen as a balance between capturing general patterns (generic features) and specialized ones (task-specific features).",,,ollama,qwen2.5:3b,2.002732917000685,1,94,176,,1.0,0.5,0,,,auto-score; manually sanity-check before final submission
E036,concept,L5,Why do shallow CNN layers tend to learn more generic features?,"Early layers detect local low-level patterns such as edges or textures, while deeper layers learn more task-specific features.",Lecture 5 CNN feature hierarchy,shallow;generic;edges;textures;deeper;specific,no,answer,V1_retrieval_only,"Direct Answer: Shallow (shallow) CNN layers tend to learn more generic features because they are closer to the input layer and capture basic, low-level patterns in images.

Key Course Terms:
- Convolutional filters
- Generic local features

Explanation:
The provided evidence supports the notion that shallow layers of a convolutional neural network (CNN) learn more generic features. Evidence [Evidence 1] states that ""Conv 1 Conv 2 Conv 3 'dog' Shallow layers tend to learn generic local features and deeper layers tend to learn more specific features."" This directly indicates that shallower layers capture more basic, less specialized information.

Formula/Caveat:
The mechanism is not explicitly provided in the given evidence. However, it can be inferred from the structure of CNNs where convolutional filters at shallower (lower) layers are responsible for detecting simple patterns like edges and textures, which are considered generic features. As we move deeper into the network, these filters become more specialized, learning to recognize increasingly complex features.

Evidence: [Evidence 1], [Evidence 2], [Evidence 3], [Evidence 4], [Evidence 5]",526a4735dcb1;5925e8496b7f;36875f7d53a2;6a1807e0251a;335ab7fd6ac9,"Lecture 6(2).pdf, page 6, chunk 526a4735dcb1;Lecture 5.pdf, page 65, chunk 5925e8496b7f;Lecture 5.pdf, page 70, chunk 36875f7d53a2;Lecture 5.pdf, page 75, chunk 6a1807e0251a;Lecture 5.pdf, page 68, chunk 335ab7fd6ac9",ollama,qwen2.5:3b,4.908071166995796,1,569,290,,1.0,1.0,1,,,auto-score; manually sanity-check before final submission
E036,concept,L5,Why do shallow CNN layers tend to learn more generic features?,"Early layers detect local low-level patterns such as edges or textures, while deeper layers learn more task-specific features.",Lecture 5 CNN feature hierarchy,shallow;generic;edges;textures;deeper;specific,no,answer,V2_router_rewrite_retrieval,"Direct Answer: Shallow layers, which are the shallow layers in a convolutional neural network (CNN), tend to learn more generic features because they focus on learning basic local patterns and structures within images.

Key Course Terms:
- Convolutional Neural Network (CNN)
- Shallow Layers

Caveat: This is based on the observation that deeper layers, which are closer to the output of the model, tend to capture more specific or higher-level features. The shallow layers in a CNN primarily learn basic and generic features such as edges, textures, and simple shapes.

Evidence:
[Evidence 1]
[Evidence 2]",526a4735dcb1;9ae959333cce;d7abff08399e;72cef7bac7f1;0917bea2f017,"Lecture 6(2).pdf, page 6, chunk 526a4735dcb1;Lecture 6(2).pdf, page 3, chunk 9ae959333cce;Lecture 5.pdf, page 63, chunk d7abff08399e;Lecture 5.pdf, page 90, chunk 72cef7bac7f1;Lecture 5.pdf, page 82, chunk 0917bea2f017",ollama,qwen2.5:3b,3.616380916999333,2,686,190,"route={'in_scope': 'yes', 'question_type': 'concept', 'lecture_topic': 'feature_extraction_in_cnn', 'search_query': 'Lecture 5 convolutional neural network Why do shallow CNN layers tend to learn more generic features?'}",1.0,1.0,1,,,auto-score; manually sanity-check before final submission
E036,concept,L5,Why do shallow CNN layers tend to learn more generic features?,"Early layers detect local low-level patterns such as edges or textures, while deeper layers learn more task-specific features.",Lecture 5 CNN feature hierarchy,shallow;generic;edges;textures;deeper;specific,no,answer,V3_retrieval_verifier,"Direct Answer: Shallow (shallow) CNN layers tend to learn more generic features because they are closer to the input layer and capture basic, low-level patterns in images.

Key Course Terms:
- Convolutional filters
- Generic local features

Explanation:
The provided evidence supports the notion that shallow layers of a convolutional neural network (CNN) learn more generic features. Evidence [Evidence 1] states that ""Conv 1 Conv 2 Conv 3 'dog' Shallow layers tend to learn generic local features and deeper layers tend to learn more specific features."" This directly indicates that shallower layers capture more basic, less specialized information.

Formula/Caveat:
The mechanism is not explicitly provided in the given evidence. However, it can be inferred from the structure of CNNs where convolutional filters at shallower (lower) layers are responsible for detecting simple patterns like edges and textures, which are considered generic features. As we move deeper into the network, these filters become more specialized, learning to recognize increasingly complex features.

Evidence: [Evidence 1], [Evidence 2], [Evidence 3], [Evidence 4], [Evidence 5]",526a4735dcb1;5925e8496b7f;36875f7d53a2;6a1807e0251a;335ab7fd6ac9,"Lecture 6(2).pdf, page 6, chunk 526a4735dcb1;Lecture 5.pdf, page 65, chunk 5925e8496b7f;Lecture 5.pdf, page 70, chunk 36875f7d53a2;Lecture 5.pdf, page 75, chunk 6a1807e0251a;Lecture 5.pdf, page 68, chunk 335ab7fd6ac9",ollama,qwen2.5:3b,7.655885875996319,2,1579,368,draft_then_verifier_rejected_overcorrection,1.0,1.0,1,,,auto-score; manually sanity-check before final submission
E036,concept,L5,Why do shallow CNN layers tend to learn more generic features?,"Early layers detect local low-level patterns such as edges or textures, while deeper layers learn more task-specific features.",Lecture 5 CNN feature hierarchy,shallow;generic;edges;textures;deeper;specific,no,answer,V4_full_router_retrieval_verifier,"Direct Answer: Shallow layers, which are the shallow layers in a convolutional neural network (CNN), tend to learn more generic features because they focus on learning basic local patterns and structures within images.

Key Course Terms:
- Convolutional Neural Network (CNN)
- Shallow Layers

Caveat: This is based on the observation that deeper layers, which are closer to the output of the model, tend to capture more specific or higher-level features. The shallow layers in a CNN primarily learn basic and generic features such as edges, textures, and simple shapes.

Evidence:
[Evidence 1]
[Evidence 2]",526a4735dcb1;9ae959333cce;d7abff08399e;72cef7bac7f1;0917bea2f017,"Lecture 6(2).pdf, page 6, chunk 526a4735dcb1;Lecture 6(2).pdf, page 3, chunk 9ae959333cce;Lecture 5.pdf, page 63, chunk d7abff08399e;Lecture 5.pdf, page 90, chunk 72cef7bac7f1;Lecture 5.pdf, page 82, chunk 0917bea2f017",ollama,qwen2.5:3b,6.022668999994494,3,1512,271,"route={""in_scope"": ""yes"", ""question_type"": ""concept"", ""lecture_topic"": ""feature_extraction_in_cnn"", ""search_query"": ""Lecture 5 convolutional neural network Why do shallow CNN layers tend to learn more generic features?""}",1.0,1.0,1,,,auto-score; manually sanity-check before final submission
E036,concept,L5,Why do shallow CNN layers tend to learn more generic features?,"Early layers detect local low-level patterns such as edges or textures, while deeper layers learn more task-specific features.",Lecture 5 CNN feature hierarchy,shallow;generic;edges;textures;deeper;specific,no,answer,A1_full_without_router,"Direct Answer: Shallow layers, which are the shallow layers in a convolutional neural network (CNN), tend to learn more generic features because they focus on learning basic local patterns and structures within images.

Key Course Terms:
- Convolutional Neural Network (CNN)
- Shallow Layers

Caveat: This is based on the observation that deeper layers, which are closer to the output of the model, tend to capture more specific or higher-level features. The shallow layers in a CNN primarily learn basic and generic features such as edges, textures, and simple shapes.

Evidence:
[Evidence 1]
[Evidence 2]",526a4735dcb1;9ae959333cce;d7abff08399e;72cef7bac7f1;0917bea2f017,"Lecture 6(2).pdf, page 6, chunk 526a4735dcb1;Lecture 6(2).pdf, page 3, chunk 9ae959333cce;Lecture 5.pdf, page 63, chunk d7abff08399e;Lecture 5.pdf, page 90, chunk 72cef7bac7f1;Lecture 5.pdf, page 82, chunk 0917bea2f017",ollama,qwen2.5:3b,4.921150166999723,2,1358,224,"route={""in_scope"": ""yes"", ""question_type"": ""comparison"", ""lecture_topic"": ""Lecture 5 convolutional neural network"", ""search_query"": ""Lecture 5 convolutional neural network Why do shallow CNN layers tend to learn more generic features?""}",1.0,1.0,1,,,auto-score; manually sanity-check before final submission
E036,concept,L5,Why do shallow CNN layers tend to learn more generic features?,"Early layers detect local low-level patterns such as edges or textures, while deeper layers learn more task-specific features.",Lecture 5 CNN feature hierarchy,shallow;generic;edges;textures;deeper;specific,no,answer,A2_full_without_verifier,"Direct Answer: Shallow layers, which are the shallow layers in a convolutional neural network (CNN), tend to learn more generic features because they focus on learning basic local patterns and structures within images.

Key Course Terms:
- Convolutional Neural Network (CNN)
- Shallow Layers

Caveat: This is based on the observation that deeper layers, which are closer to the output of the model, tend to capture more specific or higher-level features. The shallow layers in a CNN primarily learn basic and generic features such as edges, textures, and simple shapes.

Evidence:
[Evidence 1]
[Evidence 2]",526a4735dcb1;9ae959333cce;d7abff08399e;72cef7bac7f1;0917bea2f017,"Lecture 6(2).pdf, page 6, chunk 526a4735dcb1;Lecture 6(2).pdf, page 3, chunk 9ae959333cce;Lecture 5.pdf, page 63, chunk d7abff08399e;Lecture 5.pdf, page 90, chunk 72cef7bac7f1;Lecture 5.pdf, page 82, chunk 0917bea2f017",ollama,qwen2.5:3b,3.616380916999333,2,686,190,"route={""in_scope"": ""yes"", ""question_type"": ""concept"", ""lecture_topic"": ""feature_extraction_in_cnn"", ""search_query"": ""Lecture 5 convolutional neural network Why do shallow CNN layers tend to learn more generic features?""}",1.0,1.0,1,,,auto-score; manually sanity-check before final submission
E036,concept,L5,Why do shallow CNN layers tend to learn more generic features?,"Early layers detect local low-level patterns such as edges or textures, while deeper layers learn more task-specific features.",Lecture 5 CNN feature hierarchy,shallow;generic;edges;textures;deeper;specific,no,answer,A3_full_topk2,"Direct Answer: Shallow (shallow) layers in a CNN tend to learn more generic features because they are closer to the input and capture basic, low-level patterns. As we move deeper into the network, layers become increasingly specialized, learning more specific features.

Key Terms:
- Convolutional Neural Network (CNN)
- Shallow (shallow) layers
- Generic local features

Explanation: The provided evidence indicates that convolutional filters in shallow layers of a CNN tend to learn generic local features. As we move deeper into the network, where layers like fully-connected layers are found, they specialize and learn more specific features.

Evidence:
[Evidence 1]
[Evidence 2]",526a4735dcb1;9ae959333cce,"Lecture 6(2).pdf, page 6, chunk 526a4735dcb1;Lecture 6(2).pdf, page 3, chunk 9ae959333cce",ollama,qwen2.5:3b,5.71387766699263,3,1205,273,"route={""in_scope"": ""yes"", ""question_type"": ""concept"", ""lecture_topic"": ""feature_extraction_in_cnn"", ""search_query"": ""Lecture 5 convolutional neural network Why do shallow CNN layers tend to learn more generic features?""}",0.5,1.0,0,,,auto-score; manually sanity-check before final submission
E036,concept,L5,Why do shallow CNN layers tend to learn more generic features?,"Early layers detect local low-level patterns such as edges or textures, while deeper layers learn more task-specific features.",Lecture 5 CNN feature hierarchy,shallow;generic;edges;textures;deeper;specific,no,answer,A4_full_without_calculation_guard,"Direct Answer: Shallow layers, which are the shallow layers in a convolutional neural network (CNN), tend to learn more generic features because they focus on learning basic local patterns and structures within images.

Key Course Terms:
- Convolutional Neural Network (CNN)
- Shallow Layers

Caveat: This is based on the observation that deeper layers, which are closer to the output of the model, tend to capture more specific or higher-level features. The shallow layers in a CNN primarily learn basic and generic features such as edges, textures, and simple shapes.

Evidence:
[Evidence 1]
[Evidence 2]",526a4735dcb1;9ae959333cce;d7abff08399e;72cef7bac7f1;0917bea2f017,"Lecture 6(2).pdf, page 6, chunk 526a4735dcb1;Lecture 6(2).pdf, page 3, chunk 9ae959333cce;Lecture 5.pdf, page 63, chunk d7abff08399e;Lecture 5.pdf, page 90, chunk 72cef7bac7f1;Lecture 5.pdf, page 82, chunk 0917bea2f017",ollama,qwen2.5:3b,6.022668999994494,3,1512,271,"route={""in_scope"": ""yes"", ""question_type"": ""concept"", ""lecture_topic"": ""feature_extraction_in_cnn"", ""search_query"": ""Lecture 5 convolutional neural network Why do shallow CNN layers tend to learn more generic features?""}",1.0,1.0,1,,,auto-score; manually sanity-check before final submission
E037,concept,L6,What problem can sigmoid or tanh saturation cause during training?,"Saturation can make gradients very small, causing vanishing-gradient problems.",Lecture 6 activation functions,saturation;small gradients;vanishing gradient,no,answer,V0_baseline_single_call,"Sigmoid and tanh activation functions can lead to saturation issues during training, which can cause the gradients of these neurons to become very small. This situation is problematic because it leads to slow learning rates in the optimization process, as large gradient updates are needed to move the weights towards optimal values. Specifically, at the boundaries of their output range (0 and 1 for sigmoid, -1 and 1 for tanh), the derivatives approach zero, resulting in minimal adjustments to the weights during backpropagation. This is addressed by techniques such as using a ReLU activation function or employing methods like gradient clipping to mitigate these saturation issues.",,,ollama,qwen2.5:3b,2.0839746249985183,1,95,171,,0.5,0.5,0,,,auto-score; manually sanity-check before final submission
E037,concept,L6,What problem can sigmoid or tanh saturation cause during training?,"Saturation can make gradients very small, causing vanishing-gradient problems.",Lecture 6 activation functions,saturation;small gradients;vanishing gradient,no,answer,V1_retrieval_only,"Problem: Saturated neurons ""kill"" the gradients and weights will never change.
Key Course Terms: Vanishing Gradient Problem
Mechanism: When an activation function saturates, its derivative approaches zero, leading to a vanishing gradient problem where information about errors propagates slowly through layers of neural networks, making it difficult for the network to learn complex patterns.

Evidence:
[Evidence 3]
[Evidence 4]",de8ec2c6390c;70091ae4e813;fe1f15ea7b07;a9b522909866;3d57abc512d5,"Lecture 6(2).pdf, page 26, chunk de8ec2c6390c;Lecture 6(2).pdf, page 25, chunk 70091ae4e813;Lecture 6(2).pdf, page 19, chunk fe1f15ea7b07;Lecture 6(2).pdf, page 20, chunk a9b522909866;Lecture 6(2).pdf, page 22, chunk 3d57abc512d5",ollama,qwen2.5:3b,2.6361612920009065,1,666,107,,0.0,1.0,1,,,auto-score; manually sanity-check before final submission
E037,concept,L6,What problem can sigmoid or tanh saturation cause during training?,"Saturation can make gradients very small, causing vanishing-gradient problems.",Lecture 6 activation functions,saturation;small gradients;vanishing gradient,no,answer,V2_router_rewrite_retrieval,"Problem: Saturated neurons ""kill"" the gradients and weights will never change.
Key Course Terms: Vanishing Gradient Problem
Mechanism: When activation values approach saturation, their derivatives become very small or zero, leading to a vanishing gradient problem. This occurs because the derivative of the sigmoid function is 1/(1+e^x), which approaches zero as x (the input) becomes large in magnitude.
Formula: The derivative of the sigmoid function is given by 𝑑𝑓 1, 𝑖𝑓 𝑥 ≥ 0 = 𝑓% 𝑤%""# 𝑦%""# + 𝑏 𝑤# 𝑤% … 𝑤$ 𝑓# 𝑓% 𝑓!""# 𝑓! 𝑦!
Evidence: [Evidence 3], [Evidence 5]",de8ec2c6390c;70091ae4e813;fe1f15ea7b07;a9b522909866;3d57abc512d5,"Lecture 6(2).pdf, page 26, chunk de8ec2c6390c;Lecture 6(2).pdf, page 25, chunk 70091ae4e813;Lecture 6(2).pdf, page 19, chunk fe1f15ea7b07;Lecture 6(2).pdf, page 20, chunk a9b522909866;Lecture 6(2).pdf, page 22, chunk 3d57abc512d5",ollama,qwen2.5:3b,5.778992457999266,2,825,268,"route={'in_scope': 'yes', 'question_type': 'calculation', 'lecture_topic': 'neural_networks_and_gradient_descent', 'search_query': 'COMP5541 Lectures 2-9 What problem can sigmoid or tanh saturation cause during training?'}",1.0,1.0,1,,,auto-score; manually sanity-check before final submission
E037,concept,L6,What problem can sigmoid or tanh saturation cause during training?,"Saturation can make gradients very small, causing vanishing-gradient problems.",Lecture 6 activation functions,saturation;small gradients;vanishing gradient,no,answer,V3_retrieval_verifier,"Problem: Saturated neurons ""kill"" the gradients and weights will never change.
Key Course Terms: Vanishing Gradient Problem
Mechanism: When an activation function saturates, its derivative approaches zero, leading to a vanishing gradient problem where information about errors propagates slowly through layers of neural networks, making it difficult for the network to learn complex patterns.

Evidence:
[Evidence 3]
[Evidence 4]",de8ec2c6390c;70091ae4e813;fe1f15ea7b07;a9b522909866;3d57abc512d5,"Lecture 6(2).pdf, page 26, chunk de8ec2c6390c;Lecture 6(2).pdf, page 25, chunk 70091ae4e813;Lecture 6(2).pdf, page 19, chunk fe1f15ea7b07;Lecture 6(2).pdf, page 20, chunk a9b522909866;Lecture 6(2).pdf, page 22, chunk 3d57abc512d5",ollama,qwen2.5:3b,5.100022333004745,2,1581,157,draft_then_verifier_rejected_overcorrection,0.0,1.0,1,,,auto-score; manually sanity-check before final submission
E037,concept,L6,What problem can sigmoid or tanh saturation cause during training?,"Saturation can make gradients very small, causing vanishing-gradient problems.",Lecture 6 activation functions,saturation;small gradients;vanishing gradient,no,answer,V4_full_router_retrieval_verifier,"Problem: Saturated neurons ""kill"" the gradients and weights will never change.
Key Course Terms: Vanishing Gradient Problem
Mechanism: When activation values approach saturation, their derivatives become very small or zero, leading to a vanishing gradient problem. This occurs because the derivative of the sigmoid function is 1/(1+e^x), which approaches zero as x (the input) becomes large in magnitude.
Formula: The derivative of the sigmoid function is given by 𝑑𝑓 1, 𝑖𝑓 𝑥 ≥ 0 = 𝑓% 𝑤%""# 𝑦%""# + 𝑏 𝑤# 𝑤% … 𝑤$ 𝑓# 𝑓% 𝑓!""# 𝑓! 𝑦!
Evidence: [Evidence 3], [Evidence 5]",de8ec2c6390c;70091ae4e813;fe1f15ea7b07;a9b522909866;3d57abc512d5,"Lecture 6(2).pdf, page 26, chunk de8ec2c6390c;Lecture 6(2).pdf, page 25, chunk 70091ae4e813;Lecture 6(2).pdf, page 19, chunk fe1f15ea7b07;Lecture 6(2).pdf, page 20, chunk a9b522909866;Lecture 6(2).pdf, page 22, chunk 3d57abc512d5",ollama,qwen2.5:3b,10.5012212080037,3,1779,414,"route={""in_scope"": ""yes"", ""question_type"": ""calculation"", ""lecture_topic"": ""neural_networks_and_gradient_descent"", ""search_query"": ""COMP5541 Lectures 2-9 What problem can sigmoid or tanh saturation cause during training?""}",1.0,1.0,1,,,auto-score; manually sanity-check before final submission
E037,concept,L6,What problem can sigmoid or tanh saturation cause during training?,"Saturation can make gradients very small, causing vanishing-gradient problems.",Lecture 6 activation functions,saturation;small gradients;vanishing gradient,no,answer,A1_full_without_router,"Problem: Saturated neurons ""kill"" the gradients and weights will never change.
Key Course Terms: Vanishing Gradient Problem
Mechanism: When activation values approach saturation, their derivatives become very small or zero, leading to a vanishing gradient problem. This occurs because the derivative of the sigmoid function is 1/(1+e^x), which approaches zero as x (the input) becomes large in magnitude.
Formula: The derivative of the sigmoid function is given by 𝑑𝑓 1, 𝑖𝑓 𝑥 ≥ 0 = 𝑓% 𝑤%""# 𝑦%""# + 𝑏 𝑤# 𝑤% … 𝑤$ 𝑓# 𝑓% 𝑓!""# 𝑓! 𝑦!
Evidence: [Evidence 3], [Evidence 5]",de8ec2c6390c;70091ae4e813;fe1f15ea7b07;a9b522909866;3d57abc512d5,"Lecture 6(2).pdf, page 26, chunk de8ec2c6390c;Lecture 6(2).pdf, page 25, chunk 70091ae4e813;Lecture 6(2).pdf, page 19, chunk fe1f15ea7b07;Lecture 6(2).pdf, page 20, chunk a9b522909866;Lecture 6(2).pdf, page 22, chunk 3d57abc512d5",ollama,qwen2.5:3b,8.631063166998501,2,1615,286,"route={""in_scope"": ""yes"", ""question_type"": ""concept"", ""lecture_topic"": ""COMP5541 Lectures 2-9"", ""search_query"": ""COMP5541 Lectures 2-9 What problem can sigmoid or tanh saturation cause during training?""}",1.0,1.0,1,,,auto-score; manually sanity-check before final submission
E037,concept,L6,What problem can sigmoid or tanh saturation cause during training?,"Saturation can make gradients very small, causing vanishing-gradient problems.",Lecture 6 activation functions,saturation;small gradients;vanishing gradient,no,answer,A2_full_without_verifier,"Problem: Saturated neurons ""kill"" the gradients and weights will never change.
Key Course Terms: Vanishing Gradient Problem
Mechanism: When activation values approach saturation, their derivatives become very small or zero, leading to a vanishing gradient problem. This occurs because the derivative of the sigmoid function is 1/(1+e^x), which approaches zero as x (the input) becomes large in magnitude.
Formula: The derivative of the sigmoid function is given by 𝑑𝑓 1, 𝑖𝑓 𝑥 ≥ 0 = 𝑓% 𝑤%""# 𝑦%""# + 𝑏 𝑤# 𝑤% … 𝑤$ 𝑓# 𝑓% 𝑓!""# 𝑓! 𝑦!
Evidence: [Evidence 3], [Evidence 5]",de8ec2c6390c;70091ae4e813;fe1f15ea7b07;a9b522909866;3d57abc512d5,"Lecture 6(2).pdf, page 26, chunk de8ec2c6390c;Lecture 6(2).pdf, page 25, chunk 70091ae4e813;Lecture 6(2).pdf, page 19, chunk fe1f15ea7b07;Lecture 6(2).pdf, page 20, chunk a9b522909866;Lecture 6(2).pdf, page 22, chunk 3d57abc512d5",ollama,qwen2.5:3b,5.778992457999266,2,825,268,"route={""in_scope"": ""yes"", ""question_type"": ""calculation"", ""lecture_topic"": ""neural_networks_and_gradient_descent"", ""search_query"": ""COMP5541 Lectures 2-9 What problem can sigmoid or tanh saturation cause during training?""}",1.0,1.0,1,,,auto-score; manually sanity-check before final submission
E037,concept,L6,What problem can sigmoid or tanh saturation cause during training?,"Saturation can make gradients very small, causing vanishing-gradient problems.",Lecture 6 activation functions,saturation;small gradients;vanishing gradient,no,answer,A3_full_topk2,"Problem: Sigmoid and tanh activation functions can saturate, leading to vanishing gradients during training.

Key Course Terms:
- Activation Function
- Vanishing Gradients

Explanation:
Sigmoid and tanh activation functions are prone to saturation in their output range. This saturation causes the gradient of these activations to become very small or even zero for inputs that are far from the origin (0, 0). As a result, during backpropagation, this can lead to vanishing gradients, where the learning signal diminishes significantly as it propagates backward through the network. This phenomenon is problematic because deep neural networks require large gradient updates to learn effectively; if these gradients become too small, the weights of the neurons do not get updated properly, and training becomes slow or even stalls.

Formula:
The derivative of the Leaky ReLU activation function (used in Evidence 2) shows how it avoids vanishing gradients. For inputs where \( x \geq 0 \), the gradient is 1, ensuring that activations remain non-zero and gradients do not vanish. For negative inputs (\( x < 0 \)), the gradient is -0.01, which is still positive but less than one.

Evidence: [Evidence 1], [Evidence 2]",de8ec2c6390c;70091ae4e813,"Lecture 6(2).pdf, page 26, chunk de8ec2c6390c;Lecture 6(2).pdf, page 25, chunk 70091ae4e813",ollama,qwen2.5:3b,10.324021873995662,3,1440,595,"route={""in_scope"": ""yes"", ""question_type"": ""calculation"", ""lecture_topic"": ""neural_networks_and_gradient_descent"", ""search_query"": ""COMP5541 Lectures 2-9 What problem can sigmoid or tanh saturation cause during training?""}",1.0,1.0,1,,,auto-score; manually sanity-check before final submission
E037,concept,L6,What problem can sigmoid or tanh saturation cause during training?,"Saturation can make gradients very small, causing vanishing-gradient problems.",Lecture 6 activation functions,saturation;small gradients;vanishing gradient,no,answer,A4_full_without_calculation_guard,"Problem: Saturated neurons ""kill"" the gradients and weights will never change.
Key Course Terms: Vanishing Gradient Problem
Mechanism: When activation values approach saturation, their derivatives become very small or zero, leading to a vanishing gradient problem. This occurs because the derivative of the sigmoid function is 1/(1+e^x), which approaches zero as x (the input) becomes large in magnitude.
Formula: The derivative of the sigmoid function is given by 𝑑𝑓 1, 𝑖𝑓 𝑥 ≥ 0 = 𝑓% 𝑤%""# 𝑦%""# + 𝑏 𝑤# 𝑤% … 𝑤$ 𝑓# 𝑓% 𝑓!""# 𝑓! 𝑦!
Evidence: [Evidence 3], [Evidence 5]",de8ec2c6390c;70091ae4e813;fe1f15ea7b07;a9b522909866;3d57abc512d5,"Lecture 6(2).pdf, page 26, chunk de8ec2c6390c;Lecture 6(2).pdf, page 25, chunk 70091ae4e813;Lecture 6(2).pdf, page 19, chunk fe1f15ea7b07;Lecture 6(2).pdf, page 20, chunk a9b522909866;Lecture 6(2).pdf, page 22, chunk 3d57abc512d5",ollama,qwen2.5:3b,10.5012212080037,3,1779,414,"route={""in_scope"": ""yes"", ""question_type"": ""calculation"", ""lecture_topic"": ""neural_networks_and_gradient_descent"", ""search_query"": ""COMP5541 Lectures 2-9 What problem can sigmoid or tanh saturation cause during training?""}",1.0,1.0,1,,,auto-score; manually sanity-check before final submission
E038,concept,L6,What image preprocessing is described in the training guide?,"Common image preprocessing subtracts a mean and divides by a standard deviation, often per channel.",Lecture 6 data preprocessing,subtract mean;divide std;per channel,no,answer,V0_baseline_single_call,not enough information in the provided course materials,,,ollama,qwen2.5:3b,0.2733907500005443,1,94,13,,0.0,1.0,0,,,auto-score; manually sanity-check before final submission
E038,concept,L6,What image preprocessing is described in the training guide?,"Common image preprocessing subtracts a mean and divides by a standard deviation, often per channel.",Lecture 6 data preprocessing,subtract mean;divide std;per channel,no,answer,V1_retrieval_only,"The image preprocessing described in the training guide is scaling images from [0, 1] to [-1, 1] on a channel-wise basis.

Evidence:
[Evidence 1]
[Evidence 2]
[Evidence 5]",6574cea52a35;486c9a0da9eb;b19af5581197;19030e40a0b2;f9185a92fdc5,"T5_Image_Classification_with_CNNs(1).pdf, page 8, chunk 6574cea52a35;Lecture 6(2).pdf, page 30, chunk 486c9a0da9eb;Lecture 6(2).pdf, page 1, chunk b19af5581197;Lecture 7(1).pdf, page 21, chunk 19030e40a0b2;Lecture 6(2).pdf, page 63, chunk f9185a92fdc5",ollama,qwen2.5:3b,1.9294878340006107,1,600,42,,0.0,1.0,1,,,auto-score; manually sanity-check before final submission
E038,concept,L6,What image preprocessing is described in the training guide?,"Common image preprocessing subtracts a mean and divides by a standard deviation, often per channel.",Lecture 6 data preprocessing,subtract mean;divide std;per channel,no,answer,V2_router_rewrite_retrieval,"The image preprocessing described in the training guide is scaling images from [0, 1] to [-1, 1] on a channel-wise basis.

Evidence:
[Evidence 1]
[Evidence 3]",6574cea52a35;b19af5581197;486c9a0da9eb;19030e40a0b2;48d0dafb390b,"T5_Image_Classification_with_CNNs(1).pdf, page 8, chunk 6574cea52a35;Lecture 6(2).pdf, page 1, chunk b19af5581197;Lecture 6(2).pdf, page 30, chunk 486c9a0da9eb;Lecture 7(1).pdf, page 21, chunk 19030e40a0b2;Lecture 6(2).pdf, page 2, chunk 48d0dafb390b",ollama,qwen2.5:3b,5.90766983299909,2,841,106,"route={'in_scope': 'yes', 'question_type': 'unanswerable', 'lecture_topic': 'Image Preprocessing Techniques', 'search_query': 'COMP5541 Lectures 2-9 What image preprocessing is described in the training guide?'}",0.0,1.0,1,,,auto-score; manually sanity-check before final submission
E038,concept,L6,What image preprocessing is described in the training guide?,"Common image preprocessing subtracts a mean and divides by a standard deviation, often per channel.",Lecture 6 data preprocessing,subtract mean;divide std;per channel,no,answer,V3_retrieval_verifier,"The image preprocessing described in the training guide is scaling images from [0, 1] to [-1, 1] on a channel-wise basis.

Evidence:
[Evidence 1]
[Evidence 2]
[Evidence 5]",6574cea52a35;486c9a0da9eb;b19af5581197;19030e40a0b2;f9185a92fdc5,"T5_Image_Classification_with_CNNs(1).pdf, page 8, chunk 6574cea52a35;Lecture 6(2).pdf, page 30, chunk 486c9a0da9eb;Lecture 6(2).pdf, page 1, chunk b19af5581197;Lecture 7(1).pdf, page 21, chunk 19030e40a0b2;Lecture 6(2).pdf, page 63, chunk f9185a92fdc5",ollama,qwen2.5:3b,4.234938959001738,2,1384,88,draft_then_verifier_rejected_overcorrection,0.0,1.0,1,,,auto-score; manually sanity-check before final submission
E038,concept,L6,What image preprocessing is described in the training guide?,"Common image preprocessing subtracts a mean and divides by a standard deviation, often per channel.",Lecture 6 data preprocessing,subtract mean;divide std;per channel,no,answer,V4_full_router_retrieval_verifier,"The image preprocessing described in the training guide is scaling images from [0, 1] to [-1, 1] on a channel-wise basis.

Evidence:
[Evidence 1]
[Evidence 3]",6574cea52a35;b19af5581197;486c9a0da9eb;19030e40a0b2;48d0dafb390b,"T5_Image_Classification_with_CNNs(1).pdf, page 8, chunk 6574cea52a35;Lecture 6(2).pdf, page 1, chunk b19af5581197;Lecture 6(2).pdf, page 30, chunk 486c9a0da9eb;Lecture 7(1).pdf, page 21, chunk 19030e40a0b2;Lecture 6(2).pdf, page 2, chunk 48d0dafb390b",ollama,qwen2.5:3b,8.251919040998473,3,1707,152,"route={""in_scope"": ""yes"", ""question_type"": ""unanswerable"", ""lecture_topic"": ""Image Preprocessing Techniques"", ""search_query"": ""COMP5541 Lectures 2-9 What image preprocessing is described in the training guide?""}",0.0,1.0,1,,,auto-score; manually sanity-check before final submission
E038,concept,L6,What image preprocessing is described in the training guide?,"Common image preprocessing subtracts a mean and divides by a standard deviation, often per channel.",Lecture 6 data preprocessing,subtract mean;divide std;per channel,no,answer,A1_full_without_router,"The image preprocessing described in the training guide is scaling images from [0, 1] to [-1, 1] on a channel-wise basis.

Evidence:
[Evidence 1]
[Evidence 3]",6574cea52a35;b19af5581197;486c9a0da9eb;19030e40a0b2;48d0dafb390b,"T5_Image_Classification_with_CNNs(1).pdf, page 8, chunk 6574cea52a35;Lecture 6(2).pdf, page 1, chunk b19af5581197;Lecture 6(2).pdf, page 30, chunk 486c9a0da9eb;Lecture 7(1).pdf, page 21, chunk 19030e40a0b2;Lecture 6(2).pdf, page 2, chunk 48d0dafb390b",ollama,qwen2.5:3b,4.101797082999838,2,1546,85,"route={""in_scope"": ""yes"", ""question_type"": ""concept"", ""lecture_topic"": ""COMP5541 Lectures 2-9"", ""search_query"": ""COMP5541 Lectures 2-9 What image preprocessing is described in the training guide?""}",0.0,1.0,1,,,auto-score; manually sanity-check before final submission
E038,concept,L6,What image preprocessing is described in the training guide?,"Common image preprocessing subtracts a mean and divides by a standard deviation, often per channel.",Lecture 6 data preprocessing,subtract mean;divide std;per channel,no,answer,A2_full_without_verifier,"The image preprocessing described in the training guide is scaling images from [0, 1] to [-1, 1] on a channel-wise basis.

Evidence:
[Evidence 1]
[Evidence 3]",6574cea52a35;b19af5581197;486c9a0da9eb;19030e40a0b2;48d0dafb390b,"T5_Image_Classification_with_CNNs(1).pdf, page 8, chunk 6574cea52a35;Lecture 6(2).pdf, page 1, chunk b19af5581197;Lecture 6(2).pdf, page 30, chunk 486c9a0da9eb;Lecture 7(1).pdf, page 21, chunk 19030e40a0b2;Lecture 6(2).pdf, page 2, chunk 48d0dafb390b",ollama,qwen2.5:3b,5.90766983299909,2,841,106,"route={""in_scope"": ""yes"", ""question_type"": ""unanswerable"", ""lecture_topic"": ""Image Preprocessing Techniques"", ""search_query"": ""COMP5541 Lectures 2-9 What image preprocessing is described in the training guide?""}",0.0,1.0,1,,,auto-score; manually sanity-check before final submission
E038,concept,L6,What image preprocessing is described in the training guide?,"Common image preprocessing subtracts a mean and divides by a standard deviation, often per channel.",Lecture 6 data preprocessing,subtract mean;divide std;per channel,no,answer,A3_full_topk2,"The image preprocessing described in the training guide is scaling images from [0, 1] to [-1, 1] on a channel-wise basis.

Evidence: 
[Evidence 1]
[Evidence 2]",6574cea52a35;b19af5581197,"T5_Image_Classification_with_CNNs(1).pdf, page 8, chunk 6574cea52a35;Lecture 6(2).pdf, page 1, chunk b19af5581197",ollama,qwen2.5:3b,7.003768751008465,3,1064,146,"route={""in_scope"": ""yes"", ""question_type"": ""unanswerable"", ""lecture_topic"": ""Image Preprocessing Techniques"", ""search_query"": ""COMP5541 Lectures 2-9 What image preprocessing is described in the training guide?""}",0.0,1.0,1,,,auto-score; manually sanity-check before final submission
E038,concept,L6,What image preprocessing is described in the training guide?,"Common image preprocessing subtracts a mean and divides by a standard deviation, often per channel.",Lecture 6 data preprocessing,subtract mean;divide std;per channel,no,answer,A4_full_without_calculation_guard,"The image preprocessing described in the training guide is scaling images from [0, 1] to [-1, 1] on a channel-wise basis.

Evidence:
[Evidence 1]
[Evidence 3]",6574cea52a35;b19af5581197;486c9a0da9eb;19030e40a0b2;48d0dafb390b,"T5_Image_Classification_with_CNNs(1).pdf, page 8, chunk 6574cea52a35;Lecture 6(2).pdf, page 1, chunk b19af5581197;Lecture 6(2).pdf, page 30, chunk 486c9a0da9eb;Lecture 7(1).pdf, page 21, chunk 19030e40a0b2;Lecture 6(2).pdf, page 2, chunk 48d0dafb390b",ollama,qwen2.5:3b,8.251919040998473,3,1707,152,"route={""in_scope"": ""yes"", ""question_type"": ""unanswerable"", ""lecture_topic"": ""Image Preprocessing Techniques"", ""search_query"": ""COMP5541 Lectures 2-9 What image preprocessing is described in the training guide?""}",0.0,1.0,1,,,auto-score; manually sanity-check before final submission
E039,comparison,L6,Why is horizontal flip often safer than upside-down augmentation for natural images?,"Horizontal flips often preserve image semantics, while upside-down images can change the data distribution or semantics.",Lecture 6 data augmentation,horizontal flip;semantics;upside-down;distribution,no,answer,V0_baseline_single_call,"Horizontal flip is often considered safer than upside-down augmentation for natural images because it preserves the spatial relationships between objects more accurately compared to flipping an image upside down. In many real-world scenarios, such as face recognition and object detection tasks, maintaining these relationships is crucial for model performance (COMP5541-03). Upside-down transformations can lead to significant distortions that break these relationships, making it harder for models to recognize objects correctly. Horizontal flip, on the other hand, does not alter the relative positions of objects within an image, thus preserving more meaningful information for training purposes.",,,ollama,qwen2.5:3b,1.9250559159991096,1,100,175,,0.5,0.5,0,,,auto-score; manually sanity-check before final submission
E039,comparison,L6,Why is horizontal flip often safer than upside-down augmentation for natural images?,"Horizontal flips often preserve image semantics, while upside-down images can change the data distribution or semantics.",Lecture 6 data augmentation,horizontal flip;semantics;upside-down;distribution,no,answer,V1_retrieval_only,"Horizontal flip is often safer than upside-down augmentation for natural images because horizontal flips mirror an image along its vertical axis without altering the object's identity, which is particularly useful in scenarios where the object’s identity does not depend on its left-right orientation.

Key Course Terms:
- Data Augmentation

Mechanism:
- Horizontal Flips: Mirroring images along their vertical axes
- Upside-down Augmentation: Rotating images 180 degrees

Caveat:
- Object Identity Dependence: Horizontal flips preserve object identity, making them safer for datasets where the object's identity is not influenced by its orientation.

Evidence:
[Evidence 1], [Evidence 2]",f4ee56455fd4;9695697b4de7;1623b0dad05e;4955be0b9151;835950434e0c,"Lecture 6(2).pdf, page 40, chunk f4ee56455fd4;Lecture 6(2).pdf, page 36, chunk 9695697b4de7;Lecture 6(2).pdf, page 38, chunk 1623b0dad05e;Lecture 6(2).pdf, page 34, chunk 4955be0b9151;Lecture 6(2).pdf, page 42, chunk 835950434e0c",ollama,qwen2.5:3b,3.169102625004598,1,597,172,,0.5,1.0,1,,,auto-score; manually sanity-check before final submission
E039,comparison,L6,Why is horizontal flip often safer than upside-down augmentation for natural images?,"Horizontal flips often preserve image semantics, while upside-down images can change the data distribution or semantics.",Lecture 6 data augmentation,horizontal flip;semantics;upside-down;distribution,no,answer,V2_router_rewrite_retrieval,"Horizontal flip is often safer than upside-down augmentation for natural images because horizontal flips mirror an image along its vertical axis without altering object identity that depends on left-right orientation.

Key Course Terms: Data Augmentation, Horizontal Flip

Explanation:
The provided evidence indicates that horizontal flips are used in training sets to artificially expand the dataset by applying random but realistic transformations. They do not change the object's identity based on its left-right orientation, which is crucial for natural images where such orientation does not affect the image's meaning or classification.

Upside-down augmentation, on the other hand, would invert an image completely, potentially altering the object’s identity and making it harder to distinguish between different objects. This can lead to overfitting and poor generalization of models trained with such data augmentations.

Evidence: [Evidence 1], [Evidence 2]",f4ee56455fd4;9695697b4de7;1623b0dad05e;4955be0b9151;835950434e0c,"Lecture 6(2).pdf, page 40, chunk f4ee56455fd4;Lecture 6(2).pdf, page 36, chunk 9695697b4de7;Lecture 6(2).pdf, page 38, chunk 1623b0dad05e;Lecture 6(2).pdf, page 34, chunk 4955be0b9151;Lecture 6(2).pdf, page 42, chunk 835950434e0c",ollama,qwen2.5:3b,4.488405831998534,2,761,300,"route={'in_scope': 'yes', 'question_type': 'comparison', 'lecture_topic': 'image augmentation techniques and their effects on image quality', 'search_query': 'COMP5541 Lectures 2-9 Why is horizontal flip often safer than upside-down augmentation for natural images?'}",0.5,1.0,1,,,auto-score; manually sanity-check before final submission
E039,comparison,L6,Why is horizontal flip often safer than upside-down augmentation for natural images?,"Horizontal flips often preserve image semantics, while upside-down images can change the data distribution or semantics.",Lecture 6 data augmentation,horizontal flip;semantics;upside-down;distribution,no,answer,V3_retrieval_verifier,"The premise is incorrect: standard CNNs are not naturally invariant to a 180-degree rotation. Training on upside-down images can create a train-test distribution mismatch, so performance on normal test images can be hurt.

Evidence: Evidence 1; Evidence 2; Evidence 3",f4ee56455fd4;9695697b4de7;1623b0dad05e;4955be0b9151;835950434e0c,"Lecture 6(2).pdf, page 40, chunk f4ee56455fd4;Lecture 6(2).pdf, page 36, chunk 9695697b4de7;Lecture 6(2).pdf, page 38, chunk 1623b0dad05e;Lecture 6(2).pdf, page 34, chunk 4955be0b9151;Lecture 6(2).pdf, page 42, chunk 835950434e0c",ollama,qwen2.5:3b,3.169102625004598,1,597,172,draft_then_rule_guard,0.5,1.0,1,,,auto-score; manually sanity-check before final submission
E039,comparison,L6,Why is horizontal flip often safer than upside-down augmentation for natural images?,"Horizontal flips often preserve image semantics, while upside-down images can change the data distribution or semantics.",Lecture 6 data augmentation,horizontal flip;semantics;upside-down;distribution,no,answer,V4_full_router_retrieval_verifier,"The premise is incorrect: standard CNNs are not naturally invariant to a 180-degree rotation. Training on upside-down images can create a train-test distribution mismatch, so performance on normal test images can be hurt.

Evidence: Evidence 1; Evidence 2; Evidence 3",f4ee56455fd4;9695697b4de7;1623b0dad05e;4955be0b9151;835950434e0c,"Lecture 6(2).pdf, page 40, chunk f4ee56455fd4;Lecture 6(2).pdf, page 36, chunk 9695697b4de7;Lecture 6(2).pdf, page 38, chunk 1623b0dad05e;Lecture 6(2).pdf, page 34, chunk 4955be0b9151;Lecture 6(2).pdf, page 42, chunk 835950434e0c",ollama,qwen2.5:3b,4.488405831998534,2,761,300,"route={""in_scope"": ""yes"", ""question_type"": ""comparison"", ""lecture_topic"": ""image augmentation techniques and their effects on image quality"", ""search_query"": ""COMP5541 Lectures 2-9 Why is horizontal flip often safer than upside-down augmentation for natural images?""}",0.5,1.0,1,,,auto-score; manually sanity-check before final submission
E039,comparison,L6,Why is horizontal flip often safer than upside-down augmentation for natural images?,"Horizontal flips often preserve image semantics, while upside-down images can change the data distribution or semantics.",Lecture 6 data augmentation,horizontal flip;semantics;upside-down;distribution,no,answer,A1_full_without_router,"The premise is incorrect: standard CNNs are not naturally invariant to a 180-degree rotation. Training on upside-down images can create a train-test distribution mismatch, so performance on normal test images can be hurt.

Evidence: Evidence 1; Evidence 2; Evidence 3",f4ee56455fd4;9695697b4de7;1623b0dad05e;4955be0b9151;835950434e0c,"Lecture 6(2).pdf, page 40, chunk f4ee56455fd4;Lecture 6(2).pdf, page 36, chunk 9695697b4de7;Lecture 6(2).pdf, page 38, chunk 1623b0dad05e;Lecture 6(2).pdf, page 34, chunk 4955be0b9151;Lecture 6(2).pdf, page 42, chunk 835950434e0c",ollama,qwen2.5:3b,3.4702214159988216,1,597,241,"route={""in_scope"": ""yes"", ""question_type"": ""comparison"", ""lecture_topic"": ""COMP5541 Lectures 2-9"", ""search_query"": ""COMP5541 Lectures 2-9 Why is horizontal flip often safer than upside-down augmentation for natural images?""}",0.5,1.0,1,,,auto-score; manually sanity-check before final submission
E039,comparison,L6,Why is horizontal flip often safer than upside-down augmentation for natural images?,"Horizontal flips often preserve image semantics, while upside-down images can change the data distribution or semantics.",Lecture 6 data augmentation,horizontal flip;semantics;upside-down;distribution,no,answer,A2_full_without_verifier,"Horizontal flip is often safer than upside-down augmentation for natural images because horizontal flips mirror an image along its vertical axis without altering object identity that depends on left-right orientation.

Key Course Terms: Data Augmentation, Horizontal Flip

Explanation:
The provided evidence indicates that horizontal flips are used in training sets to artificially expand the dataset by applying random but realistic transformations. They do not change the object's identity based on its left-right orientation, which is crucial for natural images where such orientation does not affect the image's meaning or classification.

Upside-down augmentation, on the other hand, would invert an image completely, potentially altering the object’s identity and making it harder to distinguish between different objects. This can lead to overfitting and poor generalization of models trained with such data augmentations.

Evidence: [Evidence 1], [Evidence 2]",f4ee56455fd4;9695697b4de7;1623b0dad05e;4955be0b9151;835950434e0c,"Lecture 6(2).pdf, page 40, chunk f4ee56455fd4;Lecture 6(2).pdf, page 36, chunk 9695697b4de7;Lecture 6(2).pdf, page 38, chunk 1623b0dad05e;Lecture 6(2).pdf, page 34, chunk 4955be0b9151;Lecture 6(2).pdf, page 42, chunk 835950434e0c",ollama,qwen2.5:3b,4.488405831998534,2,761,300,"route={""in_scope"": ""yes"", ""question_type"": ""comparison"", ""lecture_topic"": ""image augmentation techniques and their effects on image quality"", ""search_query"": ""COMP5541 Lectures 2-9 Why is horizontal flip often safer than upside-down augmentation for natural images?""}",0.5,1.0,1,,,auto-score; manually sanity-check before final submission
E039,comparison,L6,Why is horizontal flip often safer than upside-down augmentation for natural images?,"Horizontal flips often preserve image semantics, while upside-down images can change the data distribution or semantics.",Lecture 6 data augmentation,horizontal flip;semantics;upside-down;distribution,no,answer,A3_full_topk2,"The premise is incorrect: standard CNNs are not naturally invariant to a 180-degree rotation. Training on upside-down images can create a train-test distribution mismatch, so performance on normal test images can be hurt.

Evidence: Evidence 1; Evidence 2",f4ee56455fd4;9695697b4de7,"Lecture 6(2).pdf, page 40, chunk f4ee56455fd4;Lecture 6(2).pdf, page 36, chunk 9695697b4de7",ollama,qwen2.5:3b,2.479705832000036,2,539,166,"route={""in_scope"": ""yes"", ""question_type"": ""comparison"", ""lecture_topic"": ""image augmentation techniques and their effects on image quality"", ""search_query"": ""COMP5541 Lectures 2-9 Why is horizontal flip often safer than upside-down augmentation for natural images?""}",0.5,1.0,1,,,auto-score; manually sanity-check before final submission
E039,comparison,L6,Why is horizontal flip often safer than upside-down augmentation for natural images?,"Horizontal flips often preserve image semantics, while upside-down images can change the data distribution or semantics.",Lecture 6 data augmentation,horizontal flip;semantics;upside-down;distribution,no,answer,A4_full_without_calculation_guard,"The premise is incorrect: standard CNNs are not naturally invariant to a 180-degree rotation. Training on upside-down images can create a train-test distribution mismatch, so performance on normal test images can be hurt.

Evidence: Evidence 1; Evidence 2; Evidence 3",f4ee56455fd4;9695697b4de7;1623b0dad05e;4955be0b9151;835950434e0c,"Lecture 6(2).pdf, page 40, chunk f4ee56455fd4;Lecture 6(2).pdf, page 36, chunk 9695697b4de7;Lecture 6(2).pdf, page 38, chunk 1623b0dad05e;Lecture 6(2).pdf, page 34, chunk 4955be0b9151;Lecture 6(2).pdf, page 42, chunk 835950434e0c",ollama,qwen2.5:3b,4.488405831998534,2,761,300,"route={""in_scope"": ""yes"", ""question_type"": ""comparison"", ""lecture_topic"": ""image augmentation techniques and their effects on image quality"", ""search_query"": ""COMP5541 Lectures 2-9 Why is horizontal flip often safer than upside-down augmentation for natural images?""}",0.5,1.0,1,,,auto-score; manually sanity-check before final submission
E040,concept,L6,What is Kaiming initialization mainly designed for?,Kaiming initialization is designed for networks using ReLU-like activations.,Lecture 6 weight initialization,Kaiming;ReLU,no,answer,V0_baseline_single_call,"Kaiming initialization is primarily designed to address the vanishing gradient problem in deep neural networks by ensuring that weights are initialized with values that maintain a stable learning rate across different layers. This technique, often referred to as He initialization for ReLU activations, sets the variance of the input distribution to each layer's output to be approximately constant during training. It is detailed in course evidence [1].",,,ollama,qwen2.5:3b,1.3363663749987609,1,92,113,,1.0,0.5,0,,,auto-score; manually sanity-check before final submission
E040,concept,L6,What is Kaiming initialization mainly designed for?,Kaiming initialization is designed for networks using ReLU-like activations.,Lecture 6 weight initialization,Kaiming;ReLU,no,answer,V1_retrieval_only,"Kaiming initialization is mainly designed to address the issue of vanishing gradients when using ReLU activation functions. This mechanism ensures that activations are nicely scaled for all layers, which helps prevent the problem of exploding and vanishing gradients.

Key Course Terms:
- Kaiming Initialization

Mechanism:
- For ReLU activation functions, Kaiming initialization scales the weights such that activations remain well-behaved across different layers.

Formula/Caveat:
- When using ReLU activation without zero mean, it's recommended to use Kaiming initialization. The scaling factor for Kaiming initialization is std = sqrt(2 / Din), where Din is the input dimension of a layer.

Evidence: [Evidence 1], [Evidence 2]",456c8ddf44e4;af1b5a45ee1b;93572fa3c07b;a946af77c274;914472df0509,"Lecture 6(2).pdf, page 51, chunk 456c8ddf44e4;Lecture 6(2).pdf, page 52, chunk af1b5a45ee1b;Lecture 6(2).pdf, page 79, chunk 93572fa3c07b;Lecture 6(2).pdf, page 46, chunk a946af77c274;Lecture 6(2).pdf, page 78, chunk 914472df0509",ollama,qwen2.5:3b,3.53018037500442,1,769,182,,1.0,1.0,1,,,auto-score; manually sanity-check before final submission
E040,concept,L6,What is Kaiming initialization mainly designed for?,Kaiming initialization is designed for networks using ReLU-like activations.,Lecture 6 weight initialization,Kaiming;ReLU,no,answer,V2_router_rewrite_retrieval,"Kaiming initialization is mainly designed for ReLU activation layers to prevent vanishing gradients. This mechanism ensures that activations are nicely scaled for all layers, as stated in Evidence [Evidence 1] and Evidence [Evidence 2].

Key Course Terms:
- Kaiming Initialization
- ReLU Activation

Caveat:
- It works well when using ReLU activation which does not have zero mean.

Formula/Caveat Needed For Full Credit:
- Kaiming initialization is recommended for ReLU activations to prevent exploding gradients and ensure stable training. The formula provided in Evidence [Evidence 1] suggests a scaling factor of std = sqrt(2 / Din) for all layers, including conv layers with filter size squared multiplied by input channels.

Evidence: [Evidence 1], [Evidence 2]",456c8ddf44e4;af1b5a45ee1b;48d0dafb390b;93572fa3c07b;a946af77c274,"Lecture 6(2).pdf, page 51, chunk 456c8ddf44e4;Lecture 6(2).pdf, page 52, chunk af1b5a45ee1b;Lecture 6(2).pdf, page 2, chunk 48d0dafb390b;Lecture 6(2).pdf, page 79, chunk 93572fa3c07b;Lecture 6(2).pdf, page 46, chunk a946af77c274",ollama,qwen2.5:3b,5.435032665998733,2,990,312,"route={'in_scope': 'yes', 'question_type': 'concept', 'lecture_topic': 'Initialization methods in neural networks', 'search_query': 'COMP5541 Lectures 2-9 What is Kaiming initialization mainly designed for?'}",1.0,1.0,1,,,auto-score; manually sanity-check before final submission
E040,concept,L6,What is Kaiming initialization mainly designed for?,Kaiming initialization is designed for networks using ReLU-like activations.,Lecture 6 weight initialization,Kaiming;ReLU,no,answer,V3_retrieval_verifier,"Kaiming initialization is mainly designed to address the issue of vanishing gradients when using ReLU activation functions. This mechanism ensures that activations are nicely scaled for all layers, which helps prevent the problem of exploding and vanishing gradients.

Key Course Terms:
- Kaiming Initialization

Mechanism:
- For ReLU activation functions, Kaiming initialization scales the weights such that activations remain well-behaved across different layers.

Formula/Caveat:
- When using ReLU activation without zero mean, it's recommended to use Kaiming initialization. The scaling factor for Kaiming initialization is std = sqrt(2 / Din), where Din is the input dimension of a layer.

Evidence: [Evidence 1], [Evidence 2]",456c8ddf44e4;af1b5a45ee1b;93572fa3c07b;a946af77c274;914472df0509,"Lecture 6(2).pdf, page 51, chunk 456c8ddf44e4;Lecture 6(2).pdf, page 52, chunk af1b5a45ee1b;Lecture 6(2).pdf, page 79, chunk 93572fa3c07b;Lecture 6(2).pdf, page 46, chunk a946af77c274;Lecture 6(2).pdf, page 78, chunk 914472df0509",ollama,qwen2.5:3b,7.744970042003842,2,1860,371,draft_then_verifier_rejected_overcorrection,1.0,1.0,1,,,auto-score; manually sanity-check before final submission
E040,concept,L6,What is Kaiming initialization mainly designed for?,Kaiming initialization is designed for networks using ReLU-like activations.,Lecture 6 weight initialization,Kaiming;ReLU,no,answer,V4_full_router_retrieval_verifier,"Kaiming initialization is mainly designed for ReLU activation layers to prevent vanishing gradients. This mechanism ensures that activations are nicely scaled for all layers, as stated in Evidence [Evidence 1] and Evidence [Evidence 2].

Key Course Terms:
- Kaiming Initialization
- ReLU Activation

Caveat:
- It works well when using ReLU activation which does not have zero mean.

Formula/Caveat Needed For Full Credit:
- Kaiming initialization is recommended for ReLU activations to prevent exploding gradients and ensure stable training. The formula provided in Evidence [Evidence 1] suggests a scaling factor of std = sqrt(2 / Din) for all layers, including conv layers with filter size squared multiplied by input channels.

Evidence: [Evidence 1], [Evidence 2]",456c8ddf44e4;af1b5a45ee1b;48d0dafb390b;93572fa3c07b;a946af77c274,"Lecture 6(2).pdf, page 51, chunk 456c8ddf44e4;Lecture 6(2).pdf, page 52, chunk af1b5a45ee1b;Lecture 6(2).pdf, page 2, chunk 48d0dafb390b;Lecture 6(2).pdf, page 79, chunk 93572fa3c07b;Lecture 6(2).pdf, page 46, chunk a946af77c274",ollama,qwen2.5:3b,9.847433374001412,3,2160,505,"route={""in_scope"": ""yes"", ""question_type"": ""concept"", ""lecture_topic"": ""Initialization methods in neural networks"", ""search_query"": ""COMP5541 Lectures 2-9 What is Kaiming initialization mainly designed for?""}",1.0,1.0,1,,,auto-score; manually sanity-check before final submission
E040,concept,L6,What is Kaiming initialization mainly designed for?,Kaiming initialization is designed for networks using ReLU-like activations.,Lecture 6 weight initialization,Kaiming;ReLU,no,answer,A1_full_without_router,"Kaiming initialization is mainly designed for ReLU activation layers to prevent vanishing gradients. This mechanism ensures that activations are nicely scaled for all layers, as stated in Evidence [Evidence 1] and Evidence [Evidence 2].

Key Course Terms:
- Kaiming Initialization
- ReLU Activation

Caveat:
- It works well when using ReLU activation which does not have zero mean.

Formula/Caveat Needed For Full Credit:
- Kaiming initialization is recommended for ReLU activations to prevent exploding gradients and ensure stable training. The formula provided in Evidence [Evidence 1] suggests a scaling factor of std = sqrt(2 / Din) for all layers, including conv layers with filter size squared multiplied by input channels.

Evidence: [Evidence 1], [Evidence 2]",456c8ddf44e4;af1b5a45ee1b;48d0dafb390b;93572fa3c07b;a946af77c274,"Lecture 6(2).pdf, page 51, chunk 456c8ddf44e4;Lecture 6(2).pdf, page 52, chunk af1b5a45ee1b;Lecture 6(2).pdf, page 2, chunk 48d0dafb390b;Lecture 6(2).pdf, page 79, chunk 93572fa3c07b;Lecture 6(2).pdf, page 46, chunk a946af77c274",ollama,qwen2.5:3b,8.144872290999047,2,1999,384,"route={""in_scope"": ""yes"", ""question_type"": ""concept"", ""lecture_topic"": ""COMP5541 Lectures 2-9"", ""search_query"": ""COMP5541 Lectures 2-9 What is Kaiming initialization mainly designed for?""}",1.0,1.0,1,,,auto-score; manually sanity-check before final submission
E040,concept,L6,What is Kaiming initialization mainly designed for?,Kaiming initialization is designed for networks using ReLU-like activations.,Lecture 6 weight initialization,Kaiming;ReLU,no,answer,A2_full_without_verifier,"Kaiming initialization is mainly designed for ReLU activation layers to prevent vanishing gradients. This mechanism ensures that activations are nicely scaled for all layers, as stated in Evidence [Evidence 1] and Evidence [Evidence 2].

Key Course Terms:
- Kaiming Initialization
- ReLU Activation

Caveat:
- It works well when using ReLU activation which does not have zero mean.

Formula/Caveat Needed For Full Credit:
- Kaiming initialization is recommended for ReLU activations to prevent exploding gradients and ensure stable training. The formula provided in Evidence [Evidence 1] suggests a scaling factor of std = sqrt(2 / Din) for all layers, including conv layers with filter size squared multiplied by input channels.

Evidence: [Evidence 1], [Evidence 2]",456c8ddf44e4;af1b5a45ee1b;48d0dafb390b;93572fa3c07b;a946af77c274,"Lecture 6(2).pdf, page 51, chunk 456c8ddf44e4;Lecture 6(2).pdf, page 52, chunk af1b5a45ee1b;Lecture 6(2).pdf, page 2, chunk 48d0dafb390b;Lecture 6(2).pdf, page 79, chunk 93572fa3c07b;Lecture 6(2).pdf, page 46, chunk a946af77c274",ollama,qwen2.5:3b,5.435032665998733,2,990,312,"route={""in_scope"": ""yes"", ""question_type"": ""concept"", ""lecture_topic"": ""Initialization methods in neural networks"", ""search_query"": ""COMP5541 Lectures 2-9 What is Kaiming initialization mainly designed for?""}",1.0,1.0,1,,,auto-score; manually sanity-check before final submission
E040,concept,L6,What is Kaiming initialization mainly designed for?,Kaiming initialization is designed for networks using ReLU-like activations.,Lecture 6 weight initialization,Kaiming;ReLU,no,answer,A3_full_topk2,"Direct Answer: Kaiming initialization is mainly designed for initializing weights in layers with ReLU activation functions to prevent vanishing gradients.

Key Course Terms:
ReLU (Rectified Linear Unit)

Mechanism:
Kaiming initialization scales the standard deviation of the input data to the layer, ensuring that activations are std = sqrt(2 / Din) where Din is the number of inputs. This helps in maintaining a balance between the variance of weights and outputs, thereby mitigating the issue of vanishing gradients.

Formula:
Not applicable for this question as it deals with initialization strategy rather than a calculation formula.

Caveat:
For activations that are roughly zero-centered like tanh, Xavier initialization is recommended; however, when using ReLU activation which does not have zero mean, Kaiming initialization is suggested to maintain gradient flow and prevent vanishing gradients.

Evidence: [Evidence 1], [Evidence 2]",456c8ddf44e4;af1b5a45ee1b,"Lecture 6(2).pdf, page 51, chunk 456c8ddf44e4;Lecture 6(2).pdf, page 52, chunk af1b5a45ee1b",ollama,qwen2.5:3b,9.533685416005028,3,1425,600,"route={""in_scope"": ""yes"", ""question_type"": ""concept"", ""lecture_topic"": ""Initialization methods in neural networks"", ""search_query"": ""COMP5541 Lectures 2-9 What is Kaiming initialization mainly designed for?""}",1.0,1.0,1,,,auto-score; manually sanity-check before final submission
E040,concept,L6,What is Kaiming initialization mainly designed for?,Kaiming initialization is designed for networks using ReLU-like activations.,Lecture 6 weight initialization,Kaiming;ReLU,no,answer,A4_full_without_calculation_guard,"Kaiming initialization is mainly designed for ReLU activation layers to prevent vanishing gradients. This mechanism ensures that activations are nicely scaled for all layers, as stated in Evidence [Evidence 1] and Evidence [Evidence 2].

Key Course Terms:
- Kaiming Initialization
- ReLU Activation

Caveat:
- It works well when using ReLU activation which does not have zero mean.

Formula/Caveat Needed For Full Credit:
- Kaiming initialization is recommended for ReLU activations to prevent exploding gradients and ensure stable training. The formula provided in Evidence [Evidence 1] suggests a scaling factor of std = sqrt(2 / Din) for all layers, including conv layers with filter size squared multiplied by input channels.

Evidence: [Evidence 1], [Evidence 2]",456c8ddf44e4;af1b5a45ee1b;48d0dafb390b;93572fa3c07b;a946af77c274,"Lecture 6(2).pdf, page 51, chunk 456c8ddf44e4;Lecture 6(2).pdf, page 52, chunk af1b5a45ee1b;Lecture 6(2).pdf, page 2, chunk 48d0dafb390b;Lecture 6(2).pdf, page 79, chunk 93572fa3c07b;Lecture 6(2).pdf, page 46, chunk a946af77c274",ollama,qwen2.5:3b,9.847433374001412,3,2160,505,"route={""in_scope"": ""yes"", ""question_type"": ""concept"", ""lecture_topic"": ""Initialization methods in neural networks"", ""search_query"": ""COMP5541 Lectures 2-9 What is Kaiming initialization mainly designed for?""}",1.0,1.0,1,,,auto-score; manually sanity-check before final submission
E041,concept,L6,What can happen if the learning rate is too large?,"Training can become unstable, overshoot good solutions, or fail to converge.",Lecture 6 learning rate,too large;unstable;overshoot;fail to converge,no,answer,V0_baseline_single_call,"If the learning rate is too large, it can cause the optimization algorithm to overshoot the minimum of the cost function during gradient descent. This results in the model's weights fluctuating widely and potentially failing to converge to an optimal solution, or even diverging to infinity if the step size is sufficiently large (Thevenet et al., 2017).",,,ollama,qwen2.5:3b,1.2476996250006778,1,91,88,,1.0,0.5,0,,,auto-score; manually sanity-check before final submission
E041,concept,L6,What can happen if the learning rate is too large?,"Training can become unstable, overshoot good solutions, or fail to converge.",Lecture 6 learning rate,too large;unstable;overshoot;fail to converge,no,answer,V1_retrieval_only,"What can happen if the learning rate is too large?:
- Overshooting: The model may move away from the optimal solution, potentially overshooting and causing instability.
- Stuck in suboptimal solutions: Training might get stuck in a local minimum that is not the global optimum.

Key Course Terms:
Learning Rate
Overshooting
Local Minimum

Evidence:
[Evidence 1]
[Evidence 2]
[Evidence 3]
[Evidence 4]
[Evidence 5]",3bf53de7574f;cf257da6290c;fce1bd9cd41f;5db87bea127f;4770592a51f1,"Lecture 6(2).pdf, page 58, chunk 3bf53de7574f;Lecture 6(2).pdf, page 54, chunk cf257da6290c;Lecture 6(2).pdf, page 56, chunk fce1bd9cd41f;Lecture 6(2).pdf, page 57, chunk 5db87bea127f;Lecture 6(2).pdf, page 53, chunk 4770592a51f1",ollama,qwen2.5:3b,2.7667195000030915,1,628,103,,0.5,1.0,1,,,auto-score; manually sanity-check before final submission
E041,concept,L6,What can happen if the learning rate is too large?,"Training can become unstable, overshoot good solutions, or fail to converge.",Lecture 6 learning rate,too large;unstable;overshoot;fail to converge,no,answer,V2_router_rewrite_retrieval,"What can happen if the learning rate is too large?:
- Overshooting or causing instability.
- Slow learning and getting stuck in suboptimal solutions.

Key Course Terms:
Learning Rate Overshooting Instability Suboptimal Solutions

Evidence: 
[Evidence 1], [Evidence 2], [Evidence 3], [Evidence 4], [Evidence 5]",3bf53de7574f;fce1bd9cd41f;5db87bea127f;647cb3801605;cf257da6290c,"Lecture 6(2).pdf, page 58, chunk 3bf53de7574f;Lecture 6(2).pdf, page 56, chunk fce1bd9cd41f;Lecture 6(2).pdf, page 57, chunk 5db87bea127f;Lecture 6(2).pdf, page 62, chunk 647cb3801605;Lecture 6(2).pdf, page 54, chunk cf257da6290c",ollama,qwen2.5:3b,3.1631688329980534,2,874,126,"route={'in_scope': 'yes', 'question_type': 'calculation', 'lecture_topic': 'Gradient Descent and Optimization Algorithms', 'search_query': 'Lecture 6 learning rate scheduler What can happen if the learning rate is too large?'}",0.5,1.0,1,,,auto-score; manually sanity-check before final submission
E041,concept,L6,What can happen if the learning rate is too large?,"Training can become unstable, overshoot good solutions, or fail to converge.",Lecture 6 learning rate,too large;unstable;overshoot;fail to converge,no,answer,V3_retrieval_verifier,"What can happen if the learning rate is too large?:
- Overshooting: The model may move away from the optimal solution, potentially overshooting and causing instability.
- Stuck in suboptimal solutions: Training might get stuck in a local minimum that is not the global optimum.

Key Course Terms:
Learning Rate
Overshooting
Local Minimum

Evidence:
[Evidence 1]
[Evidence 2]
[Evidence 3]
[Evidence 4]
[Evidence 5]",3bf53de7574f;cf257da6290c;fce1bd9cd41f;5db87bea127f;4770592a51f1,"Lecture 6(2).pdf, page 58, chunk 3bf53de7574f;Lecture 6(2).pdf, page 54, chunk cf257da6290c;Lecture 6(2).pdf, page 56, chunk fce1bd9cd41f;Lecture 6(2).pdf, page 57, chunk 5db87bea127f;Lecture 6(2).pdf, page 53, chunk 4770592a51f1",ollama,qwen2.5:3b,5.264810166008829,2,1503,171,draft_then_verifier_rejected_overcorrection,0.5,1.0,1,,,auto-score; manually sanity-check before final submission
E041,concept,L6,What can happen if the learning rate is too large?,"Training can become unstable, overshoot good solutions, or fail to converge.",Lecture 6 learning rate,too large;unstable;overshoot;fail to converge,no,answer,V4_full_router_retrieval_verifier,"What can happen if the learning rate is too large?:
- Overshooting or causing instability.
- Slow learning and getting stuck in suboptimal solutions.

Key Course Terms:
Learning Rate Overshooting Instability Suboptimal Solutions

Evidence: 
[Evidence 1], [Evidence 2], [Evidence 3], [Evidence 4], [Evidence 5]",3bf53de7574f;fce1bd9cd41f;5db87bea127f;647cb3801605;cf257da6290c,"Lecture 6(2).pdf, page 58, chunk 3bf53de7574f;Lecture 6(2).pdf, page 56, chunk fce1bd9cd41f;Lecture 6(2).pdf, page 57, chunk 5db87bea127f;Lecture 6(2).pdf, page 62, chunk 647cb3801605;Lecture 6(2).pdf, page 54, chunk cf257da6290c",ollama,qwen2.5:3b,5.75745183300387,3,1818,196,"route={""in_scope"": ""yes"", ""question_type"": ""calculation"", ""lecture_topic"": ""Gradient Descent and Optimization Algorithms"", ""search_query"": ""Lecture 6 learning rate scheduler What can happen if the learning rate is too large?""}",0.5,1.0,1,,,auto-score; manually sanity-check before final submission
E041,concept,L6,What can happen if the learning rate is too large?,"Training can become unstable, overshoot good solutions, or fail to converge.",Lecture 6 learning rate,too large;unstable;overshoot;fail to converge,no,answer,A1_full_without_router,"What can happen if the learning rate is too large?:
- Overshooting or causing instability.
- Slow learning and getting stuck in suboptimal solutions.

Key Course Terms:
Learning Rate Overshooting Instability Suboptimal Solutions

Evidence: 
[Evidence 1], [Evidence 2], [Evidence 3], [Evidence 4], [Evidence 5]",3bf53de7574f;fce1bd9cd41f;5db87bea127f;647cb3801605;cf257da6290c,"Lecture 6(2).pdf, page 58, chunk 3bf53de7574f;Lecture 6(2).pdf, page 56, chunk fce1bd9cd41f;Lecture 6(2).pdf, page 57, chunk 5db87bea127f;Lecture 6(2).pdf, page 62, chunk 647cb3801605;Lecture 6(2).pdf, page 54, chunk cf257da6290c",ollama,qwen2.5:3b,4.722489833002328,2,1659,142,"route={""in_scope"": ""yes"", ""question_type"": ""concept"", ""lecture_topic"": ""Lecture 6 learning rate scheduler"", ""search_query"": ""Lecture 6 learning rate scheduler What can happen if the learning rate is too large?""}",0.5,1.0,1,,,auto-score; manually sanity-check before final submission
E041,concept,L6,What can happen if the learning rate is too large?,"Training can become unstable, overshoot good solutions, or fail to converge.",Lecture 6 learning rate,too large;unstable;overshoot;fail to converge,no,answer,A2_full_without_verifier,"What can happen if the learning rate is too large?:
- Overshooting or causing instability.
- Slow learning and getting stuck in suboptimal solutions.

Key Course Terms:
Learning Rate Overshooting Instability Suboptimal Solutions

Evidence: 
[Evidence 1], [Evidence 2], [Evidence 3], [Evidence 4], [Evidence 5]",3bf53de7574f;fce1bd9cd41f;5db87bea127f;647cb3801605;cf257da6290c,"Lecture 6(2).pdf, page 58, chunk 3bf53de7574f;Lecture 6(2).pdf, page 56, chunk fce1bd9cd41f;Lecture 6(2).pdf, page 57, chunk 5db87bea127f;Lecture 6(2).pdf, page 62, chunk 647cb3801605;Lecture 6(2).pdf, page 54, chunk cf257da6290c",ollama,qwen2.5:3b,3.1631688329980534,2,874,126,"route={""in_scope"": ""yes"", ""question_type"": ""calculation"", ""lecture_topic"": ""Gradient Descent and Optimization Algorithms"", ""search_query"": ""Lecture 6 learning rate scheduler What can happen if the learning rate is too large?""}",0.5,1.0,1,,,auto-score; manually sanity-check before final submission
E041,concept,L6,What can happen if the learning rate is too large?,"Training can become unstable, overshoot good solutions, or fail to converge.",Lecture 6 learning rate,too large;unstable;overshoot;fail to converge,no,answer,A3_full_topk2,"Direct Answer: If the learning rate is too large, it can cause the optimization algorithm to overshoot the minimum of the loss function during training. This results in oscillations around the optimal solution and may prevent convergence.

Key Course Terms:
- Learning Rate
- Convergence

Explanation:
The provided evidence discusses different methods for setting a learning rate, such as reducing it at fixed points or using cosine annealing. However, these methods do not directly address what happens if the learning rate is too large. The premise of the question assumes that overshooting and oscillations are consequences of an excessively high learning rate, which aligns with common understanding in optimization theory.

In practice, a learning rate that is too large can lead to the model's weights fluctuating widely during training, potentially causing the loss function to increase rather than decrease. This phenomenon is known as ""overshooting"" and can prevent the algorithm from converging to an optimal solution. The mechanism behind this issue involves the gradient descent step size being so large that it moves past the minimum of the loss surface, leading to instability in the optimization process.

Evidence:
[Evidence 1]
[Evidence 2]",3bf53de7574f;fce1bd9cd41f,"Lecture 6(2).pdf, page 58, chunk 3bf53de7574f;Lecture 6(2).pdf, page 56, chunk fce1bd9cd41f",ollama,qwen2.5:3b,9.39766941799826,3,1399,599,"route={""in_scope"": ""yes"", ""question_type"": ""calculation"", ""lecture_topic"": ""Gradient Descent and Optimization Algorithms"", ""search_query"": ""Lecture 6 learning rate scheduler What can happen if the learning rate is too large?""}",0.5,1.0,1,,,auto-score; manually sanity-check before final submission
E041,concept,L6,What can happen if the learning rate is too large?,"Training can become unstable, overshoot good solutions, or fail to converge.",Lecture 6 learning rate,too large;unstable;overshoot;fail to converge,no,answer,A4_full_without_calculation_guard,"What can happen if the learning rate is too large?:
- Overshooting or causing instability.
- Slow learning and getting stuck in suboptimal solutions.

Key Course Terms:
Learning Rate Overshooting Instability Suboptimal Solutions

Evidence: 
[Evidence 1], [Evidence 2], [Evidence 3], [Evidence 4], [Evidence 5]",3bf53de7574f;fce1bd9cd41f;5db87bea127f;647cb3801605;cf257da6290c,"Lecture 6(2).pdf, page 58, chunk 3bf53de7574f;Lecture 6(2).pdf, page 56, chunk fce1bd9cd41f;Lecture 6(2).pdf, page 57, chunk 5db87bea127f;Lecture 6(2).pdf, page 62, chunk 647cb3801605;Lecture 6(2).pdf, page 54, chunk cf257da6290c",ollama,qwen2.5:3b,5.75745183300387,3,1818,196,"route={""in_scope"": ""yes"", ""question_type"": ""calculation"", ""lecture_topic"": ""Gradient Descent and Optimization Algorithms"", ""search_query"": ""Lecture 6 learning rate scheduler What can happen if the learning rate is too large?""}",0.5,1.0,1,,,auto-score; manually sanity-check before final submission
E042,concept,L6,What is dropout used for?,Dropout randomly disables units during training as a regularization method to reduce overfitting.,Lecture 6 dropout regularization,randomly disables;training;regularization;overfitting,no,answer,V0_baseline_single_call,Dropout is a regularization technique used to prevent overfitting in neural networks by randomly setting a fraction of input units to 0 at each update during training time. This helps to reduce the co-adaptation of neurons [Evidence: COMP5541_3].,,,ollama,qwen2.5:3b,0.9690434580006696,1,85,61,,1.0,0.5,0,,,auto-score; manually sanity-check before final submission
E042,concept,L6,What is dropout used for?,Dropout randomly disables units during training as a regularization method to reduce overfitting.,Lecture 6 dropout regularization,randomly disables;training;regularization;overfitting,no,answer,V1_retrieval_only,"What is dropout used for?
- Dropout is used for regularization in neural networks (Evidence: [Evidence 1], [Evidence 2]).
- It works by training a large ensemble of models, each with its own binary mask applied to the network's parameters during training time. This results in an enormous number of possible masks (~10^82), which is impractical for computation but allows the model to learn redundant and distributed representations (Evidence: [Evidence 4]).
- Dropout also helps prevent overfitting by randomly setting some neurons to zero, forcing the network to learn multiple pathways through the data (Evidence: [Evidence 6]).

Evidence: [Evidence 1], [Evidence 2], [Evidence 3], [Evidence 4], [Evidence 5]",8a3b25d76790;16b9cd76a26a;19776bf38722;4bf6e1adeaf0;f872dfbf1a4e,"Lecture 6(2).pdf, page 68, chunk 8a3b25d76790;Lecture 6(2).pdf, page 70, chunk 16b9cd76a26a;Lecture 7(1).pdf, page 58, chunk 19776bf38722;Lecture 6(2).pdf, page 69, chunk 4bf6e1adeaf0;Lecture 6(2).pdf, page 66, chunk f872dfbf1a4e",ollama,qwen2.5:3b,3.593902499997057,1,595,177,,1.0,1.0,1,,,auto-score; manually sanity-check before final submission
E042,concept,L6,What is dropout used for?,Dropout randomly disables units during training as a regularization method to reduce overfitting.,Lecture 6 dropout regularization,randomly disables;training;regularization;overfitting,no,answer,V2_router_rewrite_retrieval,"What is dropout used for?
- Dropout is used for regularization in neural networks (Evidence: [Evidence 3], [Evidence 5]).
- It works by randomly setting some neurons to zero during the forward pass, which helps prevent overfitting (Evidence: [Evidence 5]).

Evidence: [Evidence 1], [Evidence 2], [Evidence 3], [Evidence 4], [Evidence 5]",8a3b25d76790;19776bf38722;16b9cd76a26a;4bf6e1adeaf0;f872dfbf1a4e,"Lecture 6(2).pdf, page 68, chunk 8a3b25d76790;Lecture 7(1).pdf, page 58, chunk 19776bf38722;Lecture 6(2).pdf, page 70, chunk 16b9cd76a26a;Lecture 6(2).pdf, page 69, chunk 4bf6e1adeaf0;Lecture 6(2).pdf, page 66, chunk f872dfbf1a4e",ollama,qwen2.5:3b,3.0315258329974317,2,744,131,"route={'in_scope': 'yes', 'question_type': 'concept', 'lecture_topic': 'Regularization Techniques in Neural Networks', 'search_query': 'Lecture 6 regularization dropout What is dropout used for?'}",0.5,1.0,1,,,auto-score; manually sanity-check before final submission
E042,concept,L6,What is dropout used for?,Dropout randomly disables units during training as a regularization method to reduce overfitting.,Lecture 6 dropout regularization,randomly disables;training;regularization;overfitting,no,answer,V3_retrieval_verifier,"What is dropout used for?
- Dropout is used for regularization in neural networks (Evidence: [Evidence 1], [Evidence 2]).
- It works by training a large ensemble of models, each with its own binary mask applied to the network's parameters during training time. This results in an enormous number of possible masks (~10^82), which is impractical for computation but allows the model to learn redundant and distributed representations (Evidence: [Evidence 4]).
- Dropout also helps prevent overfitting by randomly setting some neurons to zero, forcing the network to learn multiple pathways through the data (Evidence: [Evidence 6]).

Evidence: [Evidence 1], [Evidence 2], [Evidence 3], [Evidence 4], [Evidence 5]",8a3b25d76790;16b9cd76a26a;19776bf38722;4bf6e1adeaf0;f872dfbf1a4e,"Lecture 6(2).pdf, page 68, chunk 8a3b25d76790;Lecture 6(2).pdf, page 70, chunk 16b9cd76a26a;Lecture 7(1).pdf, page 58, chunk 19776bf38722;Lecture 6(2).pdf, page 69, chunk 4bf6e1adeaf0;Lecture 6(2).pdf, page 66, chunk f872dfbf1a4e",ollama,qwen2.5:3b,6.115796791993489,2,1505,252,draft_then_verifier_rejected_overcorrection,1.0,1.0,1,,,auto-score; manually sanity-check before final submission
E042,concept,L6,What is dropout used for?,Dropout randomly disables units during training as a regularization method to reduce overfitting.,Lecture 6 dropout regularization,randomly disables;training;regularization;overfitting,no,answer,V4_full_router_retrieval_verifier,"What is dropout used for?
- Dropout is used for regularization in neural networks (Evidence: [Evidence 3], [Evidence 5]).
- It works by randomly setting some neurons to zero during the forward pass, which helps prevent overfitting (Evidence: [Evidence 5]).

Evidence: [Evidence 1], [Evidence 2], [Evidence 3], [Evidence 4], [Evidence 5]",8a3b25d76790;19776bf38722;16b9cd76a26a;4bf6e1adeaf0;f872dfbf1a4e,"Lecture 6(2).pdf, page 68, chunk 8a3b25d76790;Lecture 7(1).pdf, page 58, chunk 19776bf38722;Lecture 6(2).pdf, page 70, chunk 16b9cd76a26a;Lecture 6(2).pdf, page 69, chunk 4bf6e1adeaf0;Lecture 6(2).pdf, page 66, chunk f872dfbf1a4e",ollama,qwen2.5:3b,5.385722416995122,3,1564,220,"route={""in_scope"": ""yes"", ""question_type"": ""concept"", ""lecture_topic"": ""Regularization Techniques in Neural Networks"", ""search_query"": ""Lecture 6 regularization dropout What is dropout used for?""}",0.5,1.0,1,,,auto-score; manually sanity-check before final submission
E042,concept,L6,What is dropout used for?,Dropout randomly disables units during training as a regularization method to reduce overfitting.,Lecture 6 dropout regularization,randomly disables;training;regularization;overfitting,no,answer,A1_full_without_router,"What is dropout used for?
- Dropout is used for regularization in neural networks (Evidence: [Evidence 3], [Evidence 5]).
- It works by randomly setting some neurons to zero during the forward pass, which helps prevent overfitting (Evidence: [Evidence 5]).

Evidence: [Evidence 1], [Evidence 2], [Evidence 3], [Evidence 4], [Evidence 5]",8a3b25d76790;19776bf38722;16b9cd76a26a;4bf6e1adeaf0;f872dfbf1a4e,"Lecture 6(2).pdf, page 68, chunk 8a3b25d76790;Lecture 7(1).pdf, page 58, chunk 19776bf38722;Lecture 6(2).pdf, page 70, chunk 16b9cd76a26a;Lecture 6(2).pdf, page 69, chunk 4bf6e1adeaf0;Lecture 6(2).pdf, page 66, chunk f872dfbf1a4e",ollama,qwen2.5:3b,4.538076207994891,2,1412,174,"route={""in_scope"": ""yes"", ""question_type"": ""concept"", ""lecture_topic"": ""Lecture 6 regularization dropout"", ""search_query"": ""Lecture 6 regularization dropout What is dropout used for?""}",0.5,1.0,1,,,auto-score; manually sanity-check before final submission
E042,concept,L6,What is dropout used for?,Dropout randomly disables units during training as a regularization method to reduce overfitting.,Lecture 6 dropout regularization,randomly disables;training;regularization;overfitting,no,answer,A2_full_without_verifier,"What is dropout used for?
- Dropout is used for regularization in neural networks (Evidence: [Evidence 3], [Evidence 5]).
- It works by randomly setting some neurons to zero during the forward pass, which helps prevent overfitting (Evidence: [Evidence 5]).

Evidence: [Evidence 1], [Evidence 2], [Evidence 3], [Evidence 4], [Evidence 5]",8a3b25d76790;19776bf38722;16b9cd76a26a;4bf6e1adeaf0;f872dfbf1a4e,"Lecture 6(2).pdf, page 68, chunk 8a3b25d76790;Lecture 7(1).pdf, page 58, chunk 19776bf38722;Lecture 6(2).pdf, page 70, chunk 16b9cd76a26a;Lecture 6(2).pdf, page 69, chunk 4bf6e1adeaf0;Lecture 6(2).pdf, page 66, chunk f872dfbf1a4e",ollama,qwen2.5:3b,3.0315258329974317,2,744,131,"route={""in_scope"": ""yes"", ""question_type"": ""concept"", ""lecture_topic"": ""Regularization Techniques in Neural Networks"", ""search_query"": ""Lecture 6 regularization dropout What is dropout used for?""}",0.5,1.0,1,,,auto-score; manually sanity-check before final submission
E042,concept,L6,What is dropout used for?,Dropout randomly disables units during training as a regularization method to reduce overfitting.,Lecture 6 dropout regularization,randomly disables;training;regularization;overfitting,no,answer,A3_full_topk2,"Dropout is used to prevent overfitting in neural networks by randomly setting a fraction of input units to 0 at each update during training time, which helps to prevent co-adaptation of neurons [Evidence: (1)].

Caveat:
- Dropout should be applied only when using dropout regularization. 
- It works particularly well with dense layers and not as effectively with recurrent neural networks (RNNs) where ""recurrent dropout"" is used across all time steps in a sequence to handle variable-length sequences without dependency across examples [Evidence: (2)].",8a3b25d76790;19776bf38722,"Lecture 6(2).pdf, page 68, chunk 8a3b25d76790;Lecture 7(1).pdf, page 58, chunk 19776bf38722",ollama,qwen2.5:3b,5.08384224999827,3,1134,247,"route={""in_scope"": ""yes"", ""question_type"": ""concept"", ""lecture_topic"": ""Regularization Techniques in Neural Networks"", ""search_query"": ""Lecture 6 regularization dropout What is dropout used for?""}",1.0,1.0,1,,,auto-score; manually sanity-check before final submission
E042,concept,L6,What is dropout used for?,Dropout randomly disables units during training as a regularization method to reduce overfitting.,Lecture 6 dropout regularization,randomly disables;training;regularization;overfitting,no,answer,A4_full_without_calculation_guard,"What is dropout used for?
- Dropout is used for regularization in neural networks (Evidence: [Evidence 3], [Evidence 5]).
- It works by randomly setting some neurons to zero during the forward pass, which helps prevent overfitting (Evidence: [Evidence 5]).

Evidence: [Evidence 1], [Evidence 2], [Evidence 3], [Evidence 4], [Evidence 5]",8a3b25d76790;19776bf38722;16b9cd76a26a;4bf6e1adeaf0;f872dfbf1a4e,"Lecture 6(2).pdf, page 68, chunk 8a3b25d76790;Lecture 7(1).pdf, page 58, chunk 19776bf38722;Lecture 6(2).pdf, page 70, chunk 16b9cd76a26a;Lecture 6(2).pdf, page 69, chunk 4bf6e1adeaf0;Lecture 6(2).pdf, page 66, chunk f872dfbf1a4e",ollama,qwen2.5:3b,5.385722416995122,3,1564,220,"route={""in_scope"": ""yes"", ""question_type"": ""concept"", ""lecture_topic"": ""Regularization Techniques in Neural Networks"", ""search_query"": ""Lecture 6 regularization dropout What is dropout used for?""}",0.5,1.0,1,,,auto-score; manually sanity-check before final submission
E043,concept,L6,Why should a model be able to overfit a very small dataset during sanity checking?,"If it cannot overfit a small dataset, there may be a bug in the data pipeline, model, loss, or optimizer setup.",Lecture 6 sanity checks,overfit small dataset;bug;pipeline,no,answer,V0_baseline_single_call,Not enough information in the provided course materials.,,,ollama,qwen2.5:3b,0.3355737919991952,1,99,14,,0.0,1.0,0,,,auto-score; manually sanity-check before final submission
E043,concept,L6,Why should a model be able to overfit a very small dataset during sanity checking?,"If it cannot overfit a small dataset, there may be a bug in the data pipeline, model, loss, or optimizer setup.",Lecture 6 sanity checks,overfit small dataset;bug;pipeline,no,answer,V1_retrieval_only,"Why should a model be able to overfit a very small dataset during sanity checking? A model should be able to overfit a very small dataset during sanity checking because it allows for the identification of issues such as bad initialization, inappropriate learning rate, or exploding loss. This process helps ensure that all components of the training pipeline are functioning correctly.

Key Course Terms: Sanity check, Overfitting
Evidence: [Evidence 1], [Evidence 2], [Evidence 3], [Evidence 4], [Evidence 5]",c61633010b1a;88a5041d54ae;1fc2c91a6e55;93572fa3c07b;49dafdab336c,"Lecture 6(2).pdf, page 82, chunk c61633010b1a;Lecture 6(2).pdf, page 81, chunk 88a5041d54ae;Lecture 6(2).pdf, page 86, chunk 1fc2c91a6e55;Lecture 6(2).pdf, page 79, chunk 93572fa3c07b;Lecture 6(2).pdf, page 80, chunk 49dafdab336c",ollama,qwen2.5:3b,3.069017666995933,1,762,127,,0.5,1.0,1,,,auto-score; manually sanity-check before final submission
E043,concept,L6,Why should a model be able to overfit a very small dataset during sanity checking?,"If it cannot overfit a small dataset, there may be a bug in the data pipeline, model, loss, or optimizer setup.",Lecture 6 sanity checks,overfit small dataset;bug;pipeline,no,answer,V2_router_rewrite_retrieval,"Why should a model be able to overfit a very small dataset during sanity checking? A model should be able to overfit a very small dataset during sanity checking because it allows for the identification of issues such as bad initialization, inappropriate learning rate, or exploding loss. This process helps ensure that all components of the training pipeline are functioning correctly.

Key Course Terms: Sanity check, Overfitting
Evidence: [Evidence 1], [Evidence 2], [Evidence 3], [Evidence 4], [Evidence 5]",c61633010b1a;88a5041d54ae;1fc2c91a6e55;93572fa3c07b;49dafdab336c,"Lecture 6(2).pdf, page 82, chunk c61633010b1a;Lecture 6(2).pdf, page 81, chunk 88a5041d54ae;Lecture 6(2).pdf, page 86, chunk 1fc2c91a6e55;Lecture 6(2).pdf, page 79, chunk 93572fa3c07b;Lecture 6(2).pdf, page 80, chunk 49dafdab336c",ollama,qwen2.5:3b,3.8162070010002935,2,925,171,"route={'in_scope': 'yes', 'question_type': 'false_premise', 'lecture_topic': 'sanity_checking_and_model_validation', 'search_query': 'COMP5541 Lectures 2-9 Why should a model be able to overfit a very small dataset during sanity checking?'}",0.5,1.0,1,,,auto-score; manually sanity-check before final submission
E043,concept,L6,Why should a model be able to overfit a very small dataset during sanity checking?,"If it cannot overfit a small dataset, there may be a bug in the data pipeline, model, loss, or optimizer setup.",Lecture 6 sanity checks,overfit small dataset;bug;pipeline,no,answer,V3_retrieval_verifier,"Why should a model be able to overfit a very small dataset during sanity checking? A model should be able to overfit a very small dataset during sanity checking because it allows for the identification of issues such as bad initialization, inappropriate learning rate, or exploding loss. This process helps ensure that all components of the training pipeline are functioning correctly.

Key Course Terms: Sanity check, Overfitting
Evidence: [Evidence 1], [Evidence 2], [Evidence 3], [Evidence 4], [Evidence 5]",c61633010b1a;88a5041d54ae;1fc2c91a6e55;93572fa3c07b;49dafdab336c,"Lecture 6(2).pdf, page 82, chunk c61633010b1a;Lecture 6(2).pdf, page 81, chunk 88a5041d54ae;Lecture 6(2).pdf, page 86, chunk 1fc2c91a6e55;Lecture 6(2).pdf, page 79, chunk 93572fa3c07b;Lecture 6(2).pdf, page 80, chunk 49dafdab336c",ollama,qwen2.5:3b,6.1609422089968575,2,1798,221,draft_then_verifier_rejected_overcorrection,0.5,1.0,1,,,auto-score; manually sanity-check before final submission
E043,concept,L6,Why should a model be able to overfit a very small dataset during sanity checking?,"If it cannot overfit a small dataset, there may be a bug in the data pipeline, model, loss, or optimizer setup.",Lecture 6 sanity checks,overfit small dataset;bug;pipeline,no,answer,V4_full_router_retrieval_verifier,"The premise is incorrect: A model should not be able to overfit a very small dataset during sanity checking because this practice can lead to issues like bad initialization, inappropriate learning rate, or exploding loss.

Evidence: [Evidence 1], [Evidence 2], [Evidence 3], [Evidence 4], [Evidence 5]",c61633010b1a;88a5041d54ae;1fc2c91a6e55;93572fa3c07b;49dafdab336c,"Lecture 6(2).pdf, page 82, chunk c61633010b1a;Lecture 6(2).pdf, page 81, chunk 88a5041d54ae;Lecture 6(2).pdf, page 86, chunk 1fc2c91a6e55;Lecture 6(2).pdf, page 79, chunk 93572fa3c07b;Lecture 6(2).pdf, page 80, chunk 49dafdab336c",ollama,qwen2.5:3b,6.505144625996763,3,1920,246,"route={""in_scope"": ""yes"", ""question_type"": ""false_premise"", ""lecture_topic"": ""sanity_checking_and_model_validation"", ""search_query"": ""COMP5541 Lectures 2-9 Why should a model be able to overfit a very small dataset during sanity checking?""}",0.0,1.0,1,,,auto-score; manually sanity-check before final submission
E043,concept,L6,Why should a model be able to overfit a very small dataset during sanity checking?,"If it cannot overfit a small dataset, there may be a bug in the data pipeline, model, loss, or optimizer setup.",Lecture 6 sanity checks,overfit small dataset;bug;pipeline,no,answer,A1_full_without_router,"Why should a model be able to overfit a very small dataset during sanity checking? A model should be able to overfit a very small dataset during sanity checking because it allows for the identification of issues such as bad initialization, inappropriate learning rate, or exploding loss. This process helps ensure that all components of the training pipeline are functioning correctly.

Key Course Terms: Sanity check, Overfitting
Evidence: [Evidence 1], [Evidence 2], [Evidence 3], [Evidence 4], [Evidence 5]",c61633010b1a;88a5041d54ae;1fc2c91a6e55;93572fa3c07b;49dafdab336c,"Lecture 6(2).pdf, page 82, chunk c61633010b1a;Lecture 6(2).pdf, page 81, chunk 88a5041d54ae;Lecture 6(2).pdf, page 86, chunk 1fc2c91a6e55;Lecture 6(2).pdf, page 79, chunk 93572fa3c07b;Lecture 6(2).pdf, page 80, chunk 49dafdab336c",ollama,qwen2.5:3b,5.861224209002103,2,1798,221,"route={""in_scope"": ""yes"", ""question_type"": ""comparison"", ""lecture_topic"": ""COMP5541 Lectures 2-9"", ""search_query"": ""COMP5541 Lectures 2-9 Why should a model be able to overfit a very small dataset during sanity checking?""}",0.5,1.0,1,,,auto-score; manually sanity-check before final submission
E043,concept,L6,Why should a model be able to overfit a very small dataset during sanity checking?,"If it cannot overfit a small dataset, there may be a bug in the data pipeline, model, loss, or optimizer setup.",Lecture 6 sanity checks,overfit small dataset;bug;pipeline,no,answer,A2_full_without_verifier,"Why should a model be able to overfit a very small dataset during sanity checking? A model should be able to overfit a very small dataset during sanity checking because it allows for the identification of issues such as bad initialization, inappropriate learning rate, or exploding loss. This process helps ensure that all components of the training pipeline are functioning correctly.

Key Course Terms: Sanity check, Overfitting
Evidence: [Evidence 1], [Evidence 2], [Evidence 3], [Evidence 4], [Evidence 5]",c61633010b1a;88a5041d54ae;1fc2c91a6e55;93572fa3c07b;49dafdab336c,"Lecture 6(2).pdf, page 82, chunk c61633010b1a;Lecture 6(2).pdf, page 81, chunk 88a5041d54ae;Lecture 6(2).pdf, page 86, chunk 1fc2c91a6e55;Lecture 6(2).pdf, page 79, chunk 93572fa3c07b;Lecture 6(2).pdf, page 80, chunk 49dafdab336c",ollama,qwen2.5:3b,3.8162070010002935,2,925,171,"route={""in_scope"": ""yes"", ""question_type"": ""false_premise"", ""lecture_topic"": ""sanity_checking_and_model_validation"", ""search_query"": ""COMP5541 Lectures 2-9 Why should a model be able to overfit a very small dataset during sanity checking?""}",0.5,1.0,1,,,auto-score; manually sanity-check before final submission
E043,concept,L6,Why should a model be able to overfit a very small dataset during sanity checking?,"If it cannot overfit a small dataset, there may be a bug in the data pipeline, model, loss, or optimizer setup.",Lecture 6 sanity checks,overfit small dataset;bug;pipeline,no,answer,A3_full_topk2,"The premise is incorrect: A model should be able to overfit a very small dataset during sanity checking because this helps in identifying the most suitable hyperparameters that can lead to better performance on unseen data.

Key Course Terms:
Sanity check, Overfitting

Explanation:
During the sanity check phase of choosing hyperparameters, overfitting a very small dataset is beneficial. This allows for quick identification of learning rates and other hyperparameters that might cause the model to fit the training data too closely, potentially leading to poor generalization on new, unseen data.

Evidence: [Evidence 1], [Evidence 2]",c61633010b1a;88a5041d54ae,"Lecture 6(2).pdf, page 82, chunk c61633010b1a;Lecture 6(2).pdf, page 81, chunk 88a5041d54ae",ollama,qwen2.5:3b,6.694846209000389,3,1247,359,"route={""in_scope"": ""yes"", ""question_type"": ""false_premise"", ""lecture_topic"": ""sanity_checking_and_model_validation"", ""search_query"": ""COMP5541 Lectures 2-9 Why should a model be able to overfit a very small dataset during sanity checking?""}",0.0,1.0,1,,,auto-score; manually sanity-check before final submission
E043,concept,L6,Why should a model be able to overfit a very small dataset during sanity checking?,"If it cannot overfit a small dataset, there may be a bug in the data pipeline, model, loss, or optimizer setup.",Lecture 6 sanity checks,overfit small dataset;bug;pipeline,no,answer,A4_full_without_calculation_guard,"The premise is incorrect: A model should not be able to overfit a very small dataset during sanity checking because this practice can lead to issues like bad initialization, inappropriate learning rate, or exploding loss.

Evidence: [Evidence 1], [Evidence 2], [Evidence 3], [Evidence 4], [Evidence 5]",c61633010b1a;88a5041d54ae;1fc2c91a6e55;93572fa3c07b;49dafdab336c,"Lecture 6(2).pdf, page 82, chunk c61633010b1a;Lecture 6(2).pdf, page 81, chunk 88a5041d54ae;Lecture 6(2).pdf, page 86, chunk 1fc2c91a6e55;Lecture 6(2).pdf, page 79, chunk 93572fa3c07b;Lecture 6(2).pdf, page 80, chunk 49dafdab336c",ollama,qwen2.5:3b,6.505144625996763,3,1920,246,"route={""in_scope"": ""yes"", ""question_type"": ""false_premise"", ""lecture_topic"": ""sanity_checking_and_model_validation"", ""search_query"": ""COMP5541 Lectures 2-9 Why should a model be able to overfit a very small dataset during sanity checking?""}",0.0,1.0,1,,,auto-score; manually sanity-check before final submission
E044,false_premise,L6,"Since the test set gives the most realistic performance, why should we tune the learning rate on the test set?",The premise is wrong. The test set should not be used for tuning; validation data should be used for hyperparameter selection.,Lecture 6 learning rate and evaluation protocol,premise is wrong;validation;test set;hyperparameter,yes,correct_premise,V0_baseline_single_call,Not enough information in the provided course materials.,,,ollama,qwen2.5:3b,0.338758042002155,1,106,14,,0.0,1.0,0,0,,auto-score; manually sanity-check before final submission
E044,false_premise,L6,"Since the test set gives the most realistic performance, why should we tune the learning rate on the test set?",The premise is wrong. The test set should not be used for tuning; validation data should be used for hyperparameter selection.,Lecture 6 learning rate and evaluation protocol,premise is wrong;validation;test set;hyperparameter,yes,correct_premise,V1_retrieval_only,"Since the test set gives the most realistic performance, we should not tune the learning rate on the test set. The key course terms are hyperparameters and training set-up.

The provided evidence indicates that choosing a good learning rate is crucial for model performance during training but it is best to use values suggested by state-of-the-art research papers rather than tuning them on the test set, which could lead to overfitting. Evidence 4 explicitly states that setting hyperparameters based solely on their performance on the training data (which would include a tuned learning rate) may not generalize well to new unseen data.

Test set is described as a holdout dataset in evidence 4, and it's recommended to avoid tuning hyperparameters like learning rates on this dataset. Evidence 5 further reinforces this by suggesting that selecting appropriate learning rate schedulers requires experimental efforts but emphasizes the importance of following suggested settings from research papers for practical use.

Therefore, we should not tune the learning rate on the test set as it would be inappropriate and could lead to suboptimal performance in real-world applications.

Evidence: 4, 5",3bf53de7574f;fce1bd9cd41f;5db87bea127f;f9380f4a4c9f;647cb3801605,"Lecture 6(2).pdf, page 58, chunk 3bf53de7574f;Lecture 6(2).pdf, page 56, chunk fce1bd9cd41f;Lecture 6(2).pdf, page 57, chunk 5db87bea127f;Lecture2-2026-COMP5541(1).pdf, page 23, chunk f9380f4a4c9f;Lecture 6(2).pdf, page 62, chunk 647cb3801605",ollama,qwen2.5:3b,4.844439915999828,1,739,300,,0.5,1.0,1,0,,auto-score; manually sanity-check before final submission
E044,false_premise,L6,"Since the test set gives the most realistic performance, why should we tune the learning rate on the test set?",The premise is wrong. The test set should not be used for tuning; validation data should be used for hyperparameter selection.,Lecture 6 learning rate and evaluation protocol,premise is wrong;validation;test set;hyperparameter,yes,correct_premise,V2_router_rewrite_retrieval,"Since the test set gives the most realistic performance, we should not tune the learning rate on the test set. The key course terms are training set-up and learning rate Step.

The provided evidence does not support tuning the learning rate on the test set. Instead, it emphasizes that learning rates should be tuned based on the training setup, which includes various methods such as step reductions (e.g., cosine annealing) and initial values. Evidence 4 specifically states that ""As learning rate is closely related to the training set-up (e.g., batch size), dataset, model architecture,"" suggesting that tuning should occur during training rather than using test data.

Therefore, the premise of tuning the learning rate on the test set is false based on the provided evidence. The appropriate setting for a learning rate can be determined by following state-of-the-art research papers and experimental settings as suggested in Evidence 4.

Evidence: [Evidence 1], [Evidence 2], [Evidence 3], [Evidence 4], [Evidence 5]",3bf53de7574f;fce1bd9cd41f;5db87bea127f;647cb3801605;4770592a51f1,"Lecture 6(2).pdf, page 58, chunk 3bf53de7574f;Lecture 6(2).pdf, page 56, chunk fce1bd9cd41f;Lecture 6(2).pdf, page 57, chunk 5db87bea127f;Lecture 6(2).pdf, page 62, chunk 647cb3801605;Lecture 6(2).pdf, page 53, chunk 4770592a51f1",ollama,qwen2.5:3b,5.343159083004139,2,855,298,"route={'in_scope': 'yes', 'question_type': 'false_premise', 'lecture_topic': 'model evaluation and selection', 'search_query': 'Lecture 6 learning rate scheduler Since the test set gives the most realistic performance, why should we tune the learning rate on the test set?'}",0.0,1.0,1,1,,auto-score; manually sanity-check before final submission
E044,false_premise,L6,"Since the test set gives the most realistic performance, why should we tune the learning rate on the test set?",The premise is wrong. The test set should not be used for tuning; validation data should be used for hyperparameter selection.,Lecture 6 learning rate and evaluation protocol,premise is wrong;validation;test set;hyperparameter,yes,correct_premise,V3_retrieval_verifier,"The premise is incorrect: the test set should not be used to tune learning rate or other hyperparameters. Validation data should be used for tuning, and the test set should be reserved for final evaluation.

Evidence: Evidence 1; Evidence 2; Evidence 3",3bf53de7574f;fce1bd9cd41f;5db87bea127f;f9380f4a4c9f;647cb3801605,"Lecture 6(2).pdf, page 58, chunk 3bf53de7574f;Lecture 6(2).pdf, page 56, chunk fce1bd9cd41f;Lecture 6(2).pdf, page 57, chunk 5db87bea127f;Lecture2-2026-COMP5541(1).pdf, page 23, chunk f9380f4a4c9f;Lecture 6(2).pdf, page 62, chunk 647cb3801605",ollama,qwen2.5:3b,4.844439915999828,1,739,300,draft_then_rule_guard,1.0,1.0,1,1,,auto-score; manually sanity-check before final submission
E044,false_premise,L6,"Since the test set gives the most realistic performance, why should we tune the learning rate on the test set?",The premise is wrong. The test set should not be used for tuning; validation data should be used for hyperparameter selection.,Lecture 6 learning rate and evaluation protocol,premise is wrong;validation;test set;hyperparameter,yes,correct_premise,V4_full_router_retrieval_verifier,"The premise is incorrect: the test set should not be used to tune learning rate or other hyperparameters. Validation data should be used for tuning, and the test set should be reserved for final evaluation.

Evidence: Evidence 1; Evidence 2; Evidence 3",3bf53de7574f;fce1bd9cd41f;5db87bea127f;647cb3801605;4770592a51f1,"Lecture 6(2).pdf, page 58, chunk 3bf53de7574f;Lecture 6(2).pdf, page 56, chunk fce1bd9cd41f;Lecture 6(2).pdf, page 57, chunk 5db87bea127f;Lecture 6(2).pdf, page 62, chunk 647cb3801605;Lecture 6(2).pdf, page 53, chunk 4770592a51f1",ollama,qwen2.5:3b,5.343159083004139,2,855,298,"route={""in_scope"": ""yes"", ""question_type"": ""false_premise"", ""lecture_topic"": ""model evaluation and selection"", ""search_query"": ""Lecture 6 learning rate scheduler Since the test set gives the most realistic performance, why should we tune the learning rate on the test set?""}",1.0,1.0,1,1,,auto-score; manually sanity-check before final submission
E044,false_premise,L6,"Since the test set gives the most realistic performance, why should we tune the learning rate on the test set?",The premise is wrong. The test set should not be used for tuning; validation data should be used for hyperparameter selection.,Lecture 6 learning rate and evaluation protocol,premise is wrong;validation;test set;hyperparameter,yes,correct_premise,A1_full_without_router,"The premise is incorrect: the test set should not be used to tune learning rate or other hyperparameters. Validation data should be used for tuning, and the test set should be reserved for final evaluation.

Evidence: Evidence 1; Evidence 2; Evidence 3",3bf53de7574f;fce1bd9cd41f;5db87bea127f;647cb3801605;4770592a51f1,"Lecture 6(2).pdf, page 58, chunk 3bf53de7574f;Lecture 6(2).pdf, page 56, chunk fce1bd9cd41f;Lecture 6(2).pdf, page 57, chunk 5db87bea127f;Lecture 6(2).pdf, page 62, chunk 647cb3801605;Lecture 6(2).pdf, page 53, chunk 4770592a51f1",ollama,qwen2.5:3b,4.338570208004967,1,685,255,"route={""in_scope"": ""yes"", ""question_type"": ""false_premise"", ""lecture_topic"": ""Lecture 6 learning rate scheduler"", ""search_query"": ""Lecture 6 learning rate scheduler Since the test set gives the most realistic performance, why should we tune the learning rate on the test set?""}",1.0,1.0,1,1,,auto-score; manually sanity-check before final submission
E044,false_premise,L6,"Since the test set gives the most realistic performance, why should we tune the learning rate on the test set?",The premise is wrong. The test set should not be used for tuning; validation data should be used for hyperparameter selection.,Lecture 6 learning rate and evaluation protocol,premise is wrong;validation;test set;hyperparameter,yes,correct_premise,A2_full_without_verifier,"Since the test set gives the most realistic performance, we should not tune the learning rate on the test set. The key course terms are training set-up and learning rate Step.

The provided evidence does not support tuning the learning rate on the test set. Instead, it emphasizes that learning rates should be tuned based on the training setup, which includes various methods such as step reductions (e.g., cosine annealing) and initial values. Evidence 4 specifically states that ""As learning rate is closely related to the training set-up (e.g., batch size), dataset, model architecture,"" suggesting that tuning should occur during training rather than using test data.

Therefore, the premise of tuning the learning rate on the test set is false based on the provided evidence. The appropriate setting for a learning rate can be determined by following state-of-the-art research papers and experimental settings as suggested in Evidence 4.

Evidence: [Evidence 1], [Evidence 2], [Evidence 3], [Evidence 4], [Evidence 5]",3bf53de7574f;fce1bd9cd41f;5db87bea127f;647cb3801605;4770592a51f1,"Lecture 6(2).pdf, page 58, chunk 3bf53de7574f;Lecture 6(2).pdf, page 56, chunk fce1bd9cd41f;Lecture 6(2).pdf, page 57, chunk 5db87bea127f;Lecture 6(2).pdf, page 62, chunk 647cb3801605;Lecture 6(2).pdf, page 53, chunk 4770592a51f1",ollama,qwen2.5:3b,5.343159083004139,2,855,298,"route={""in_scope"": ""yes"", ""question_type"": ""false_premise"", ""lecture_topic"": ""model evaluation and selection"", ""search_query"": ""Lecture 6 learning rate scheduler Since the test set gives the most realistic performance, why should we tune the learning rate on the test set?""}",0.0,1.0,1,1,,auto-score; manually sanity-check before final submission
E044,false_premise,L6,"Since the test set gives the most realistic performance, why should we tune the learning rate on the test set?",The premise is wrong. The test set should not be used for tuning; validation data should be used for hyperparameter selection.,Lecture 6 learning rate and evaluation protocol,premise is wrong;validation;test set;hyperparameter,yes,correct_premise,A3_full_topk2,"The premise is incorrect: the test set should not be used to tune learning rate or other hyperparameters. Validation data should be used for tuning, and the test set should be reserved for final evaluation.

Evidence: Evidence 1; Evidence 2",3bf53de7574f;fce1bd9cd41f,"Lecture 6(2).pdf, page 58, chunk 3bf53de7574f;Lecture 6(2).pdf, page 56, chunk fce1bd9cd41f",ollama,qwen2.5:3b,2.773388249999698,2,576,183,"route={""in_scope"": ""yes"", ""question_type"": ""false_premise"", ""lecture_topic"": ""model evaluation and selection"", ""search_query"": ""Lecture 6 learning rate scheduler Since the test set gives the most realistic performance, why should we tune the learning rate on the test set?""}",1.0,1.0,1,1,,auto-score; manually sanity-check before final submission
E044,false_premise,L6,"Since the test set gives the most realistic performance, why should we tune the learning rate on the test set?",The premise is wrong. The test set should not be used for tuning; validation data should be used for hyperparameter selection.,Lecture 6 learning rate and evaluation protocol,premise is wrong;validation;test set;hyperparameter,yes,correct_premise,A4_full_without_calculation_guard,"The premise is incorrect: the test set should not be used to tune learning rate or other hyperparameters. Validation data should be used for tuning, and the test set should be reserved for final evaluation.

Evidence: Evidence 1; Evidence 2; Evidence 3",3bf53de7574f;fce1bd9cd41f;5db87bea127f;647cb3801605;4770592a51f1,"Lecture 6(2).pdf, page 58, chunk 3bf53de7574f;Lecture 6(2).pdf, page 56, chunk fce1bd9cd41f;Lecture 6(2).pdf, page 57, chunk 5db87bea127f;Lecture 6(2).pdf, page 62, chunk 647cb3801605;Lecture 6(2).pdf, page 53, chunk 4770592a51f1",ollama,qwen2.5:3b,5.343159083004139,2,855,298,"route={""in_scope"": ""yes"", ""question_type"": ""false_premise"", ""lecture_topic"": ""model evaluation and selection"", ""search_query"": ""Lecture 6 learning rate scheduler Since the test set gives the most realistic performance, why should we tune the learning rate on the test set?""}",1.0,1.0,1,1,,auto-score; manually sanity-check before final submission
E045,concept,L7,What are two key properties of sequential data discussed in Lecture 7?,Sequential data have variable sequence length and context dependence.,Lecture 7 sequential data,variable sequence length;context dependence,no,answer,V0_baseline_single_call,Not enough information in the provided course materials.,,,ollama,qwen2.5:3b,0.2911172500025714,1,96,14,,0.0,1.0,0,,,auto-score; manually sanity-check before final submission
E045,concept,L7,What are two key properties of sequential data discussed in Lecture 7?,Sequential data have variable sequence length and context dependence.,Lecture 7 sequential data,variable sequence length;context dependence,no,answer,V1_retrieval_only,"Key properties of sequential data discussed in Lecture 7 are:

- Variable sequence length: This property indicates that the number of elements or time steps in a sequence can vary. For example, speech text and financial data often have sequences with different lengths.
- Context dependence: This refers to how the meaning or value of an element in a sequence depends on its position relative to other elements. In the context of sequential data like bio-signals, this could mean that the interpretation of a signal at one point is influenced by signals from previous points.

Evidence:
[Evidence 1]
[Evidence 2]",85a8d65b84eb;13bef6c61104;ef09b58f618f;da19337472ea;e372d7d13d54,"Lecture 7(1).pdf, page 4, chunk 85a8d65b84eb;Lecture 7(1).pdf, page 3, chunk 13bef6c61104;Tutorial 1-Review on Linear Algebra.pdf, page 4, chunk ef09b58f618f;Tutorial 1-Review on Linear Algebra.pdf, page 5, chunk da19337472ea;Tutorial 1-Review on Linear Algebra.pdf, page 24, chunk e372d7d13d54",ollama,qwen2.5:3b,2.651858082994295,1,517,153,,1.0,1.0,1,,,auto-score; manually sanity-check before final submission
E045,concept,L7,What are two key properties of sequential data discussed in Lecture 7?,Sequential data have variable sequence length and context dependence.,Lecture 7 sequential data,variable sequence length;context dependence,no,answer,V2_router_rewrite_retrieval,"Key properties of sequential data discussed in Lecture 7 are:
- Variable sequence length (Evidence: [Evidence 2])
- Context dependence (Evidence: [Evidence 1])

Context dependence refers to the fact that the meaning or relevance of a piece of information can depend on its position within a sequence. For example, if someone says ""He went to the bank to get some cash and then he went to the bank to fish,"" the context in which these actions are related is crucial for understanding their relationship.

Variable sequence length means that different sequences may have varying lengths without losing meaning or relevance. In the given example, both instances of going to the bank could be considered as part of a single longer sequence about someone's day, but they can also stand alone if we consider them in isolation.

Evidence: [Evidence 1], [Evidence 2]",85a8d65b84eb;13bef6c61104;bbfe6e72d6ae;2291a5993c5a;16de32f3cae8,"Lecture 7(1).pdf, page 4, chunk 85a8d65b84eb;Lecture 7(1).pdf, page 3, chunk 13bef6c61104;Lecture 9 .pdf, page 1, chunk bbfe6e72d6ae;Lecture 4.pdf, page 1, chunk 2291a5993c5a;Lecture 8(2).pdf, page 1, chunk 16de32f3cae8",ollama,qwen2.5:3b,4.371598125999299,2,715,252,"route={'in_scope': 'yes', 'question_type': 'concept', 'lecture_topic': 'Lecture 7', 'search_query': 'COMP5541 Lectures 2-9 What are two key properties of sequential data discussed in Lecture 7?'}",1.0,1.0,1,,,auto-score; manually sanity-check before final submission
E045,concept,L7,What are two key properties of sequential data discussed in Lecture 7?,Sequential data have variable sequence length and context dependence.,Lecture 7 sequential data,variable sequence length;context dependence,no,answer,V3_retrieval_verifier,"Key properties of sequential data discussed in Lecture 7 are:

- Variable sequence length: This property indicates that the number of elements or time steps in a sequence can vary. For example, speech text and financial data often have sequences with different lengths.
- Context dependence: This refers to how the meaning or value of an element in a sequence depends on its position relative to other elements. In the context of sequential data like bio-signals, this could mean that the interpretation of a signal at one point is influenced by signals from previous points.

Evidence:
[Evidence 1]
[Evidence 2]",85a8d65b84eb;13bef6c61104;ef09b58f618f;da19337472ea;e372d7d13d54,"Lecture 7(1).pdf, page 4, chunk 85a8d65b84eb;Lecture 7(1).pdf, page 3, chunk 13bef6c61104;Tutorial 1-Review on Linear Algebra.pdf, page 4, chunk ef09b58f618f;Tutorial 1-Review on Linear Algebra.pdf, page 5, chunk da19337472ea;Tutorial 1-Review on Linear Algebra.pdf, page 24, chunk e372d7d13d54",ollama,qwen2.5:3b,5.949151791988697,2,1331,312,draft_then_verifier_rejected_overcorrection,1.0,1.0,1,,,auto-score; manually sanity-check before final submission
E045,concept,L7,What are two key properties of sequential data discussed in Lecture 7?,Sequential data have variable sequence length and context dependence.,Lecture 7 sequential data,variable sequence length;context dependence,no,answer,V4_full_router_retrieval_verifier,"Key properties of sequential data discussed in Lecture 7 are:
- Variable sequence length (Evidence: [Evidence 2])
- Context dependence (Evidence: [Evidence 1])

Context dependence refers to the fact that the meaning or relevance of a piece of information can depend on its position within a sequence. For example, if someone says ""He went to the bank to get some cash and then he went to the bank to fish,"" the context in which these actions are related is crucial for understanding their relationship.

Variable sequence length means that different sequences may have varying lengths without losing meaning or relevance. In the given example, both instances of going to the bank could be considered as part of a single longer sequence about someone's day, but they can also stand alone if we consider them in isolation.

Evidence: [Evidence 1], [Evidence 2]",85a8d65b84eb;13bef6c61104;bbfe6e72d6ae;2291a5993c5a;16de32f3cae8,"Lecture 7(1).pdf, page 4, chunk 85a8d65b84eb;Lecture 7(1).pdf, page 3, chunk 13bef6c61104;Lecture 9 .pdf, page 1, chunk bbfe6e72d6ae;Lecture 4.pdf, page 1, chunk 2291a5993c5a;Lecture 8(2).pdf, page 1, chunk 16de32f3cae8",ollama,qwen2.5:3b,7.660492917999363,3,1625,408,"route={""in_scope"": ""yes"", ""question_type"": ""concept"", ""lecture_topic"": ""Lecture 7"", ""search_query"": ""COMP5541 Lectures 2-9 What are two key properties of sequential data discussed in Lecture 7?""}",1.0,1.0,1,,,auto-score; manually sanity-check before final submission
E045,concept,L7,What are two key properties of sequential data discussed in Lecture 7?,Sequential data have variable sequence length and context dependence.,Lecture 7 sequential data,variable sequence length;context dependence,no,answer,A1_full_without_router,"Key properties of sequential data discussed in Lecture 7 are:
- Variable sequence length (Evidence: [Evidence 2])
- Context dependence (Evidence: [Evidence 1])

Context dependence refers to the fact that the meaning or relevance of a piece of information can depend on its position within a sequence. For example, if someone says ""He went to the bank to get some cash and then he went to the bank to fish,"" the context in which these actions are related is crucial for understanding their relationship.

Variable sequence length means that different sequences may have varying lengths without losing meaning or relevance. In the given example, both instances of going to the bank could be considered as part of a single longer sequence about someone's day, but they can also stand alone if we consider them in isolation.

Evidence: [Evidence 1], [Evidence 2]",85a8d65b84eb;13bef6c61104;bbfe6e72d6ae;2291a5993c5a;16de32f3cae8,"Lecture 7(1).pdf, page 4, chunk 85a8d65b84eb;Lecture 7(1).pdf, page 3, chunk 13bef6c61104;Lecture 9 .pdf, page 1, chunk bbfe6e72d6ae;Lecture 4.pdf, page 1, chunk 2291a5993c5a;Lecture 8(2).pdf, page 1, chunk 16de32f3cae8",ollama,qwen2.5:3b,7.963638834000449,2,1468,462,"route={""in_scope"": ""yes"", ""question_type"": ""concept"", ""lecture_topic"": ""COMP5541 Lectures 2-9"", ""search_query"": ""COMP5541 Lectures 2-9 What are two key properties of sequential data discussed in Lecture 7?""}",1.0,1.0,1,,,auto-score; manually sanity-check before final submission
E045,concept,L7,What are two key properties of sequential data discussed in Lecture 7?,Sequential data have variable sequence length and context dependence.,Lecture 7 sequential data,variable sequence length;context dependence,no,answer,A2_full_without_verifier,"Key properties of sequential data discussed in Lecture 7 are:
- Variable sequence length (Evidence: [Evidence 2])
- Context dependence (Evidence: [Evidence 1])

Context dependence refers to the fact that the meaning or relevance of a piece of information can depend on its position within a sequence. For example, if someone says ""He went to the bank to get some cash and then he went to the bank to fish,"" the context in which these actions are related is crucial for understanding their relationship.

Variable sequence length means that different sequences may have varying lengths without losing meaning or relevance. In the given example, both instances of going to the bank could be considered as part of a single longer sequence about someone's day, but they can also stand alone if we consider them in isolation.

Evidence: [Evidence 1], [Evidence 2]",85a8d65b84eb;13bef6c61104;bbfe6e72d6ae;2291a5993c5a;16de32f3cae8,"Lecture 7(1).pdf, page 4, chunk 85a8d65b84eb;Lecture 7(1).pdf, page 3, chunk 13bef6c61104;Lecture 9 .pdf, page 1, chunk bbfe6e72d6ae;Lecture 4.pdf, page 1, chunk 2291a5993c5a;Lecture 8(2).pdf, page 1, chunk 16de32f3cae8",ollama,qwen2.5:3b,4.371598125999299,2,715,252,"route={""in_scope"": ""yes"", ""question_type"": ""concept"", ""lecture_topic"": ""Lecture 7"", ""search_query"": ""COMP5541 Lectures 2-9 What are two key properties of sequential data discussed in Lecture 7?""}",1.0,1.0,1,,,auto-score; manually sanity-check before final submission
E045,concept,L7,What are two key properties of sequential data discussed in Lecture 7?,Sequential data have variable sequence length and context dependence.,Lecture 7 sequential data,variable sequence length;context dependence,no,answer,A3_full_topk2,"Key properties of sequential data discussed in Lecture 7 include:
- Context dependence (Lecture 7(1).pdf, page 4, chunk 85a8d65b84eb | score=0.1615)
- Variable sequence length (Lecture 7(1).pdf, page 3, chunk 13bef6c61104 | score=0.1592)

Evidence: [Evidence 1], [Evidence 2]",85a8d65b84eb;13bef6c61104,"Lecture 7(1).pdf, page 4, chunk 85a8d65b84eb;Lecture 7(1).pdf, page 3, chunk 13bef6c61104",ollama,qwen2.5:3b,4.888364208996791,3,1099,164,"route={""in_scope"": ""yes"", ""question_type"": ""concept"", ""lecture_topic"": ""Lecture 7"", ""search_query"": ""COMP5541 Lectures 2-9 What are two key properties of sequential data discussed in Lecture 7?""}",1.0,1.0,1,,,auto-score; manually sanity-check before final submission
E045,concept,L7,What are two key properties of sequential data discussed in Lecture 7?,Sequential data have variable sequence length and context dependence.,Lecture 7 sequential data,variable sequence length;context dependence,no,answer,A4_full_without_calculation_guard,"Key properties of sequential data discussed in Lecture 7 are:
- Variable sequence length (Evidence: [Evidence 2])
- Context dependence (Evidence: [Evidence 1])

Context dependence refers to the fact that the meaning or relevance of a piece of information can depend on its position within a sequence. For example, if someone says ""He went to the bank to get some cash and then he went to the bank to fish,"" the context in which these actions are related is crucial for understanding their relationship.

Variable sequence length means that different sequences may have varying lengths without losing meaning or relevance. In the given example, both instances of going to the bank could be considered as part of a single longer sequence about someone's day, but they can also stand alone if we consider them in isolation.

Evidence: [Evidence 1], [Evidence 2]",85a8d65b84eb;13bef6c61104;bbfe6e72d6ae;2291a5993c5a;16de32f3cae8,"Lecture 7(1).pdf, page 4, chunk 85a8d65b84eb;Lecture 7(1).pdf, page 3, chunk 13bef6c61104;Lecture 9 .pdf, page 1, chunk bbfe6e72d6ae;Lecture 4.pdf, page 1, chunk 2291a5993c5a;Lecture 8(2).pdf, page 1, chunk 16de32f3cae8",ollama,qwen2.5:3b,7.660492917999363,3,1625,408,"route={""in_scope"": ""yes"", ""question_type"": ""concept"", ""lecture_topic"": ""Lecture 7"", ""search_query"": ""COMP5541 Lectures 2-9 What are two key properties of sequential data discussed in Lecture 7?""}",1.0,1.0,1,,,auto-score; manually sanity-check before final submission
E046,concept,L7,What input does an RNN use at each time step?,At each time step an RNN uses the current input vector and the hidden state from the previous time step.,Lecture 7 RNN,current input;previous hidden state,no,answer,V0_baseline_single_call,"An RNN (Recurrent Neural Network) uses its internal state from the previous time step as input at each subsequent time step. This allows it to maintain a form of memory across different inputs, enabling it to process sequences or streams of data effectively.",,,ollama,qwen2.5:3b,0.932146457998897,1,90,64,,0.5,0.5,0,,,auto-score; manually sanity-check before final submission
E046,concept,L7,What input does an RNN use at each time step?,At each time step an RNN uses the current input vector and the hidden state from the previous time step.,Lecture 7 RNN,current input;previous hidden state,no,answer,V1_retrieval_only,"Direct Answer: An RNN uses the input vector at each time step.

Key Terms: Recurrent Neural Network (RNN), recurrence formula, time step

Explanation: The provided evidence indicates that in an RNN, a recurrence formula is applied at every time step. This means that for each time step t, the input vector 𝑥! and the previous state ℎ!−1 are used to compute the new state ℎ! using a function 𝑓"" with parameters W. Hence, the input vector at each time step is crucial for updating the internal state of the RNN.

Evidence: [Evidence 1], [Evidence 2]",ec60693a5da1;34c85479f2e8;17e20a051678;647e026f54e3;d75aa6706043,"Lecture 7(1).pdf, page 8, chunk ec60693a5da1;Lecture 7(1).pdf, page 18, chunk 34c85479f2e8;Lecture 7(1).pdf, page 29, chunk 17e20a051678;Lecture 7(1).pdf, page 30, chunk 647e026f54e3;Lecture 7(1).pdf, page 28, chunk d75aa6706043",ollama,qwen2.5:3b,3.3606030000009923,1,609,136,,0.5,1.0,1,,,auto-score; manually sanity-check before final submission
E046,concept,L7,What input does an RNN use at each time step?,At each time step an RNN uses the current input vector and the hidden state from the previous time step.,Lecture 7 RNN,current input;previous hidden state,no,answer,V2_router_rewrite_retrieval,"Direct Answer: An RNN uses the current data point from the sequence and the hidden state from the previous step as inputs at each time step.

Key Course Terms:
Recurrent Neural Network (RNN), internal state, hidden state

Explanation:
The provided evidence supports that an RNN processes a sequence of vectors by applying a recurrence formula at every time step. Specifically, Evidence [Evidence 3] states: ""Ø Recurrent Neural Network (RNN) Family: vanilla RNNs, LSTM, GRU, State-space model, Ø RNNs have an “internal state” that is updated as a sequence is processed At each time step, the RNN takes two inputs: the current data point from the sequence, and the hidden state from the previous step."" This directly indicates that at each time step, an RNN uses both the current input (data point) and the hidden state of the previous time step.",ec60693a5da1;9bafece4e6fe;d51e1f8f461c;34c85479f2e8;997dab2dd7fa,"Lecture 7(1).pdf, page 8, chunk ec60693a5da1;Lecture 9 .pdf, page 8, chunk 9bafece4e6fe;Lecture 7(1).pdf, page 7, chunk d51e1f8f461c;Lecture 7(1).pdf, page 18, chunk 34c85479f2e8;Lecture 7(1).pdf, page 10, chunk 997dab2dd7fa",ollama,qwen2.5:3b,5.011580208996747,2,804,261,"route={'in_scope': 'yes', 'question_type': 'concept', 'lecture_topic': 'Recurrent Neural Networks (RNN) and their operation mechanisms', 'search_query': 'Lecture 7 recurrent neural network What input does an RNN use at each time step?'}",1.0,1.0,1,,,auto-score; manually sanity-check before final submission
E046,concept,L7,What input does an RNN use at each time step?,At each time step an RNN uses the current input vector and the hidden state from the previous time step.,Lecture 7 RNN,current input;previous hidden state,no,answer,V3_retrieval_verifier,"Direct Answer: An RNN uses the input vector at each time step.

Key Terms: Recurrent Neural Network (RNN), recurrence formula, time step

Explanation: The provided evidence indicates that in an RNN, a recurrence formula is applied at every time step. This means that for each time step t, the input vector 𝑥! and the previous state ℎ!−1 are used to compute the new state ℎ! using a function 𝑓"" with parameters W. Hence, the input vector at each time step is crucial for updating the internal state of the RNN.

Evidence: [Evidence 1], [Evidence 2]",ec60693a5da1;34c85479f2e8;17e20a051678;647e026f54e3;d75aa6706043,"Lecture 7(1).pdf, page 8, chunk ec60693a5da1;Lecture 7(1).pdf, page 18, chunk 34c85479f2e8;Lecture 7(1).pdf, page 29, chunk 17e20a051678;Lecture 7(1).pdf, page 30, chunk 647e026f54e3;Lecture 7(1).pdf, page 28, chunk d75aa6706043",ollama,qwen2.5:3b,5.748276457998145,2,1499,181,draft_then_verifier_rejected_overcorrection,0.5,1.0,1,,,auto-score; manually sanity-check before final submission
E046,concept,L7,What input does an RNN use at each time step?,At each time step an RNN uses the current input vector and the hidden state from the previous time step.,Lecture 7 RNN,current input;previous hidden state,no,answer,V4_full_router_retrieval_verifier,"Direct Answer: An RNN uses the current data point from the sequence and the hidden state from the previous step as inputs at each time step.

Key Course Terms:
Recurrent Neural Network (RNN), internal state, hidden state

Explanation:
The provided evidence supports that an RNN processes a sequence of vectors by applying a recurrence formula at every time step. Specifically, Evidence [Evidence 3] states: ""Ø Recurrent Neural Network (RNN) Family: vanilla RNNs, LSTM, GRU, State-space model, Ø RNNs have an “internal state” that is updated as a sequence is processed At each time step, the RNN takes two inputs: the current data point from the sequence, and the hidden state from the previous step."" This directly indicates that at each time step, an RNN uses both the current input (data point) and the hidden state of the previous time step.",ec60693a5da1;9bafece4e6fe;d51e1f8f461c;34c85479f2e8;997dab2dd7fa,"Lecture 7(1).pdf, page 8, chunk ec60693a5da1;Lecture 9 .pdf, page 8, chunk 9bafece4e6fe;Lecture 7(1).pdf, page 7, chunk d51e1f8f461c;Lecture 7(1).pdf, page 18, chunk 34c85479f2e8;Lecture 7(1).pdf, page 10, chunk 997dab2dd7fa",ollama,qwen2.5:3b,7.442794375998346,3,1816,318,"route={""in_scope"": ""yes"", ""question_type"": ""concept"", ""lecture_topic"": ""Recurrent Neural Networks (RNN) and their operation mechanisms"", ""search_query"": ""Lecture 7 recurrent neural network What input does an RNN use at each time step?""}",1.0,1.0,1,,,auto-score; manually sanity-check before final submission
E046,concept,L7,What input does an RNN use at each time step?,At each time step an RNN uses the current input vector and the hidden state from the previous time step.,Lecture 7 RNN,current input;previous hidden state,no,answer,A1_full_without_router,"Direct Answer: An RNN uses the current data point from the sequence and the hidden state from the previous step as inputs at each time step.

Key Course Terms:
Recurrent Neural Network (RNN), internal state, hidden state

Explanation:
The provided evidence supports that an RNN processes a sequence of vectors by applying a recurrence formula at every time step. Specifically, Evidence [Evidence 3] states: ""Ø Recurrent Neural Network (RNN) Family: vanilla RNNs, LSTM, GRU, State-space model, Ø RNNs have an “internal state” that is updated as a sequence is processed At each time step, the RNN takes two inputs: the current data point from the sequence, and the hidden state from the previous step."" This directly indicates that at each time step, an RNN uses both the current input (data point) and the hidden state of the previous time step.",ec60693a5da1;9bafece4e6fe;d51e1f8f461c;34c85479f2e8;997dab2dd7fa,"Lecture 7(1).pdf, page 8, chunk ec60693a5da1;Lecture 9 .pdf, page 8, chunk 9bafece4e6fe;Lecture 7(1).pdf, page 7, chunk d51e1f8f461c;Lecture 7(1).pdf, page 18, chunk 34c85479f2e8;Lecture 7(1).pdf, page 10, chunk 997dab2dd7fa",ollama,qwen2.5:3b,6.39313495800161,2,1655,268,"route={""in_scope"": ""yes"", ""question_type"": ""concept"", ""lecture_topic"": ""Lecture 7 recurrent neural network"", ""search_query"": ""Lecture 7 recurrent neural network What input does an RNN use at each time step?""}",1.0,1.0,1,,,auto-score; manually sanity-check before final submission
E046,concept,L7,What input does an RNN use at each time step?,At each time step an RNN uses the current input vector and the hidden state from the previous time step.,Lecture 7 RNN,current input;previous hidden state,no,answer,A2_full_without_verifier,"Direct Answer: An RNN uses the current data point from the sequence and the hidden state from the previous step as inputs at each time step.

Key Course Terms:
Recurrent Neural Network (RNN), internal state, hidden state

Explanation:
The provided evidence supports that an RNN processes a sequence of vectors by applying a recurrence formula at every time step. Specifically, Evidence [Evidence 3] states: ""Ø Recurrent Neural Network (RNN) Family: vanilla RNNs, LSTM, GRU, State-space model, Ø RNNs have an “internal state” that is updated as a sequence is processed At each time step, the RNN takes two inputs: the current data point from the sequence, and the hidden state from the previous step."" This directly indicates that at each time step, an RNN uses both the current input (data point) and the hidden state of the previous time step.",ec60693a5da1;9bafece4e6fe;d51e1f8f461c;34c85479f2e8;997dab2dd7fa,"Lecture 7(1).pdf, page 8, chunk ec60693a5da1;Lecture 9 .pdf, page 8, chunk 9bafece4e6fe;Lecture 7(1).pdf, page 7, chunk d51e1f8f461c;Lecture 7(1).pdf, page 18, chunk 34c85479f2e8;Lecture 7(1).pdf, page 10, chunk 997dab2dd7fa",ollama,qwen2.5:3b,5.011580208996747,2,804,261,"route={""in_scope"": ""yes"", ""question_type"": ""concept"", ""lecture_topic"": ""Recurrent Neural Networks (RNN) and their operation mechanisms"", ""search_query"": ""Lecture 7 recurrent neural network What input does an RNN use at each time step?""}",1.0,1.0,1,,,auto-score; manually sanity-check before final submission
E046,concept,L7,What input does an RNN use at each time step?,At each time step an RNN uses the current input vector and the hidden state from the previous time step.,Lecture 7 RNN,current input;previous hidden state,no,answer,A3_full_topk2,"Direct Answer: An RNN uses the input vector at each time step.

Key Terms: Recurrent Neural Network (RNN)

Explanation: The provided evidence indicates that an RNN processes a sequence of vectors by applying a recurrence formula at every time step. This means that at each time step t, the RNN takes as its input the input vector 𝑥! and uses it to update its state ℎ! according to the function: new state ℎ! = 𝑓"" ℎ!#$ , 𝑥! . The same function 𝑓! and parameters W are used at every time step, indicating that each time step's input is crucial for updating the RNN's internal state.",ec60693a5da1;9bafece4e6fe,"Lecture 7(1).pdf, page 8, chunk ec60693a5da1;Lecture 9 .pdf, page 8, chunk 9bafece4e6fe",ollama,qwen2.5:3b,6.8392039999998815,3,1219,295,"route={""in_scope"": ""yes"", ""question_type"": ""concept"", ""lecture_topic"": ""Recurrent Neural Networks (RNN) and their operation mechanisms"", ""search_query"": ""Lecture 7 recurrent neural network What input does an RNN use at each time step?""}",0.5,1.0,1,,,auto-score; manually sanity-check before final submission
E046,concept,L7,What input does an RNN use at each time step?,At each time step an RNN uses the current input vector and the hidden state from the previous time step.,Lecture 7 RNN,current input;previous hidden state,no,answer,A4_full_without_calculation_guard,"Direct Answer: An RNN uses the current data point from the sequence and the hidden state from the previous step as inputs at each time step.

Key Course Terms:
Recurrent Neural Network (RNN), internal state, hidden state

Explanation:
The provided evidence supports that an RNN processes a sequence of vectors by applying a recurrence formula at every time step. Specifically, Evidence [Evidence 3] states: ""Ø Recurrent Neural Network (RNN) Family: vanilla RNNs, LSTM, GRU, State-space model, Ø RNNs have an “internal state” that is updated as a sequence is processed At each time step, the RNN takes two inputs: the current data point from the sequence, and the hidden state from the previous step."" This directly indicates that at each time step, an RNN uses both the current input (data point) and the hidden state of the previous time step.",ec60693a5da1;9bafece4e6fe;d51e1f8f461c;34c85479f2e8;997dab2dd7fa,"Lecture 7(1).pdf, page 8, chunk ec60693a5da1;Lecture 9 .pdf, page 8, chunk 9bafece4e6fe;Lecture 7(1).pdf, page 7, chunk d51e1f8f461c;Lecture 7(1).pdf, page 18, chunk 34c85479f2e8;Lecture 7(1).pdf, page 10, chunk 997dab2dd7fa",ollama,qwen2.5:3b,7.442794375998346,3,1816,318,"route={""in_scope"": ""yes"", ""question_type"": ""concept"", ""lecture_topic"": ""Recurrent Neural Networks (RNN) and their operation mechanisms"", ""search_query"": ""Lecture 7 recurrent neural network What input does an RNN use at each time step?""}",1.0,1.0,1,,,auto-score; manually sanity-check before final submission
E047,concept,L7,Why are RNN parameters shared across time?,"The same recurrence function and parameter set are applied at each time step, allowing the model to process variable-length sequences.",Lecture 7 RNN shared weights,same function;same parameters;time step,no,answer,V0_baseline_single_call,"In RNN (Recurrent Neural Network) models, parameters are shared across time to maintain a form of memory or context that allows the model to consider sequences of inputs over time. This sharing is crucial for tasks involving sequential data such as language modeling and speech recognition where temporal dependencies play a significant role.

The core reason lies in the architecture's design: RNNs use an internal state (often referred to as hidden state) which is updated at each step based on both the current input and the previous hidden state. This mechanism enables the model to capture long-term dependencies within sequences, making it possible for parameters to be shared across time steps.

This sharing of parameters allows the network to learn a function that can process sequences by leveraging information from earlier inputs in subsequent steps, thus facilitating more effective learning and prediction over longer sequences without explicitly modeling all intermediate states.",,,ollama,qwen2.5:3b,2.899318042000232,1,89,248,,0.0,0.5,0,,,auto-score; manually sanity-check before final submission
E047,concept,L7,Why are RNN parameters shared across time?,"The same recurrence function and parameter set are applied at each time step, allowing the model to process variable-length sequences.",Lecture 7 RNN shared weights,same function;same parameters;time step,no,answer,V1_retrieval_only,"Direct Answer: RNN parameters are shared across time to ensure that the same set of weights is used for each time step, allowing the network to maintain a temporal context in processing sequences.

Key Course Terms:
- Parameters
- Shared weights

Evidence:
[Evidence 1]
[Evidence 5]",997dab2dd7fa;17e20a051678;647e026f54e3;d7d7edb281b1;325b44eb1701,"Lecture 7(1).pdf, page 10, chunk 997dab2dd7fa;Lecture 7(1).pdf, page 29, chunk 17e20a051678;Lecture 7(1).pdf, page 30, chunk 647e026f54e3;Lecture 7(1).pdf, page 31, chunk d7d7edb281b1;Lecture 7(1).pdf, page 39, chunk 325b44eb1701",ollama,qwen2.5:3b,2.17190537499846,1,579,70,,0.5,1.0,1,,,auto-score; manually sanity-check before final submission
E047,concept,L7,Why are RNN parameters shared across time?,"The same recurrence function and parameter set are applied at each time step, allowing the model to process variable-length sequences.",Lecture 7 RNN shared weights,same function;same parameters;time step,no,answer,V2_router_rewrite_retrieval,"Direct Answer: RNN parameters are shared across time because the hidden state hₜ serves as a memory for the network, storing and transforming useful contextual information from earlier time steps. This allows the same set of weights to be reused throughout the sequence processing.

Key Course Terms:
- Hidden State

Mechanism:
The hidden state hₜ is updated at each time step using the recurrence formula: ht = tanh(Whht-1+Wxxt), where Wh and Wx are shared parameters across all time steps. This ensures that the same set of weights (W) is used to compute the new state ht from both the previous hidden state ht-1 and the current input xt.

Evidence:
[Evidence 1], [Evidence 4]",997dab2dd7fa;9bafece4e6fe;d51e1f8f461c;5a9de5430977;ec60693a5da1,"Lecture 7(1).pdf, page 10, chunk 997dab2dd7fa;Lecture 9 .pdf, page 8, chunk 9bafece4e6fe;Lecture 7(1).pdf, page 7, chunk d51e1f8f461c;Lecture 7(1).pdf, page 9, chunk 5a9de5430977;Lecture 7(1).pdf, page 8, chunk ec60693a5da1",ollama,qwen2.5:3b,4.559025582995673,2,792,219,"route={'in_scope': 'yes', 'question_type': 'concept', 'lecture_topic': 'Recurrent Neural Networks (RNN) and their architecture', 'search_query': 'Lecture 7 recurrent neural network Why are RNN parameters shared across time?'}",0.5,1.0,1,,,auto-score; manually sanity-check before final submission
E047,concept,L7,Why are RNN parameters shared across time?,"The same recurrence function and parameter set are applied at each time step, allowing the model to process variable-length sequences.",Lecture 7 RNN shared weights,same function;same parameters;time step,no,answer,V3_retrieval_verifier,"Direct Answer: RNN parameters are shared across time to ensure that the same set of weights is used for each time step, allowing the network to maintain a temporal context in processing sequences.

Key Course Terms:
- Parameters
- Shared weights

Evidence:
[Evidence 1]
[Evidence 5]",997dab2dd7fa;17e20a051678;647e026f54e3;d7d7edb281b1;325b44eb1701,"Lecture 7(1).pdf, page 10, chunk 997dab2dd7fa;Lecture 7(1).pdf, page 29, chunk 17e20a051678;Lecture 7(1).pdf, page 30, chunk 647e026f54e3;Lecture 7(1).pdf, page 31, chunk d7d7edb281b1;Lecture 7(1).pdf, page 39, chunk 325b44eb1701",ollama,qwen2.5:3b,4.458245624999108,2,1372,127,draft_then_verifier_rejected_overcorrection,0.5,1.0,1,,,auto-score; manually sanity-check before final submission
E047,concept,L7,Why are RNN parameters shared across time?,"The same recurrence function and parameter set are applied at each time step, allowing the model to process variable-length sequences.",Lecture 7 RNN shared weights,same function;same parameters;time step,no,answer,V4_full_router_retrieval_verifier,"Direct Answer: RNN parameters are shared across time because the hidden state hₜ serves as a memory for the network, storing and transforming useful contextual information from earlier time steps. This allows the same set of weights to be reused throughout the sequence processing.

Key Course Terms:
- Hidden State

Mechanism:
The hidden state hₜ is updated at each time step using the recurrence formula: ht = tanh(Whht-1+Wxxt), where Wh and Wx are shared parameters across all time steps. This ensures that the same set of weights (W) is used to compute the new state ht from both the previous hidden state ht-1 and the current input xt.

Evidence:
[Evidence 1], [Evidence 4]",997dab2dd7fa;9bafece4e6fe;d51e1f8f461c;5a9de5430977;ec60693a5da1,"Lecture 7(1).pdf, page 10, chunk 997dab2dd7fa;Lecture 9 .pdf, page 8, chunk 9bafece4e6fe;Lecture 7(1).pdf, page 7, chunk d51e1f8f461c;Lecture 7(1).pdf, page 9, chunk 5a9de5430977;Lecture 7(1).pdf, page 8, chunk ec60693a5da1",ollama,qwen2.5:3b,7.2038623329935945,3,1748,301,"route={""in_scope"": ""yes"", ""question_type"": ""concept"", ""lecture_topic"": ""Recurrent Neural Networks (RNN) and their architecture"", ""search_query"": ""Lecture 7 recurrent neural network Why are RNN parameters shared across time?""}",0.5,1.0,1,,,auto-score; manually sanity-check before final submission
E047,concept,L7,Why are RNN parameters shared across time?,"The same recurrence function and parameter set are applied at each time step, allowing the model to process variable-length sequences.",Lecture 7 RNN shared weights,same function;same parameters;time step,no,answer,A1_full_without_router,"Direct Answer: RNN parameters are shared across time because the hidden state hₜ serves as a memory for the network, storing and transforming useful contextual information from earlier time steps. This allows the same set of weights to be reused throughout the sequence processing.

Key Course Terms:
- Hidden State

Mechanism:
The hidden state hₜ is updated at each time step using the recurrence formula: ht = tanh(Whht-1+Wxxt), where Wh and Wx are shared parameters across all time steps. This ensures that the same set of weights (W) is used to compute the new state ht from both the previous hidden state ht-1 and the current input xt.

Evidence:
[Evidence 1], [Evidence 4]",997dab2dd7fa;9bafece4e6fe;d51e1f8f461c;5a9de5430977;ec60693a5da1,"Lecture 7(1).pdf, page 10, chunk 997dab2dd7fa;Lecture 9 .pdf, page 8, chunk 9bafece4e6fe;Lecture 7(1).pdf, page 7, chunk d51e1f8f461c;Lecture 7(1).pdf, page 9, chunk 5a9de5430977;Lecture 7(1).pdf, page 8, chunk ec60693a5da1",ollama,qwen2.5:3b,6.080091541989532,2,1591,251,"route={""in_scope"": ""yes"", ""question_type"": ""calculation"", ""lecture_topic"": ""Lecture 7 recurrent neural network"", ""search_query"": ""Lecture 7 recurrent neural network Why are RNN parameters shared across time?""}",0.5,1.0,1,,,auto-score; manually sanity-check before final submission
E047,concept,L7,Why are RNN parameters shared across time?,"The same recurrence function and parameter set are applied at each time step, allowing the model to process variable-length sequences.",Lecture 7 RNN shared weights,same function;same parameters;time step,no,answer,A2_full_without_verifier,"Direct Answer: RNN parameters are shared across time because the hidden state hₜ serves as a memory for the network, storing and transforming useful contextual information from earlier time steps. This allows the same set of weights to be reused throughout the sequence processing.

Key Course Terms:
- Hidden State

Mechanism:
The hidden state hₜ is updated at each time step using the recurrence formula: ht = tanh(Whht-1+Wxxt), where Wh and Wx are shared parameters across all time steps. This ensures that the same set of weights (W) is used to compute the new state ht from both the previous hidden state ht-1 and the current input xt.

Evidence:
[Evidence 1], [Evidence 4]",997dab2dd7fa;9bafece4e6fe;d51e1f8f461c;5a9de5430977;ec60693a5da1,"Lecture 7(1).pdf, page 10, chunk 997dab2dd7fa;Lecture 9 .pdf, page 8, chunk 9bafece4e6fe;Lecture 7(1).pdf, page 7, chunk d51e1f8f461c;Lecture 7(1).pdf, page 9, chunk 5a9de5430977;Lecture 7(1).pdf, page 8, chunk ec60693a5da1",ollama,qwen2.5:3b,4.559025582995673,2,792,219,"route={""in_scope"": ""yes"", ""question_type"": ""concept"", ""lecture_topic"": ""Recurrent Neural Networks (RNN) and their architecture"", ""search_query"": ""Lecture 7 recurrent neural network Why are RNN parameters shared across time?""}",0.5,1.0,1,,,auto-score; manually sanity-check before final submission
E047,concept,L7,Why are RNN parameters shared across time?,"The same recurrence function and parameter set are applied at each time step, allowing the model to process variable-length sequences.",Lecture 7 RNN shared weights,same function;same parameters;time step,no,answer,A3_full_topk2,"Direct Answer: RNN parameters are shared across time because the same set of weights (Wx and Wh in the provided lecture) is used to compute both the new state and the output at each time step, ensuring consistency and efficiency in processing sequential data.

Key Terms:
- Parameters
- Shared weights
- Time

Evidence:
[Evidence 1], [Evidence 2]",997dab2dd7fa;9bafece4e6fe,"Lecture 7(1).pdf, page 10, chunk 997dab2dd7fa;Lecture 9 .pdf, page 8, chunk 9bafece4e6fe",ollama,qwen2.5:3b,5.022173874996952,3,1098,213,"route={""in_scope"": ""yes"", ""question_type"": ""concept"", ""lecture_topic"": ""Recurrent Neural Networks (RNN) and their architecture"", ""search_query"": ""Lecture 7 recurrent neural network Why are RNN parameters shared across time?""}",0.5,1.0,1,,,auto-score; manually sanity-check before final submission
E047,concept,L7,Why are RNN parameters shared across time?,"The same recurrence function and parameter set are applied at each time step, allowing the model to process variable-length sequences.",Lecture 7 RNN shared weights,same function;same parameters;time step,no,answer,A4_full_without_calculation_guard,"Direct Answer: RNN parameters are shared across time because the hidden state hₜ serves as a memory for the network, storing and transforming useful contextual information from earlier time steps. This allows the same set of weights to be reused throughout the sequence processing.

Key Course Terms:
- Hidden State

Mechanism:
The hidden state hₜ is updated at each time step using the recurrence formula: ht = tanh(Whht-1+Wxxt), where Wh and Wx are shared parameters across all time steps. This ensures that the same set of weights (W) is used to compute the new state ht from both the previous hidden state ht-1 and the current input xt.

Evidence:
[Evidence 1], [Evidence 4]",997dab2dd7fa;9bafece4e6fe;d51e1f8f461c;5a9de5430977;ec60693a5da1,"Lecture 7(1).pdf, page 10, chunk 997dab2dd7fa;Lecture 9 .pdf, page 8, chunk 9bafece4e6fe;Lecture 7(1).pdf, page 7, chunk d51e1f8f461c;Lecture 7(1).pdf, page 9, chunk 5a9de5430977;Lecture 7(1).pdf, page 8, chunk ec60693a5da1",ollama,qwen2.5:3b,7.2038623329935945,3,1748,301,"route={""in_scope"": ""yes"", ""question_type"": ""concept"", ""lecture_topic"": ""Recurrent Neural Networks (RNN) and their architecture"", ""search_query"": ""Lecture 7 recurrent neural network Why are RNN parameters shared across time?""}",0.5,1.0,1,,,auto-score; manually sanity-check before final submission
E048,comparison,L7,Why was LSTM introduced compared with vanilla RNNs?,LSTMs use gates and a cell state to better preserve long-range information and reduce vanishing-gradient issues.,Lecture 7 LSTM,gates;cell state;long-range;vanishing gradient,no,answer,V0_baseline_single_call,"LSTM (Long Short-Term Memory) networks were introduced to address the vanishing gradient problem inherent in vanilla Recurrent Neural Networks (RNNs). This issue arises because gradients, which are used during training to adjust weights and improve model performance, tend to diminish as they propagate through many time steps in RNNs. LSTM addresses this by incorporating memory cells that allow for more controlled information flow and reduced vanishing gradient problems, enabling the network to learn long-term dependencies effectively.",,,ollama,qwen2.5:3b,1.9610596670027007,1,92,135,,0.0,0.5,0,,,auto-score; manually sanity-check before final submission
E048,comparison,L7,Why was LSTM introduced compared with vanilla RNNs?,LSTMs use gates and a cell state to better preserve long-range information and reduce vanishing-gradient issues.,Lecture 7 LSTM,gates;cell state;long-range;vanishing gradient,no,answer,V1_retrieval_only,"LSTM was introduced to alleviate the vanishing gradient problem compared with vanilla RNNs. LSTM uses gates to control information flow, which helps in better capturing long-term dependencies.

Key Terms:
- Vanishing Gradient Problem
- Long Short Term Memory (LSTM)
- Vanilla Recurrent Neural Network (RNN)

Evidence: [Evidence 1], [Evidence 3]",2703b85aa828;d51e1f8f461c;5330f2aefb4b;5c0dc444a806;14db1ca940f5,"Lecture 7(1).pdf, page 52, chunk 2703b85aa828;Lecture 7(1).pdf, page 7, chunk d51e1f8f461c;Lecture 7(1).pdf, page 59, chunk 5330f2aefb4b;Lecture 8(2).pdf, page 4, chunk 5c0dc444a806;RNN_LSTM_Name_Classification_Tutorial (1).ipynb, page 1, chunk 14db1ca940f5",ollama,qwen2.5:3b,3.307472749998851,1,1186,86,,0.5,1.0,1,,,auto-score; manually sanity-check before final submission
E048,comparison,L7,Why was LSTM introduced compared with vanilla RNNs?,LSTMs use gates and a cell state to better preserve long-range information and reduce vanishing-gradient issues.,Lecture 7 LSTM,gates;cell state;long-range;vanishing gradient,no,answer,V2_router_rewrite_retrieval,"Why was LSTM introduced compared with vanilla RNNs? LSTM was introduced to alleviate the vanishing gradient problem, which is a challenge faced by vanilla RNNs.

Key Course Terms:
- Recurrent Neural Network (RNN)
- Long Short Term Memory (LSTM)

Mechanism/Caveat:
- Vanilla RNNs suffer from the vanishing gradient problem, where gradients flow through time and diminish exponentially.
- LSTM introduces gating mechanisms to control information flow within the cell state, thereby mitigating the vanishing gradient issue.

Evidence: [1] [3]",d51e1f8f461c;9bafece4e6fe;2703b85aa828;3cb9ec28687f;99d421eb3c97,"Lecture 7(1).pdf, page 7, chunk d51e1f8f461c;Lecture 9 .pdf, page 8, chunk 9bafece4e6fe;Lecture 7(1).pdf, page 52, chunk 2703b85aa828;Lecture 7(1).pdf, page 5, chunk 3cb9ec28687f;Lecture 7(1).pdf, page 43, chunk 99d421eb3c97",ollama,qwen2.5:3b,4.917065874993568,2,735,264,"route={'in_scope': 'yes', 'question_type': 'concept', 'lecture_topic': 'LSTM architecture and its introduction as an improvement over vanilla RNNs', 'search_query': 'Lecture 7 recurrent neural network Why was LSTM introduced compared with vanilla RNNs?'}",0.5,1.0,1,,,auto-score; manually sanity-check before final submission
E048,comparison,L7,Why was LSTM introduced compared with vanilla RNNs?,LSTMs use gates and a cell state to better preserve long-range information and reduce vanishing-gradient issues.,Lecture 7 LSTM,gates;cell state;long-range;vanishing gradient,no,answer,V3_retrieval_verifier,"LSTM was introduced to alleviate the vanishing gradient problem compared with vanilla RNNs. LSTM uses gates to control information flow, which helps in better capturing long-term dependencies.

Key Terms:
- Vanishing Gradient Problem
- Long Short Term Memory (LSTM)
- Vanilla Recurrent Neural Network (RNN)

Evidence: [Evidence 1], [Evidence 3]",2703b85aa828;d51e1f8f461c;5330f2aefb4b;5c0dc444a806;14db1ca940f5,"Lecture 7(1).pdf, page 52, chunk 2703b85aa828;Lecture 7(1).pdf, page 7, chunk d51e1f8f461c;Lecture 7(1).pdf, page 59, chunk 5330f2aefb4b;Lecture 8(2).pdf, page 4, chunk 5c0dc444a806;RNN_LSTM_Name_Classification_Tutorial (1).ipynb, page 1, chunk 14db1ca940f5",ollama,qwen2.5:3b,6.469446874994901,2,2603,141,draft_then_verifier_rejected_overcorrection,0.5,1.0,1,,,auto-score; manually sanity-check before final submission
E048,comparison,L7,Why was LSTM introduced compared with vanilla RNNs?,LSTMs use gates and a cell state to better preserve long-range information and reduce vanishing-gradient issues.,Lecture 7 LSTM,gates;cell state;long-range;vanishing gradient,no,answer,V4_full_router_retrieval_verifier,"Why was LSTM introduced compared with vanilla RNNs? LSTM was introduced to alleviate the vanishing gradient problem, which is a challenge faced by vanilla RNNs.

Key Course Terms:
- Recurrent Neural Network (RNN)
- Long Short Term Memory (LSTM)

Mechanism/Caveat:
- Vanilla RNNs suffer from the vanishing gradient problem, where gradients flow through time and diminish exponentially.
- LSTM introduces gating mechanisms to control information flow within the cell state, thereby mitigating the vanishing gradient issue.

Evidence: [1] [3]",d51e1f8f461c;9bafece4e6fe;2703b85aa828;3cb9ec28687f;99d421eb3c97,"Lecture 7(1).pdf, page 7, chunk d51e1f8f461c;Lecture 9 .pdf, page 8, chunk 9bafece4e6fe;Lecture 7(1).pdf, page 52, chunk 2703b85aa828;Lecture 7(1).pdf, page 5, chunk 3cb9ec28687f;Lecture 7(1).pdf, page 43, chunk 99d421eb3c97",ollama,qwen2.5:3b,8.025752833993465,3,1604,391,"route={""in_scope"": ""yes"", ""question_type"": ""concept"", ""lecture_topic"": ""LSTM architecture and its introduction as an improvement over vanilla RNNs"", ""search_query"": ""Lecture 7 recurrent neural network Why was LSTM introduced compared with vanilla RNNs?""}",0.5,1.0,1,,,auto-score; manually sanity-check before final submission
E048,comparison,L7,Why was LSTM introduced compared with vanilla RNNs?,LSTMs use gates and a cell state to better preserve long-range information and reduce vanishing-gradient issues.,Lecture 7 LSTM,gates;cell state;long-range;vanishing gradient,no,answer,A1_full_without_router,"Why was LSTM introduced compared with vanilla RNNs? LSTM was introduced to alleviate the vanishing gradient problem, which is a challenge faced by vanilla RNNs.

Key Course Terms:
- Recurrent Neural Network (RNN)
- Long Short Term Memory (LSTM)

Mechanism/Caveat:
- Vanilla RNNs suffer from the vanishing gradient problem, where gradients flow through time and diminish exponentially.
- LSTM introduces gating mechanisms to control information flow within the cell state, thereby mitigating the vanishing gradient issue.

Evidence: [1] [3]",d51e1f8f461c;9bafece4e6fe;2703b85aa828;3cb9ec28687f;99d421eb3c97,"Lecture 7(1).pdf, page 7, chunk d51e1f8f461c;Lecture 9 .pdf, page 8, chunk 9bafece4e6fe;Lecture 7(1).pdf, page 52, chunk 2703b85aa828;Lecture 7(1).pdf, page 5, chunk 3cb9ec28687f;Lecture 7(1).pdf, page 43, chunk 99d421eb3c97",ollama,qwen2.5:3b,5.944515332994342,2,1439,262,"route={""in_scope"": ""yes"", ""question_type"": ""comparison"", ""lecture_topic"": ""Lecture 7 recurrent neural network"", ""search_query"": ""Lecture 7 recurrent neural network Why was LSTM introduced compared with vanilla RNNs?""}",0.5,1.0,1,,,auto-score; manually sanity-check before final submission
E048,comparison,L7,Why was LSTM introduced compared with vanilla RNNs?,LSTMs use gates and a cell state to better preserve long-range information and reduce vanishing-gradient issues.,Lecture 7 LSTM,gates;cell state;long-range;vanishing gradient,no,answer,A2_full_without_verifier,"Why was LSTM introduced compared with vanilla RNNs? LSTM was introduced to alleviate the vanishing gradient problem, which is a challenge faced by vanilla RNNs.

Key Course Terms:
- Recurrent Neural Network (RNN)
- Long Short Term Memory (LSTM)

Mechanism/Caveat:
- Vanilla RNNs suffer from the vanishing gradient problem, where gradients flow through time and diminish exponentially.
- LSTM introduces gating mechanisms to control information flow within the cell state, thereby mitigating the vanishing gradient issue.

Evidence: [1] [3]",d51e1f8f461c;9bafece4e6fe;2703b85aa828;3cb9ec28687f;99d421eb3c97,"Lecture 7(1).pdf, page 7, chunk d51e1f8f461c;Lecture 9 .pdf, page 8, chunk 9bafece4e6fe;Lecture 7(1).pdf, page 52, chunk 2703b85aa828;Lecture 7(1).pdf, page 5, chunk 3cb9ec28687f;Lecture 7(1).pdf, page 43, chunk 99d421eb3c97",ollama,qwen2.5:3b,4.917065874993568,2,735,264,"route={""in_scope"": ""yes"", ""question_type"": ""concept"", ""lecture_topic"": ""LSTM architecture and its introduction as an improvement over vanilla RNNs"", ""search_query"": ""Lecture 7 recurrent neural network Why was LSTM introduced compared with vanilla RNNs?""}",0.5,1.0,1,,,auto-score; manually sanity-check before final submission
E048,comparison,L7,Why was LSTM introduced compared with vanilla RNNs?,LSTMs use gates and a cell state to better preserve long-range information and reduce vanishing-gradient issues.,Lecture 7 LSTM,gates;cell state;long-range;vanishing gradient,no,answer,A3_full_topk2,"Direct Answer: LSTM was introduced to address the vanishing gradient problem in vanilla RNNs.

Key Course Terms:
vanilla RNNs, LSTM, GRU

Explanation: The introduction of LSTM (Long Short-Term Memory) networks was primarily aimed at mitigating a significant issue with vanilla Recurrent Neural Networks (RNNs). Vanilla RNNs suffer from the vanishing gradient problem, where gradients flow through time in a sequence and diminish rapidly. This makes it difficult for the network to learn long-term dependencies.

Evidence:
[Evidence 1]
[Evidence 2]",d51e1f8f461c;9bafece4e6fe,"Lecture 7(1).pdf, page 7, chunk d51e1f8f461c;Lecture 9 .pdf, page 8, chunk 9bafece4e6fe",ollama,qwen2.5:3b,6.598463750000519,3,1226,324,"route={""in_scope"": ""yes"", ""question_type"": ""concept"", ""lecture_topic"": ""LSTM architecture and its introduction as an improvement over vanilla RNNs"", ""search_query"": ""Lecture 7 recurrent neural network Why was LSTM introduced compared with vanilla RNNs?""}",0.0,1.0,1,,,auto-score; manually sanity-check before final submission
E048,comparison,L7,Why was LSTM introduced compared with vanilla RNNs?,LSTMs use gates and a cell state to better preserve long-range information and reduce vanishing-gradient issues.,Lecture 7 LSTM,gates;cell state;long-range;vanishing gradient,no,answer,A4_full_without_calculation_guard,"Why was LSTM introduced compared with vanilla RNNs? LSTM was introduced to alleviate the vanishing gradient problem, which is a challenge faced by vanilla RNNs.

Key Course Terms:
- Recurrent Neural Network (RNN)
- Long Short Term Memory (LSTM)

Mechanism/Caveat:
- Vanilla RNNs suffer from the vanishing gradient problem, where gradients flow through time and diminish exponentially.
- LSTM introduces gating mechanisms to control information flow within the cell state, thereby mitigating the vanishing gradient issue.

Evidence: [1] [3]",d51e1f8f461c;9bafece4e6fe;2703b85aa828;3cb9ec28687f;99d421eb3c97,"Lecture 7(1).pdf, page 7, chunk d51e1f8f461c;Lecture 9 .pdf, page 8, chunk 9bafece4e6fe;Lecture 7(1).pdf, page 52, chunk 2703b85aa828;Lecture 7(1).pdf, page 5, chunk 3cb9ec28687f;Lecture 7(1).pdf, page 43, chunk 99d421eb3c97",ollama,qwen2.5:3b,8.025752833993465,3,1604,391,"route={""in_scope"": ""yes"", ""question_type"": ""concept"", ""lecture_topic"": ""LSTM architecture and its introduction as an improvement over vanilla RNNs"", ""search_query"": ""Lecture 7 recurrent neural network Why was LSTM introduced compared with vanilla RNNs?""}",0.5,1.0,1,,,auto-score; manually sanity-check before final submission
E049,concept,L8,What problem does attention address in an encoder-decoder sequence model?,Attention reduces the bottleneck of compressing the whole input sequence into a single fixed-size vector by letting the decoder focus on relevant encoder states.,Lecture 8 attention,bottleneck;fixed-size vector;relevant encoder states,no,answer,V0_baseline_single_call,"Attention addresses the issue of focusing on specific parts of the input sequence when processing it through a neural network in an encoder-decoder sequence model, allowing for more flexible and context-aware information retrieval compared to fully connected mechanisms. This is crucial for tasks such as machine translation where understanding the relevance of different words or phrases in the source sentence can significantly improve the quality of the generated output.",,,ollama,qwen2.5:3b,3.936808124999516,1,97,118,,0.0,0.5,0,,,auto-score; manually sanity-check before final submission
E049,concept,L8,What problem does attention address in an encoder-decoder sequence model?,Attention reduces the bottleneck of compressing the whole input sequence into a single fixed-size vector by letting the decoder focus on relevant encoder states.,Lecture 8 attention,bottleneck;fixed-size vector;relevant encoder states,no,answer,V1_retrieval_only,"Problem addressed by attention in an encoder-decoder sequence model is that it allows for a more flexible handling of input sequences of different lengths without compressing the entire input into a single fixed-size vector, unlike RNNs which bottleneck the input sequence.

Key Course Terms:
- Attention
- Encoder-decoder RNNs

Caveat:
- Encoder-decoder RNNs handle input and output sequences of different lengths.
- Attention models do not compress the entire input sequence into a single state vector like RNNs, thus avoiding the limitation of fixed-length context vectors.

Evidence: [Evidence 1], [Evidence 2]",d426ae82afb6;1ba3ec15b6e8;910a2d210d33;8f30d820a639;19d8704cd660,"Lecture 7(1).pdf, page 69, chunk d426ae82afb6;Lecture 8(2).pdf, page 5, chunk 1ba3ec15b6e8;Lecture 7(1).pdf, page 20, chunk 910a2d210d33;Lecture 8(2).pdf, page 3, chunk 8f30d820a639;Lecture 8(2).pdf, page 49, chunk 19d8704cd660",ollama,qwen2.5:3b,3.181741542000964,1,624,153,,0.5,1.0,1,,,auto-score; manually sanity-check before final submission
E049,concept,L8,What problem does attention address in an encoder-decoder sequence model?,Attention reduces the bottleneck of compressing the whole input sequence into a single fixed-size vector by letting the decoder focus on relevant encoder states.,Lecture 8 attention,bottleneck;fixed-size vector;relevant encoder states,no,answer,V2_router_rewrite_retrieval,"Problem: Attention addresses the issue of input sequence bottlenecking in encoder-decoder models.

Key Course Terms:
Encoder-decoder model, attention mechanism

Mechanism:
At each decoder step, the model combines past outputs with new attention to compute a context vector. This context vector is then used by the decoder to produce the current output and update its internal state (Evidence 5, page 70).

Formula/Caveat:
et,i = fatt(st-1, hi) ct = ∑iat,ihi
where et,i represents the weighted sum of hidden states from encoder at time step t, and hi is the hidden state of decoder at time step i. The context vector ct is used by the decoder to generate its output (Evidence 5, page 70).

Evidence: [Evidence 1], [Evidence 2], [Evidence 3], [Evidence 4], [Evidence 5]",8f30d820a639;9aa7de1accc3;d426ae82afb6;1ba3ec15b6e8;30bbe1079821,"Lecture 8(2).pdf, page 3, chunk 8f30d820a639;Lecture 8(2).pdf, page 28, chunk 9aa7de1accc3;Lecture 7(1).pdf, page 69, chunk d426ae82afb6;Lecture 8(2).pdf, page 5, chunk 1ba3ec15b6e8;Lecture 7(1).pdf, page 68, chunk 30bbe1079821",ollama,qwen2.5:3b,4.920570958005555,2,811,238,"route={'in_scope': 'yes', 'question_type': 'concept', 'lecture_topic': 'Sequence Models and Attention Mechanism', 'search_query': 'Lecture 8 attention transformer What problem does attention address in an encoder-decoder sequence model?'}",0.0,1.0,1,,,auto-score; manually sanity-check before final submission
E049,concept,L8,What problem does attention address in an encoder-decoder sequence model?,Attention reduces the bottleneck of compressing the whole input sequence into a single fixed-size vector by letting the decoder focus on relevant encoder states.,Lecture 8 attention,bottleneck;fixed-size vector;relevant encoder states,no,answer,V3_retrieval_verifier,"Problem addressed by attention in an encoder-decoder sequence model is that it allows for a more flexible handling of input sequences of different lengths without compressing the entire input into a single fixed-size vector, unlike RNNs which bottleneck the input sequence.

Key Course Terms:
- Attention
- Encoder-decoder RNNs

Caveat:
- Encoder-decoder RNNs handle input and output sequences of different lengths.
- Attention models do not compress the entire input sequence into a single state vector like RNNs, thus avoiding the limitation of fixed-length context vectors.

Evidence: [Evidence 1], [Evidence 2]",d426ae82afb6;1ba3ec15b6e8;910a2d210d33;8f30d820a639;19d8704cd660,"Lecture 7(1).pdf, page 69, chunk d426ae82afb6;Lecture 8(2).pdf, page 5, chunk 1ba3ec15b6e8;Lecture 7(1).pdf, page 20, chunk 910a2d210d33;Lecture 8(2).pdf, page 3, chunk 8f30d820a639;Lecture 8(2).pdf, page 49, chunk 19d8704cd660",ollama,qwen2.5:3b,5.638847458001692,2,1550,228,draft_then_verifier_rejected_overcorrection,0.5,1.0,1,,,auto-score; manually sanity-check before final submission
E049,concept,L8,What problem does attention address in an encoder-decoder sequence model?,Attention reduces the bottleneck of compressing the whole input sequence into a single fixed-size vector by letting the decoder focus on relevant encoder states.,Lecture 8 attention,bottleneck;fixed-size vector;relevant encoder states,no,answer,V4_full_router_retrieval_verifier,"Problem: Attention addresses the issue of input sequence bottlenecking in encoder-decoder models.

Key Course Terms:
Encoder-decoder model, attention mechanism

Mechanism:
At each decoder step, the model combines past outputs with new attention to compute a context vector. This context vector is then used by the decoder to produce the current output and update its internal state (Evidence 5, page 70).

Formula/Caveat:
et,i = fatt(st-1, hi) ct = ∑iat,ihi
where et,i represents the weighted sum of hidden states from encoder at time step t, and hi is the hidden state of decoder at time step i. The context vector ct is used by the decoder to generate its output (Evidence 5, page 70).

Evidence: [Evidence 1], [Evidence 2], [Evidence 3], [Evidence 4], [Evidence 5]",8f30d820a639;9aa7de1accc3;d426ae82afb6;1ba3ec15b6e8;30bbe1079821,"Lecture 8(2).pdf, page 3, chunk 8f30d820a639;Lecture 8(2).pdf, page 28, chunk 9aa7de1accc3;Lecture 7(1).pdf, page 69, chunk d426ae82afb6;Lecture 8(2).pdf, page 5, chunk 1ba3ec15b6e8;Lecture 7(1).pdf, page 68, chunk 30bbe1079821",ollama,qwen2.5:3b,9.53123262500594,3,1804,434,"route={""in_scope"": ""yes"", ""question_type"": ""concept"", ""lecture_topic"": ""Sequence Models and Attention Mechanism"", ""search_query"": ""Lecture 8 attention transformer What problem does attention address in an encoder-decoder sequence model?""}",0.0,1.0,1,,,auto-score; manually sanity-check before final submission
E049,concept,L8,What problem does attention address in an encoder-decoder sequence model?,Attention reduces the bottleneck of compressing the whole input sequence into a single fixed-size vector by letting the decoder focus on relevant encoder states.,Lecture 8 attention,bottleneck;fixed-size vector;relevant encoder states,no,answer,A1_full_without_router,"Problem: Attention addresses the issue of input sequence bottlenecking in encoder-decoder models.

Key Course Terms:
Encoder-decoder model, attention mechanism

Mechanism:
At each decoder step, the model combines past outputs with new attention to compute a context vector. This context vector is then used by the decoder to produce the current output and update its internal state (Evidence 5, page 70).

Formula/Caveat:
et,i = fatt(st-1, hi) ct = ∑iat,ihi
where et,i represents the weighted sum of hidden states from encoder at time step t, and hi is the hidden state of decoder at time step i. The context vector ct is used by the decoder to generate its output (Evidence 5, page 70).

Evidence: [Evidence 1], [Evidence 2], [Evidence 3], [Evidence 4], [Evidence 5]",8f30d820a639;9aa7de1accc3;d426ae82afb6;1ba3ec15b6e8;30bbe1079821,"Lecture 8(2).pdf, page 3, chunk 8f30d820a639;Lecture 8(2).pdf, page 28, chunk 9aa7de1accc3;Lecture 7(1).pdf, page 69, chunk d426ae82afb6;Lecture 8(2).pdf, page 5, chunk 1ba3ec15b6e8;Lecture 7(1).pdf, page 68, chunk 30bbe1079821",ollama,qwen2.5:3b,8.538449542007584,2,1641,387,"route={""in_scope"": ""yes"", ""question_type"": ""concept"", ""lecture_topic"": ""Lecture 8 attention transformer"", ""search_query"": ""Lecture 8 attention transformer What problem does attention address in an encoder-decoder sequence model?""}",0.0,1.0,1,,,auto-score; manually sanity-check before final submission
E049,concept,L8,What problem does attention address in an encoder-decoder sequence model?,Attention reduces the bottleneck of compressing the whole input sequence into a single fixed-size vector by letting the decoder focus on relevant encoder states.,Lecture 8 attention,bottleneck;fixed-size vector;relevant encoder states,no,answer,A2_full_without_verifier,"Problem: Attention addresses the issue of input sequence bottlenecking in encoder-decoder models.

Key Course Terms:
Encoder-decoder model, attention mechanism

Mechanism:
At each decoder step, the model combines past outputs with new attention to compute a context vector. This context vector is then used by the decoder to produce the current output and update its internal state (Evidence 5, page 70).

Formula/Caveat:
et,i = fatt(st-1, hi) ct = ∑iat,ihi
where et,i represents the weighted sum of hidden states from encoder at time step t, and hi is the hidden state of decoder at time step i. The context vector ct is used by the decoder to generate its output (Evidence 5, page 70).

Evidence: [Evidence 1], [Evidence 2], [Evidence 3], [Evidence 4], [Evidence 5]",8f30d820a639;9aa7de1accc3;d426ae82afb6;1ba3ec15b6e8;30bbe1079821,"Lecture 8(2).pdf, page 3, chunk 8f30d820a639;Lecture 8(2).pdf, page 28, chunk 9aa7de1accc3;Lecture 7(1).pdf, page 69, chunk d426ae82afb6;Lecture 8(2).pdf, page 5, chunk 1ba3ec15b6e8;Lecture 7(1).pdf, page 68, chunk 30bbe1079821",ollama,qwen2.5:3b,4.920570958005555,2,811,238,"route={""in_scope"": ""yes"", ""question_type"": ""concept"", ""lecture_topic"": ""Sequence Models and Attention Mechanism"", ""search_query"": ""Lecture 8 attention transformer What problem does attention address in an encoder-decoder sequence model?""}",0.0,1.0,1,,,auto-score; manually sanity-check before final submission
E049,concept,L8,What problem does attention address in an encoder-decoder sequence model?,Attention reduces the bottleneck of compressing the whole input sequence into a single fixed-size vector by letting the decoder focus on relevant encoder states.,Lecture 8 attention,bottleneck;fixed-size vector;relevant encoder states,no,answer,A3_full_topk2,"Problem: Attention addresses the issue of capturing long-range dependencies between input sequence elements in an encoder-decoder sequence model.

Key Course Terms:
- Encoder-Decoder Model
- Long-Range Dependencies

Mechanism:
Attention mechanism allows the decoder to selectively focus on different parts of the encoder's output, enabling it to capture distant relationships within the input sequence. This is crucial for tasks like machine translation where understanding context across long distances is essential.

Formula/Caveat:
Not applicable in this case as it involves a conceptual explanation rather than a mathematical formula or specific caveat.

Evidence: [1], [2]",8f30d820a639;9aa7de1accc3,"Lecture 8(2).pdf, page 3, chunk 8f30d820a639;Lecture 8(2).pdf, page 28, chunk 9aa7de1accc3",ollama,qwen2.5:3b,5.281166708999081,3,1219,288,"route={""in_scope"": ""yes"", ""question_type"": ""concept"", ""lecture_topic"": ""Sequence Models and Attention Mechanism"", ""search_query"": ""Lecture 8 attention transformer What problem does attention address in an encoder-decoder sequence model?""}",0.0,1.0,1,,,auto-score; manually sanity-check before final submission
E049,concept,L8,What problem does attention address in an encoder-decoder sequence model?,Attention reduces the bottleneck of compressing the whole input sequence into a single fixed-size vector by letting the decoder focus on relevant encoder states.,Lecture 8 attention,bottleneck;fixed-size vector;relevant encoder states,no,answer,A4_full_without_calculation_guard,"Problem: Attention addresses the issue of input sequence bottlenecking in encoder-decoder models.

Key Course Terms:
Encoder-decoder model, attention mechanism

Mechanism:
At each decoder step, the model combines past outputs with new attention to compute a context vector. This context vector is then used by the decoder to produce the current output and update its internal state (Evidence 5, page 70).

Formula/Caveat:
et,i = fatt(st-1, hi) ct = ∑iat,ihi
where et,i represents the weighted sum of hidden states from encoder at time step t, and hi is the hidden state of decoder at time step i. The context vector ct is used by the decoder to generate its output (Evidence 5, page 70).

Evidence: [Evidence 1], [Evidence 2], [Evidence 3], [Evidence 4], [Evidence 5]",8f30d820a639;9aa7de1accc3;d426ae82afb6;1ba3ec15b6e8;30bbe1079821,"Lecture 8(2).pdf, page 3, chunk 8f30d820a639;Lecture 8(2).pdf, page 28, chunk 9aa7de1accc3;Lecture 7(1).pdf, page 69, chunk d426ae82afb6;Lecture 8(2).pdf, page 5, chunk 1ba3ec15b6e8;Lecture 7(1).pdf, page 68, chunk 30bbe1079821",ollama,qwen2.5:3b,9.53123262500594,3,1804,434,"route={""in_scope"": ""yes"", ""question_type"": ""concept"", ""lecture_topic"": ""Sequence Models and Attention Mechanism"", ""search_query"": ""Lecture 8 attention transformer What problem does attention address in an encoder-decoder sequence model?""}",0.0,1.0,1,,,auto-score; manually sanity-check before final submission
E050,concept,L8,What are attention weights?,"Attention weights are normalized alignment scores, usually positive and summing to 1, that weight input or hidden vectors.",Lecture 8 attention weights,normalized;alignment scores;sum to 1,no,answer,V0_baseline_single_call,"Attention weights are values used to determine the contribution of each element in a sequence when computing the output of an attention mechanism in neural networks, particularly in models like Transformers. These weights are calculated by a softmax function applied to the dot product or another similarity measure between query and key vectors from different positions within the sequences. The higher the weight, the more influence that particular element has on the final output at each position.

[COMP5541: Lecture 3]",,,ollama,qwen2.5:3b,1.5584165830005077,1,86,130,,0.0,0.5,0,,,auto-score; manually sanity-check before final submission
E050,concept,L8,What are attention weights?,"Attention weights are normalized alignment scores, usually positive and summing to 1, that weight input or hidden vectors.",Lecture 8 attention weights,normalized;alignment scores;sum to 1,no,answer,V1_retrieval_only,"Attention weights are normalized scores that represent the importance or relevance of each input element in relation to the current state, used for decision-making processes such as neural network operations and image caption generation.

Key Course Terms:
- Attention (Parallel)
- Alignment scores

Mechanism:
1. Compute projections: q, k, v
2. Compute scaled dot-product alignment: et,i = fatt(st-1, hi)
3. Apply softmax to get attention weights: ei,j = qj ᐧ ki / √D
4. Compute weighted sum of value vectors: a = softmax(e)

Formula:
et,i = fatt(st-1, hi) (fatt is a fully-connected layer)
ei,j = qj ᐧ ki / √D

Caveat:
Normalization ensures that the attention weights are between 0 and 1, with their sum equaling 1.

Evidence: [Evidence 1], [Evidence 3], [Evidence 4]",903bab1610e2;c3aca36c1732;7d0d84d31bb4;830c3d6ffdb6;0510510aa4c4,"Lecture 7(1).pdf, page 65, chunk 903bab1610e2;Lecture 7(1).pdf, page 74, chunk c3aca36c1732;Lecture 8(2).pdf, page 17, chunk 7d0d84d31bb4;Lecture 8(2).pdf, page 6, chunk 830c3d6ffdb6;T4-pytorch.pdf, page 25, chunk 0510510aa4c4",ollama,qwen2.5:3b,4.617185416005668,1,819,192,,1.0,1.0,1,,,auto-score; manually sanity-check before final submission
E050,concept,L8,What are attention weights?,"Attention weights are normalized alignment scores, usually positive and summing to 1, that weight input or hidden vectors.",Lecture 8 attention weights,normalized;alignment scores;sum to 1,no,answer,V2_router_rewrite_retrieval,"What are attention weights? Attention weights are normalized scores that represent the importance or relevance of each input to the current output. They range from 0 to 1, and their sum across all inputs equals 1.

Key Course Terms:
- Alignment
- Softmax function

Mechanism:
The attention mechanism computes alignment scores between query vectors (representing the current context) and key vectors (representing the input data). These scores are then normalized using a softmax function to produce weights. The formula for computing these weights is given by: 
\[ \text{Alignment}: e_{i,j} = q_j \cdot k_i / \sqrt{D} \]
where \(q\) represents the query vector, \(k\) represents the key vector, and \(D\) is a dimensionality parameter.

The attention weights are then calculated as:
\[ \text{Attention: } a_{i,j} = \frac{\exp(e_{i,j})}{\sum_{j'} \exp(e_{i,j'})} \]

Formula Used:
- Softmax function: \(a_{i,j} = \frac{\exp(e_{i,j})}{\sum_{j'} \exp(e_{i,j'})}\)

Evidence:
[Evidence 1], [Evidence 2], [Evidence 3], [Evidence 4], [Evidence 5]",8f30d820a639;903bab1610e2;eb9d7e1e1eee;c3aca36c1732;7d0d84d31bb4,"Lecture 8(2).pdf, page 3, chunk 8f30d820a639;Lecture 7(1).pdf, page 65, chunk 903bab1610e2;Lecture 7(1).pdf, page 77, chunk eb9d7e1e1eee;Lecture 7(1).pdf, page 74, chunk c3aca36c1732;Lecture 8(2).pdf, page 17, chunk 7d0d84d31bb4",ollama,qwen2.5:3b,6.531467375003558,2,871,307,"route={'in_scope': 'yes', 'question_type': 'concept', 'lecture_topic': 'Convolutional Neural Networks (L4)', 'search_query': 'Lecture 8 attention transformer What are attention weights?'}",1.0,1.0,1,,,auto-score; manually sanity-check before final submission
E050,concept,L8,What are attention weights?,"Attention weights are normalized alignment scores, usually positive and summing to 1, that weight input or hidden vectors.",Lecture 8 attention weights,normalized;alignment scores;sum to 1,no,answer,V3_retrieval_verifier,"Attention weights are normalized scores that represent the importance or relevance of each input element in relation to the current state, used for decision-making processes such as neural network operations and image caption generation.

Key Course Terms:
- Attention (Parallel)
- Alignment scores

Mechanism:
1. Compute projections: q, k, v
2. Compute scaled dot-product alignment: et,i = fatt(st-1, hi)
3. Apply softmax to get attention weights: ei,j = qj ᐧ ki / √D
4. Compute weighted sum of value vectors: a = softmax(e)

Formula:
et,i = fatt(st-1, hi) (fatt is a fully-connected layer)
ei,j = qj ᐧ ki / √D

Caveat:
Normalization ensures that the attention weights are between 0 and 1, with their sum equaling 1.

Evidence: [Evidence 1], [Evidence 3], [Evidence 4]",903bab1610e2;c3aca36c1732;7d0d84d31bb4;830c3d6ffdb6;0510510aa4c4,"Lecture 7(1).pdf, page 65, chunk 903bab1610e2;Lecture 7(1).pdf, page 74, chunk c3aca36c1732;Lecture 8(2).pdf, page 17, chunk 7d0d84d31bb4;Lecture 8(2).pdf, page 6, chunk 830c3d6ffdb6;T4-pytorch.pdf, page 25, chunk 0510510aa4c4",ollama,qwen2.5:3b,10.078345416004597,2,1968,399,draft_then_verifier_rejected_overcorrection,1.0,1.0,1,,,auto-score; manually sanity-check before final submission
E050,concept,L8,What are attention weights?,"Attention weights are normalized alignment scores, usually positive and summing to 1, that weight input or hidden vectors.",Lecture 8 attention weights,normalized;alignment scores;sum to 1,no,answer,V4_full_router_retrieval_verifier,"What are attention weights? Attention weights are normalized scores that represent the importance or relevance of each input to the current output. They range from 0 to 1, and their sum across all inputs equals 1.

Key Course Terms:
- Alignment
- Softmax function

Mechanism:
The attention mechanism computes alignment scores between query vectors (representing the current context) and key vectors (representing the input data). These scores are then normalized using a softmax function to produce weights. The formula for computing these weights is given by: 
\[ \text{Alignment}: e_{i,j} = q_j \cdot k_i / \sqrt{D} \]
where \(q\) represents the query vector, \(k\) represents the key vector, and \(D\) is a dimensionality parameter.

The attention weights are then calculated as:
\[ \text{Attention: } a_{i,j} = \frac{\exp(e_{i,j})}{\sum_{j'} \exp(e_{i,j'})} \]

Formula Used:
- Softmax function: \(a_{i,j} = \frac{\exp(e_{i,j})}{\sum_{j'} \exp(e_{i,j'})}\)

Evidence:
[Evidence 1], [Evidence 2], [Evidence 3], [Evidence 4], [Evidence 5]",8f30d820a639;903bab1610e2;eb9d7e1e1eee;c3aca36c1732;7d0d84d31bb4,"Lecture 8(2).pdf, page 3, chunk 8f30d820a639;Lecture 7(1).pdf, page 65, chunk 903bab1610e2;Lecture 7(1).pdf, page 77, chunk eb9d7e1e1eee;Lecture 7(1).pdf, page 74, chunk c3aca36c1732;Lecture 8(2).pdf, page 17, chunk 7d0d84d31bb4",ollama,qwen2.5:3b,12.009549583002809,3,1990,540,"route={""in_scope"": ""yes"", ""question_type"": ""concept"", ""lecture_topic"": ""Convolutional Neural Networks (L4)"", ""search_query"": ""Lecture 8 attention transformer What are attention weights?""}",1.0,1.0,1,,,auto-score; manually sanity-check before final submission
E050,concept,L8,What are attention weights?,"Attention weights are normalized alignment scores, usually positive and summing to 1, that weight input or hidden vectors.",Lecture 8 attention weights,normalized;alignment scores;sum to 1,no,answer,A1_full_without_router,"What are attention weights? Attention weights are normalized scores that represent the importance or relevance of each input to the current output. They range from 0 to 1, and their sum across all inputs equals 1.

Key Course Terms:
- Alignment
- Softmax function

Mechanism:
The attention mechanism computes alignment scores between query vectors (representing the current context) and key vectors (representing the input data). These scores are then normalized using a softmax function to produce weights. The formula for computing these weights is given by: 
\[ \text{Alignment}: e_{i,j} = q_j \cdot k_i / \sqrt{D} \]
where \(q\) represents the query vector, \(k\) represents the key vector, and \(D\) is a dimensionality parameter.

The attention weights are then calculated as:
\[ \text{Attention: } a_{i,j} = \frac{\exp(e_{i,j})}{\sum_{j'} \exp(e_{i,j'})} \]

Formula Used:
- Softmax function: \(a_{i,j} = \frac{\exp(e_{i,j})}{\sum_{j'} \exp(e_{i,j'})}\)

Evidence:
[Evidence 1], [Evidence 2], [Evidence 3], [Evidence 4], [Evidence 5]",8f30d820a639;903bab1610e2;eb9d7e1e1eee;c3aca36c1732;7d0d84d31bb4,"Lecture 8(2).pdf, page 3, chunk 8f30d820a639;Lecture 7(1).pdf, page 65, chunk 903bab1610e2;Lecture 7(1).pdf, page 77, chunk eb9d7e1e1eee;Lecture 7(1).pdf, page 74, chunk c3aca36c1732;Lecture 8(2).pdf, page 17, chunk 7d0d84d31bb4",ollama,qwen2.5:3b,11.043517499005247,2,1840,492,"route={""in_scope"": ""yes"", ""question_type"": ""concept"", ""lecture_topic"": ""Lecture 8 attention transformer"", ""search_query"": ""Lecture 8 attention transformer What are attention weights?""}",1.0,1.0,1,,,auto-score; manually sanity-check before final submission
E050,concept,L8,What are attention weights?,"Attention weights are normalized alignment scores, usually positive and summing to 1, that weight input or hidden vectors.",Lecture 8 attention weights,normalized;alignment scores;sum to 1,no,answer,A2_full_without_verifier,"What are attention weights? Attention weights are normalized scores that represent the importance or relevance of each input to the current output. They range from 0 to 1, and their sum across all inputs equals 1.

Key Course Terms:
- Alignment
- Softmax function

Mechanism:
The attention mechanism computes alignment scores between query vectors (representing the current context) and key vectors (representing the input data). These scores are then normalized using a softmax function to produce weights. The formula for computing these weights is given by: 
\[ \text{Alignment}: e_{i,j} = q_j \cdot k_i / \sqrt{D} \]
where \(q\) represents the query vector, \(k\) represents the key vector, and \(D\) is a dimensionality parameter.

The attention weights are then calculated as:
\[ \text{Attention: } a_{i,j} = \frac{\exp(e_{i,j})}{\sum_{j'} \exp(e_{i,j'})} \]

Formula Used:
- Softmax function: \(a_{i,j} = \frac{\exp(e_{i,j})}{\sum_{j'} \exp(e_{i,j'})}\)

Evidence:
[Evidence 1], [Evidence 2], [Evidence 3], [Evidence 4], [Evidence 5]",8f30d820a639;903bab1610e2;eb9d7e1e1eee;c3aca36c1732;7d0d84d31bb4,"Lecture 8(2).pdf, page 3, chunk 8f30d820a639;Lecture 7(1).pdf, page 65, chunk 903bab1610e2;Lecture 7(1).pdf, page 77, chunk eb9d7e1e1eee;Lecture 7(1).pdf, page 74, chunk c3aca36c1732;Lecture 8(2).pdf, page 17, chunk 7d0d84d31bb4",ollama,qwen2.5:3b,6.531467375003558,2,871,307,"route={""in_scope"": ""yes"", ""question_type"": ""concept"", ""lecture_topic"": ""Convolutional Neural Networks (L4)"", ""search_query"": ""Lecture 8 attention transformer What are attention weights?""}",1.0,1.0,1,,,auto-score; manually sanity-check before final submission
E050,concept,L8,What are attention weights?,"Attention weights are normalized alignment scores, usually positive and summing to 1, that weight input or hidden vectors.",Lecture 8 attention weights,normalized;alignment scores;sum to 1,no,answer,A3_full_topk2,"What are attention weights? Attention weights are normalized scores that represent the importance of each input sequence element in the current step of a model. They range from 0 to 1, and their sum across all elements equals one.

Key Course Terms:
- Attention mechanism

Mechanism:
Normalize alignment scores to get attention weights (Evidence: [Evidence 2], page 65)

Formula/Caveat:
\[ at,i = \frac{exp(s_{i})}{\sum_{j} exp(s_j)} \]
where \( s_i \) is the score for element i, and \( at,i \) is the attention weight for element i.

Evidence: [Evidence 1], [Evidence 2]",8f30d820a639;903bab1610e2,"Lecture 8(2).pdf, page 3, chunk 8f30d820a639;Lecture 7(1).pdf, page 65, chunk 903bab1610e2",ollama,qwen2.5:3b,7.116227042999526,3,1107,333,"route={""in_scope"": ""yes"", ""question_type"": ""concept"", ""lecture_topic"": ""Convolutional Neural Networks (L4)"", ""search_query"": ""Lecture 8 attention transformer What are attention weights?""}",1.0,1.0,1,,,auto-score; manually sanity-check before final submission
E050,concept,L8,What are attention weights?,"Attention weights are normalized alignment scores, usually positive and summing to 1, that weight input or hidden vectors.",Lecture 8 attention weights,normalized;alignment scores;sum to 1,no,answer,A4_full_without_calculation_guard,"What are attention weights? Attention weights are normalized scores that represent the importance or relevance of each input to the current output. They range from 0 to 1, and their sum across all inputs equals 1.

Key Course Terms:
- Alignment
- Softmax function

Mechanism:
The attention mechanism computes alignment scores between query vectors (representing the current context) and key vectors (representing the input data). These scores are then normalized using a softmax function to produce weights. The formula for computing these weights is given by: 
\[ \text{Alignment}: e_{i,j} = q_j \cdot k_i / \sqrt{D} \]
where \(q\) represents the query vector, \(k\) represents the key vector, and \(D\) is a dimensionality parameter.

The attention weights are then calculated as:
\[ \text{Attention: } a_{i,j} = \frac{\exp(e_{i,j})}{\sum_{j'} \exp(e_{i,j'})} \]

Formula Used:
- Softmax function: \(a_{i,j} = \frac{\exp(e_{i,j})}{\sum_{j'} \exp(e_{i,j'})}\)

Evidence:
[Evidence 1], [Evidence 2], [Evidence 3], [Evidence 4], [Evidence 5]",8f30d820a639;903bab1610e2;eb9d7e1e1eee;c3aca36c1732;7d0d84d31bb4,"Lecture 8(2).pdf, page 3, chunk 8f30d820a639;Lecture 7(1).pdf, page 65, chunk 903bab1610e2;Lecture 7(1).pdf, page 77, chunk eb9d7e1e1eee;Lecture 7(1).pdf, page 74, chunk c3aca36c1732;Lecture 8(2).pdf, page 17, chunk 7d0d84d31bb4",ollama,qwen2.5:3b,12.009549583002809,3,1990,540,"route={""in_scope"": ""yes"", ""question_type"": ""concept"", ""lecture_topic"": ""Convolutional Neural Networks (L4)"", ""search_query"": ""Lecture 8 attention transformer What are attention weights?""}",1.0,1.0,1,,,auto-score; manually sanity-check before final submission
E051,formula,L8,"In a general attention layer, how is the context vector computed from attention weights and input vectors?","The context vector is a weighted sum of input vectors, c = sum_i a_i x_i.",Lecture 8 general attention layer,weighted sum;attention weights;input vectors,no,answer,V0_baseline_single_call,"In a general attention mechanism within COMP5541, the context vector \( \mathbf{c} \) is typically computed as a weighted sum of the input vectors. Given attention weights \( \mathbf{a} \) for each input vector \( \mathbf{x}_i \), and corresponding input vectors \( \mathbf{X} = [\mathbf{x}_1, \mathbf{x}_2, ..., \mathbf{x}_n] \), the context vector is computed as follows:

\[
\mathbf{c} = \sum_{i=1}^{n} \mathbf{a}_i \cdot \mathbf{x}_i
\]

Where \( \mathbf{a}_i \) represents the attention weight for input vector \( \mathbf{x}_i \). This computation leverages the attention weights to emphasize certain input vectors over others, reflecting their relevance or importance in a given context.",,,ollama,qwen2.5:3b,3.1371159169975726,1,105,173,,1.0,0.5,0,,,auto-score; manually sanity-check before final submission
E051,formula,L8,"In a general attention layer, how is the context vector computed from attention weights and input vectors?","The context vector is a weighted sum of input vectors, c = sum_i a_i x_i.",Lecture 8 general attention layer,weighted sum;attention weights;input vectors,no,answer,V1_retrieval_only,"Direct Answer:
In the general attention layer, the context vector is computed by first computing projections for query, key, and value vectors. Then, scaled dot-product alignment is calculated to determine weights for each input vector. Finally, these weights are used to compute a weighted sum of the value vectors to form the output context vector.

Key Terms:
- Projections (q, k, v)
- Scaled Dot-Product Alignment
- Softmax Function

Mechanism:
1. Compute projections: q = xWq, k = xWk, v = xWv
2. Calculate alignment scores: ei,j = qj ᐧ ki / √D
3. Apply softmax to get attention weights: a = softmax(e)
4. Compute weighted sum of value vectors: yj = ∑i ai,j vi

Formula:
yj = ∑i ai,j vi

Evidence:
[Evidence 1], [Evidence 2], [Evidence 3]",12500c1d7a27;06bd4d441cea;7d0d84d31bb4;7d71e84b47fa;a78f3b469fb4,"Lecture 8(2).pdf, page 14, chunk 12500c1d7a27;Lecture 8(2).pdf, page 13, chunk 06bd4d441cea;Lecture 8(2).pdf, page 17, chunk 7d0d84d31bb4;Lecture 8(2).pdf, page 10, chunk 7d71e84b47fa;Lecture 8(2).pdf, page 16, chunk a78f3b469fb4",ollama,qwen2.5:3b,4.765133125001739,1,812,185,,1.0,1.0,1,,,auto-score; manually sanity-check before final submission
E051,formula,L8,"In a general attention layer, how is the context vector computed from attention weights and input vectors?","The context vector is a weighted sum of input vectors, c = sum_i a_i x_i.",Lecture 8 general attention layer,weighted sum;attention weights;input vectors,no,answer,V2_router_rewrite_retrieval,"Direct Answer: In the general attention layer, the context vector is computed by taking a weighted sum of the input vectors using attention weights derived from the alignment between the query and key vectors.

Key Terms:
- Alignment (ei = h ᐧ xi / √D)
- Attention (a = softmax(e))
- Context Vector (c = ∑i ai xi)

Mechanism:
1. Compute projections for key, value, and query vectors.
2. Align each input vector with the query using dot product followed by normalization.
3. Apply a softmax function to obtain attention weights.
4. Summarize weighted values to form the context vector.

Formula:
\[ c = \sum_{i} a_i x_i \]
where \( a_i = \text{softmax}(e_i) \), and
\[ e_i = \frac{\langle h, x_i \rangle}{\sqrt{D}} \]

Evidence: 1, 2, 3, 4, 10",12500c1d7a27;7d0d84d31bb4;eb9d7e1e1eee;06bd4d441cea;7d71e84b47fa,"Lecture 8(2).pdf, page 14, chunk 12500c1d7a27;Lecture 8(2).pdf, page 17, chunk 7d0d84d31bb4;Lecture 7(1).pdf, page 77, chunk eb9d7e1e1eee;Lecture 8(2).pdf, page 13, chunk 06bd4d441cea;Lecture 8(2).pdf, page 10, chunk 7d71e84b47fa",ollama,qwen2.5:3b,5.61087341599341,2,1019,231,"route={'in_scope': 'yes', 'question_type': 'calculation', 'lecture_topic': 'attention_layers_in_neural_networks', 'search_query': 'Lecture 8 attention transformer In a general attention layer, how is the context vector computed from attention weights and input vectors?'}",1.0,1.0,1,,,auto-score; manually sanity-check before final submission
E051,formula,L8,"In a general attention layer, how is the context vector computed from attention weights and input vectors?","The context vector is a weighted sum of input vectors, c = sum_i a_i x_i.",Lecture 8 general attention layer,weighted sum;attention weights;input vectors,no,answer,V3_retrieval_verifier,"Direct Answer:
In the general attention layer, the context vector is computed by first computing projections for query, key, and value vectors. Then, scaled dot-product alignment is calculated to determine weights for each input vector. Finally, these weights are used to compute a weighted sum of the value vectors to form the output context vector.

Key Terms:
- Projections (q, k, v)
- Scaled Dot-Product Alignment
- Softmax Function

Mechanism:
1. Compute projections: q = xWq, k = xWk, v = xWv
2. Calculate alignment scores: ei,j = qj ᐧ ki / √D
3. Apply softmax to get attention weights: a = softmax(e)
4. Compute weighted sum of value vectors: yj = ∑i ai,j vi

Formula:
yj = ∑i ai,j vi

Evidence:
[Evidence 1], [Evidence 2], [Evidence 3]",12500c1d7a27;06bd4d441cea;7d0d84d31bb4;7d71e84b47fa;a78f3b469fb4,"Lecture 8(2).pdf, page 14, chunk 12500c1d7a27;Lecture 8(2).pdf, page 13, chunk 06bd4d441cea;Lecture 8(2).pdf, page 17, chunk 7d0d84d31bb4;Lecture 8(2).pdf, page 10, chunk 7d71e84b47fa;Lecture 8(2).pdf, page 16, chunk a78f3b469fb4",ollama,qwen2.5:3b,10.14665283299837,2,1968,373,draft_then_verifier_rejected_overcorrection,1.0,1.0,1,,,auto-score; manually sanity-check before final submission
E051,formula,L8,"In a general attention layer, how is the context vector computed from attention weights and input vectors?","The context vector is a weighted sum of input vectors, c = sum_i a_i x_i.",Lecture 8 general attention layer,weighted sum;attention weights;input vectors,no,answer,V4_full_router_retrieval_verifier,"Direct Answer: In the general attention layer, the context vector is computed by taking a weighted sum of the input vectors using attention weights derived from the alignment between the query and key vectors.

Key Terms:
- Alignment (ei = h ᐧ xi / √D)
- Attention (a = softmax(e))
- Context Vector (c = ∑i ai xi)

Mechanism:
1. Compute projections for key, value, and query vectors.
2. Align each input vector with the query using dot product followed by normalization.
3. Apply a softmax function to obtain attention weights.
4. Summarize weighted values to form the context vector.

Formula:
\[ c = \sum_{i} a_i x_i \]
where \( a_i = \text{softmax}(e_i) \), and
\[ e_i = \frac{\langle h, x_i \rangle}{\sqrt{D}} \]

Evidence: 1, 2, 3, 4, 10",12500c1d7a27;7d0d84d31bb4;eb9d7e1e1eee;06bd4d441cea;7d71e84b47fa,"Lecture 8(2).pdf, page 14, chunk 12500c1d7a27;Lecture 8(2).pdf, page 17, chunk 7d0d84d31bb4;Lecture 7(1).pdf, page 77, chunk eb9d7e1e1eee;Lecture 8(2).pdf, page 13, chunk 06bd4d441cea;Lecture 8(2).pdf, page 10, chunk 7d71e84b47fa",ollama,qwen2.5:3b,11.048394456993265,3,2214,419,"route={""in_scope"": ""yes"", ""question_type"": ""calculation"", ""lecture_topic"": ""attention_layers_in_neural_networks"", ""search_query"": ""Lecture 8 attention transformer In a general attention layer, how is the context vector computed from attention weights and input vectors?""}",1.0,1.0,1,,,auto-score; manually sanity-check before final submission
E051,formula,L8,"In a general attention layer, how is the context vector computed from attention weights and input vectors?","The context vector is a weighted sum of input vectors, c = sum_i a_i x_i.",Lecture 8 general attention layer,weighted sum;attention weights;input vectors,no,answer,A1_full_without_router,"Direct Answer: In the general attention layer, the context vector is computed by taking a weighted sum of the input vectors using attention weights derived from the alignment between the query and key vectors.

Key Terms:
- Alignment (ei = h ᐧ xi / √D)
- Attention (a = softmax(e))
- Context Vector (c = ∑i ai xi)

Mechanism:
1. Compute projections for key, value, and query vectors.
2. Align each input vector with the query using dot product followed by normalization.
3. Apply a softmax function to obtain attention weights.
4. Summarize weighted values to form the context vector.

Formula:
\[ c = \sum_{i} a_i x_i \]
where \( a_i = \text{softmax}(e_i) \), and
\[ e_i = \frac{\langle h, x_i \rangle}{\sqrt{D}} \]

Evidence: 1, 2, 3, 4, 10",12500c1d7a27;7d0d84d31bb4;eb9d7e1e1eee;06bd4d441cea;7d71e84b47fa,"Lecture 8(2).pdf, page 14, chunk 12500c1d7a27;Lecture 8(2).pdf, page 17, chunk 7d0d84d31bb4;Lecture 7(1).pdf, page 77, chunk eb9d7e1e1eee;Lecture 8(2).pdf, page 13, chunk 06bd4d441cea;Lecture 8(2).pdf, page 10, chunk 7d71e84b47fa",ollama,qwen2.5:3b,10.124990415992215,2,2044,373,"route={""in_scope"": ""yes"", ""question_type"": ""calculation"", ""lecture_topic"": ""Lecture 8 attention transformer"", ""search_query"": ""Lecture 8 attention transformer In a general attention layer, how is the context vector computed from attention weights and input vectors?""}",1.0,1.0,1,,,auto-score; manually sanity-check before final submission
E051,formula,L8,"In a general attention layer, how is the context vector computed from attention weights and input vectors?","The context vector is a weighted sum of input vectors, c = sum_i a_i x_i.",Lecture 8 general attention layer,weighted sum;attention weights;input vectors,no,answer,A2_full_without_verifier,"Direct Answer: In the general attention layer, the context vector is computed by taking a weighted sum of the input vectors using attention weights derived from the alignment between the query and key vectors.

Key Terms:
- Alignment (ei = h ᐧ xi / √D)
- Attention (a = softmax(e))
- Context Vector (c = ∑i ai xi)

Mechanism:
1. Compute projections for key, value, and query vectors.
2. Align each input vector with the query using dot product followed by normalization.
3. Apply a softmax function to obtain attention weights.
4. Summarize weighted values to form the context vector.

Formula:
\[ c = \sum_{i} a_i x_i \]
where \( a_i = \text{softmax}(e_i) \), and
\[ e_i = \frac{\langle h, x_i \rangle}{\sqrt{D}} \]

Evidence: 1, 2, 3, 4, 10",12500c1d7a27;7d0d84d31bb4;eb9d7e1e1eee;06bd4d441cea;7d71e84b47fa,"Lecture 8(2).pdf, page 14, chunk 12500c1d7a27;Lecture 8(2).pdf, page 17, chunk 7d0d84d31bb4;Lecture 7(1).pdf, page 77, chunk eb9d7e1e1eee;Lecture 8(2).pdf, page 13, chunk 06bd4d441cea;Lecture 8(2).pdf, page 10, chunk 7d71e84b47fa",ollama,qwen2.5:3b,5.61087341599341,2,1019,231,"route={""in_scope"": ""yes"", ""question_type"": ""calculation"", ""lecture_topic"": ""attention_layers_in_neural_networks"", ""search_query"": ""Lecture 8 attention transformer In a general attention layer, how is the context vector computed from attention weights and input vectors?""}",1.0,1.0,1,,,auto-score; manually sanity-check before final submission
E051,formula,L8,"In a general attention layer, how is the context vector computed from attention weights and input vectors?","The context vector is a weighted sum of input vectors, c = sum_i a_i x_i.",Lecture 8 general attention layer,weighted sum;attention weights;input vectors,no,answer,A3_full_topk2,"Direct Answer: In the general attention layer, the context vector is computed by taking a weighted sum of input vectors using attention weights derived from scaled dot-product alignment.

Key Terms:
- Attention weights
- Scaled dot-product alignment

Mechanism:
The computation begins with projections (q, k, v) where q = xWq, k = xWk, and v = xWv. Then, the alignment scores are calculated as ei,j = qj ᐧ ki / √D. These scores are then passed through a softmax function to obtain attention weights ai,j. Finally, the context vector y is computed using these weights: yj = ∑i ai,j vi.

Evidence:
[Evidence 1], [Evidence 2]",12500c1d7a27;7d0d84d31bb4,"Lecture 8(2).pdf, page 14, chunk 12500c1d7a27;Lecture 8(2).pdf, page 17, chunk 7d0d84d31bb4",ollama,qwen2.5:3b,8.10478266699647,3,1491,359,"route={""in_scope"": ""yes"", ""question_type"": ""calculation"", ""lecture_topic"": ""attention_layers_in_neural_networks"", ""search_query"": ""Lecture 8 attention transformer In a general attention layer, how is the context vector computed from attention weights and input vectors?""}",1.0,1.0,1,,,auto-score; manually sanity-check before final submission
E051,formula,L8,"In a general attention layer, how is the context vector computed from attention weights and input vectors?","The context vector is a weighted sum of input vectors, c = sum_i a_i x_i.",Lecture 8 general attention layer,weighted sum;attention weights;input vectors,no,answer,A4_full_without_calculation_guard,"Direct Answer: In the general attention layer, the context vector is computed by taking a weighted sum of the input vectors using attention weights derived from the alignment between the query and key vectors.

Key Terms:
- Alignment (ei = h ᐧ xi / √D)
- Attention (a = softmax(e))
- Context Vector (c = ∑i ai xi)

Mechanism:
1. Compute projections for key, value, and query vectors.
2. Align each input vector with the query using dot product followed by normalization.
3. Apply a softmax function to obtain attention weights.
4. Summarize weighted values to form the context vector.

Formula:
\[ c = \sum_{i} a_i x_i \]
where \( a_i = \text{softmax}(e_i) \), and
\[ e_i = \frac{\langle h, x_i \rangle}{\sqrt{D}} \]

Evidence: 1, 2, 3, 4, 10",12500c1d7a27;7d0d84d31bb4;eb9d7e1e1eee;06bd4d441cea;7d71e84b47fa,"Lecture 8(2).pdf, page 14, chunk 12500c1d7a27;Lecture 8(2).pdf, page 17, chunk 7d0d84d31bb4;Lecture 7(1).pdf, page 77, chunk eb9d7e1e1eee;Lecture 8(2).pdf, page 13, chunk 06bd4d441cea;Lecture 8(2).pdf, page 10, chunk 7d71e84b47fa",ollama,qwen2.5:3b,11.048394456993265,3,2214,419,"route={""in_scope"": ""yes"", ""question_type"": ""calculation"", ""lecture_topic"": ""attention_layers_in_neural_networks"", ""search_query"": ""Lecture 8 attention transformer In a general attention layer, how is the context vector computed from attention weights and input vectors?""}",1.0,1.0,1,,,auto-score; manually sanity-check before final submission
E052,comparison,L8,Why are Transformers highly parallelizable compared with RNNs?,"Transformers rely on attention over tokens rather than recurrent step-by-step state updates, so many token operations can be computed in parallel.",Lecture 8 Transformer,attention;not recurrent;parallel,no,answer,V0_baseline_single_call,"Transformers are highly parallelizable due to their reliance on self-attention mechanisms which process each position independently of others in the sequence, allowing for concurrent computation across different positions. This contrasts with RNNs and LSTMs where computations at subsequent time steps depend on previous ones, leading to sequential dependencies that cannot be processed in parallel.",,,ollama,qwen2.5:3b,1.1665991249974468,1,94,99,,0.5,0.5,0,,,auto-score; manually sanity-check before final submission
E052,comparison,L8,Why are Transformers highly parallelizable compared with RNNs?,"Transformers rely on attention over tokens rather than recurrent step-by-step state updates, so many token operations can be computed in parallel.",Lecture 8 Transformer,attention;not recurrent;parallel,no,answer,V1_retrieval_only,"Direct Answer: Transformers are highly parallelizable compared with RNNs because the Transformer Encoder Encoder Block uses self-attention for interaction between vectors, which is independent and can be processed in parallel. In contrast, RNNs have an internal state that must be updated sequentially at each time step.

Key Course Terms:
- Self-Attention
- MLP (Multi-Layer Perceptron)
- Attention mechanism

Evidence: [Evidence 1], [Evidence 2]",0051874af614;d51e1f8f461c;d426ae82afb6;dd35120b4767;f31b6c2dd255,"Lecture 8(2).pdf, page 26, chunk 0051874af614;Lecture 7(1).pdf, page 7, chunk d51e1f8f461c;Lecture 7(1).pdf, page 69, chunk d426ae82afb6;Lecture 7(1).pdf, page 42, chunk dd35120b4767;Lecture 7(1).pdf, page 15, chunk f31b6c2dd255",ollama,qwen2.5:3b,2.7060328340012347,1,686,111,,0.5,1.0,1,,,auto-score; manually sanity-check before final submission
E052,comparison,L8,Why are Transformers highly parallelizable compared with RNNs?,"Transformers rely on attention over tokens rather than recurrent step-by-step state updates, so many token operations can be computed in parallel.",Lecture 8 Transformer,attention;not recurrent;parallel,no,answer,V2_router_rewrite_retrieval,"Transformers are highly parallelizable compared with RNNs due to their use of self-attention mechanism, which allows for independent processing of each input vector by MLP (Multi-Layer Perceptron), leading to high scalability and low memory usage.

Key Course Terms:
- Transformer Encoder Block
- Self-attention
- MLP

Caveat:
- High memory usage is a trade-off for the parallelizability advantage.

Evidence: [Evidence 3], [Evidence 4]",d51e1f8f461c;9bafece4e6fe;0051874af614;8726ed1d9ed7;3cb9ec28687f,"Lecture 7(1).pdf, page 7, chunk d51e1f8f461c;Lecture 9 .pdf, page 8, chunk 9bafece4e6fe;Lecture 8(2).pdf, page 26, chunk 0051874af614;Lecture 7(1).pdf, page 79, chunk 8726ed1d9ed7;Lecture 7(1).pdf, page 5, chunk 3cb9ec28687f",ollama,qwen2.5:3b,3.6624060419926536,2,878,157,"route={'in_scope': 'yes', 'question_type': 'comparison', 'lecture_topic': 'transformers_vs_rnn_parallelism', 'search_query': 'Lecture 7 recurrent neural network Why are Transformers highly parallelizable compared with RNNs?'}",0.5,1.0,1,,,auto-score; manually sanity-check before final submission
E052,comparison,L8,Why are Transformers highly parallelizable compared with RNNs?,"Transformers rely on attention over tokens rather than recurrent step-by-step state updates, so many token operations can be computed in parallel.",Lecture 8 Transformer,attention;not recurrent;parallel,no,answer,V3_retrieval_verifier,"Direct Answer: Transformers are highly parallelizable compared with RNNs because the Transformer Encoder Encoder Block uses self-attention for interaction between vectors, which is independent and can be processed in parallel. In contrast, RNNs have an internal state that must be updated sequentially at each time step.

Key Course Terms:
- Self-Attention
- MLP (Multi-Layer Perceptron)
- Attention mechanism

Evidence: [Evidence 1], [Evidence 2]",0051874af614;d51e1f8f461c;d426ae82afb6;dd35120b4767;f31b6c2dd255,"Lecture 8(2).pdf, page 26, chunk 0051874af614;Lecture 7(1).pdf, page 7, chunk d51e1f8f461c;Lecture 7(1).pdf, page 69, chunk d426ae82afb6;Lecture 7(1).pdf, page 42, chunk dd35120b4767;Lecture 7(1).pdf, page 15, chunk f31b6c2dd255",ollama,qwen2.5:3b,5.4414018760071485,2,1632,203,draft_then_verifier_rejected_overcorrection,0.5,1.0,1,,,auto-score; manually sanity-check before final submission
E052,comparison,L8,Why are Transformers highly parallelizable compared with RNNs?,"Transformers rely on attention over tokens rather than recurrent step-by-step state updates, so many token operations can be computed in parallel.",Lecture 8 Transformer,attention;not recurrent;parallel,no,answer,V4_full_router_retrieval_verifier,"Transformers are highly parallelizable compared with RNNs due to their use of self-attention mechanism, which allows for independent processing of each input vector by MLP (Multi-Layer Perceptron), leading to high scalability and low memory usage.

Key Course Terms:
- Transformer Encoder Block
- Self-attention
- MLP

Caveat:
- High memory usage is a trade-off for the parallelizability advantage.

Evidence: [Evidence 3], [Evidence 4]",d51e1f8f461c;9bafece4e6fe;0051874af614;8726ed1d9ed7;3cb9ec28687f,"Lecture 7(1).pdf, page 7, chunk d51e1f8f461c;Lecture 9 .pdf, page 8, chunk 9bafece4e6fe;Lecture 8(2).pdf, page 26, chunk 0051874af614;Lecture 7(1).pdf, page 79, chunk 8726ed1d9ed7;Lecture 7(1).pdf, page 5, chunk 3cb9ec28687f",ollama,qwen2.5:3b,6.3548537509923335,3,1854,234,"route={""in_scope"": ""yes"", ""question_type"": ""comparison"", ""lecture_topic"": ""transformers_vs_rnn_parallelism"", ""search_query"": ""Lecture 7 recurrent neural network Why are Transformers highly parallelizable compared with RNNs?""}",0.5,1.0,1,,,auto-score; manually sanity-check before final submission
E052,comparison,L8,Why are Transformers highly parallelizable compared with RNNs?,"Transformers rely on attention over tokens rather than recurrent step-by-step state updates, so many token operations can be computed in parallel.",Lecture 8 Transformer,attention;not recurrent;parallel,no,answer,A1_full_without_router,"Transformers are highly parallelizable compared with RNNs due to their use of self-attention mechanism, which allows for independent processing of each input vector by MLP (Multi-Layer Perceptron), leading to high scalability and low memory usage.

Key Course Terms:
- Transformer Encoder Block
- Self-attention
- MLP

Caveat:
- High memory usage is a trade-off for the parallelizability advantage.

Evidence: [Evidence 3], [Evidence 4]",d51e1f8f461c;9bafece4e6fe;0051874af614;8726ed1d9ed7;3cb9ec28687f,"Lecture 7(1).pdf, page 7, chunk d51e1f8f461c;Lecture 9 .pdf, page 8, chunk 9bafece4e6fe;Lecture 8(2).pdf, page 26, chunk 0051874af614;Lecture 7(1).pdf, page 79, chunk 8726ed1d9ed7;Lecture 7(1).pdf, page 5, chunk 3cb9ec28687f",ollama,qwen2.5:3b,5.375794540996139,2,1697,186,"route={""in_scope"": ""yes"", ""question_type"": ""comparison"", ""lecture_topic"": ""Lecture 7 recurrent neural network"", ""search_query"": ""Lecture 7 recurrent neural network Why are Transformers highly parallelizable compared with RNNs?""}",0.5,1.0,1,,,auto-score; manually sanity-check before final submission
E052,comparison,L8,Why are Transformers highly parallelizable compared with RNNs?,"Transformers rely on attention over tokens rather than recurrent step-by-step state updates, so many token operations can be computed in parallel.",Lecture 8 Transformer,attention;not recurrent;parallel,no,answer,A2_full_without_verifier,"Transformers are highly parallelizable compared with RNNs due to their use of self-attention mechanism, which allows for independent processing of each input vector by MLP (Multi-Layer Perceptron), leading to high scalability and low memory usage.

Key Course Terms:
- Transformer Encoder Block
- Self-attention
- MLP

Caveat:
- High memory usage is a trade-off for the parallelizability advantage.

Evidence: [Evidence 3], [Evidence 4]",d51e1f8f461c;9bafece4e6fe;0051874af614;8726ed1d9ed7;3cb9ec28687f,"Lecture 7(1).pdf, page 7, chunk d51e1f8f461c;Lecture 9 .pdf, page 8, chunk 9bafece4e6fe;Lecture 8(2).pdf, page 26, chunk 0051874af614;Lecture 7(1).pdf, page 79, chunk 8726ed1d9ed7;Lecture 7(1).pdf, page 5, chunk 3cb9ec28687f",ollama,qwen2.5:3b,3.6624060419926536,2,878,157,"route={""in_scope"": ""yes"", ""question_type"": ""comparison"", ""lecture_topic"": ""transformers_vs_rnn_parallelism"", ""search_query"": ""Lecture 7 recurrent neural network Why are Transformers highly parallelizable compared with RNNs?""}",0.5,1.0,1,,,auto-score; manually sanity-check before final submission
E052,comparison,L8,Why are Transformers highly parallelizable compared with RNNs?,"Transformers rely on attention over tokens rather than recurrent step-by-step state updates, so many token operations can be computed in parallel.",Lecture 8 Transformer,attention;not recurrent;parallel,no,answer,A3_full_topk2,"Direct Answer: Transformers are highly parallelizable compared with RNNs because they do not rely on an ""internal state"" that is updated as a sequence is processed. Instead, Transformers use self-attention mechanisms to weigh the importance of different words in a sentence independently.

Key Terms:
- Internal State

Mechanism/Caveat:
- In contrast to RNNs, which have an internal state that updates with each time step, Transformers process all input data simultaneously without such sequential dependencies. This allows for parallel processing across the entire sequence.

Evidence: [Evidence 1], [Evidence 2]",d51e1f8f461c;9bafece4e6fe,"Lecture 7(1).pdf, page 7, chunk d51e1f8f461c;Lecture 9 .pdf, page 8, chunk 9bafece4e6fe",ollama,qwen2.5:3b,6.504462167999009,3,1243,357,"route={""in_scope"": ""yes"", ""question_type"": ""comparison"", ""lecture_topic"": ""transformers_vs_rnn_parallelism"", ""search_query"": ""Lecture 7 recurrent neural network Why are Transformers highly parallelizable compared with RNNs?""}",0.5,1.0,0,,,auto-score; manually sanity-check before final submission
E052,comparison,L8,Why are Transformers highly parallelizable compared with RNNs?,"Transformers rely on attention over tokens rather than recurrent step-by-step state updates, so many token operations can be computed in parallel.",Lecture 8 Transformer,attention;not recurrent;parallel,no,answer,A4_full_without_calculation_guard,"Transformers are highly parallelizable compared with RNNs due to their use of self-attention mechanism, which allows for independent processing of each input vector by MLP (Multi-Layer Perceptron), leading to high scalability and low memory usage.

Key Course Terms:
- Transformer Encoder Block
- Self-attention
- MLP

Caveat:
- High memory usage is a trade-off for the parallelizability advantage.

Evidence: [Evidence 3], [Evidence 4]",d51e1f8f461c;9bafece4e6fe;0051874af614;8726ed1d9ed7;3cb9ec28687f,"Lecture 7(1).pdf, page 7, chunk d51e1f8f461c;Lecture 9 .pdf, page 8, chunk 9bafece4e6fe;Lecture 8(2).pdf, page 26, chunk 0051874af614;Lecture 7(1).pdf, page 79, chunk 8726ed1d9ed7;Lecture 7(1).pdf, page 5, chunk 3cb9ec28687f",ollama,qwen2.5:3b,6.3548537509923335,3,1854,234,"route={""in_scope"": ""yes"", ""question_type"": ""comparison"", ""lecture_topic"": ""transformers_vs_rnn_parallelism"", ""search_query"": ""Lecture 7 recurrent neural network Why are Transformers highly parallelizable compared with RNNs?""}",0.5,1.0,1,,,auto-score; manually sanity-check before final submission
E053,concept,L8,What is unsupervised learning according to the course structure?,"Unsupervised learning uses data without labels to learn hidden structure, such as dimensionality reduction or clustering.",Lecture 8 unsupervised learning,no labels;hidden structure;dimensionality reduction;clustering,no,answer,V0_baseline_single_call,"According to the course structure (e.g., COMP5541), unsupervised learning refers to a type of machine learning where the model learns patterns from input data without human intervention or labeled responses. This approach involves algorithms that process unlabelled data and discover hidden patterns, structures, or relationships within the data.",,,ollama,qwen2.5:3b,1.137286290999327,1,95,86,,0.0,0.5,0,,,auto-score; manually sanity-check before final submission
E053,concept,L8,What is unsupervised learning according to the course structure?,"Unsupervised learning uses data without labels to learn hidden structure, such as dimensionality reduction or clustering.",Lecture 8 unsupervised learning,no labels;hidden structure;dimensionality reduction;clustering,no,answer,V1_retrieval_only,"**Direct Answer:** According to the course structure, unsupervised learning is a part of the machine learning techniques covered in the first two parts (L1-L7).

**Key Course Terms:** Machine Learning Techniques, Unsupervised Learning

**Evidence Used:**
[Evidence 1], [Evidence 2]",553b153b0af9;c5e2f2de52b8;64e580f297af;fd1df2d06283;ffbd6e40f45a,"Lecture 8(2).pdf, page 2, chunk 553b153b0af9;Lecture 8(2).pdf, page 32, chunk c5e2f2de52b8;Lecture2-2026-COMP5541(1).pdf, page 4, chunk 64e580f297af;Lecture 8(2).pdf, page 57, chunk fd1df2d06283;Lecture 8(2).pdf, page 30, chunk ffbd6e40f45a",ollama,qwen2.5:3b,2.3172453330043936,1,790,70,,0.0,1.0,1,,,auto-score; manually sanity-check before final submission
E053,concept,L8,What is unsupervised learning according to the course structure?,"Unsupervised learning uses data without labels to learn hidden structure, such as dimensionality reduction or clustering.",Lecture 8 unsupervised learning,no labels;hidden structure;dimensionality reduction;clustering,no,answer,V2_router_rewrite_retrieval,"Unsupervised learning according to the course structure is a type of machine learning where data x without external labels y is used to learn underlying hidden structures of the data. Examples include tasks such as dimensionality reduction, clustering, and representation learning.

Key Course Terms:
- Unsupervised Learning

Mechanism/Caveat:
- In unsupervised learning, models are trained on input data alone (x) without corresponding output or label information (y). The goal is to discover patterns, structures, or features within the data that can be used for tasks like clustering or dimensionality reduction.

Evidence: [Evidence 1], [Evidence 2]",fd1df2d06283;c5e2f2de52b8;380523a60066;64e580f297af;16de32f3cae8,"Lecture 8(2).pdf, page 57, chunk fd1df2d06283;Lecture 8(2).pdf, page 32, chunk c5e2f2de52b8;Lecture 8(2).pdf, page 61, chunk 380523a60066;Lecture2-2026-COMP5541(1).pdf, page 4, chunk 64e580f297af;Lecture 8(2).pdf, page 1, chunk 16de32f3cae8",ollama,qwen2.5:3b,4.385951582997222,2,1060,216,"route={'in_scope': 'yes', 'question_type': 'definition', 'lecture_topic': 'L4 - Introduction to Machine Learning and Unsupervised Learning', 'search_query': 'Lecture 8 unsupervised learning What is unsupervised learning according to the course structure?'}",1.0,1.0,1,,,auto-score; manually sanity-check before final submission
E053,concept,L8,What is unsupervised learning according to the course structure?,"Unsupervised learning uses data without labels to learn hidden structure, such as dimensionality reduction or clustering.",Lecture 8 unsupervised learning,no labels;hidden structure;dimensionality reduction;clustering,no,answer,V3_retrieval_verifier,"**Direct Answer:** According to the course structure, unsupervised learning is a part of the machine learning techniques covered in the first two parts (L1-L7).

**Key Course Terms:** Machine Learning Techniques, Unsupervised Learning

**Evidence Used:**
[Evidence 1], [Evidence 2]",553b153b0af9;c5e2f2de52b8;64e580f297af;fd1df2d06283;ffbd6e40f45a,"Lecture 8(2).pdf, page 2, chunk 553b153b0af9;Lecture 8(2).pdf, page 32, chunk c5e2f2de52b8;Lecture2-2026-COMP5541(1).pdf, page 4, chunk 64e580f297af;Lecture 8(2).pdf, page 57, chunk fd1df2d06283;Lecture 8(2).pdf, page 30, chunk ffbd6e40f45a",ollama,qwen2.5:3b,4.701476375004859,2,1797,124,draft_then_verifier_rejected_overcorrection,0.0,1.0,1,,,auto-score; manually sanity-check before final submission
E053,concept,L8,What is unsupervised learning according to the course structure?,"Unsupervised learning uses data without labels to learn hidden structure, such as dimensionality reduction or clustering.",Lecture 8 unsupervised learning,no labels;hidden structure;dimensionality reduction;clustering,no,answer,V4_full_router_retrieval_verifier,"Unsupervised learning according to the course structure is a type of machine learning where data x without external labels y is used to learn underlying hidden structures of the data. Examples include tasks such as dimensionality reduction, clustering, and representation learning.

Key Course Terms:
- Unsupervised Learning

Mechanism/Caveat:
- In unsupervised learning, models are trained on input data alone (x) without corresponding output or label information (y). The goal is to discover patterns, structures, or features within the data that can be used for tasks like clustering or dimensionality reduction.

Evidence: [Evidence 1], [Evidence 2]",fd1df2d06283;c5e2f2de52b8;380523a60066;64e580f297af;16de32f3cae8,"Lecture 8(2).pdf, page 57, chunk fd1df2d06283;Lecture 8(2).pdf, page 32, chunk c5e2f2de52b8;Lecture 8(2).pdf, page 61, chunk 380523a60066;Lecture2-2026-COMP5541(1).pdf, page 4, chunk 64e580f297af;Lecture 8(2).pdf, page 1, chunk 16de32f3cae8",ollama,qwen2.5:3b,8.428213207997032,3,2280,385,"route={""in_scope"": ""yes"", ""question_type"": ""definition"", ""lecture_topic"": ""L4 - Introduction to Machine Learning and Unsupervised Learning"", ""search_query"": ""Lecture 8 unsupervised learning What is unsupervised learning according to the course structure?""}",1.0,1.0,1,,,auto-score; manually sanity-check before final submission
E053,concept,L8,What is unsupervised learning according to the course structure?,"Unsupervised learning uses data without labels to learn hidden structure, such as dimensionality reduction or clustering.",Lecture 8 unsupervised learning,no labels;hidden structure;dimensionality reduction;clustering,no,answer,A1_full_without_router,"Unsupervised learning according to the course structure is a type of machine learning where data x without external labels y is used to learn underlying hidden structures of the data. Examples include tasks such as dimensionality reduction, clustering, and representation learning.

Key Course Terms:
- Unsupervised Learning

Mechanism/Caveat:
- In unsupervised learning, models are trained on input data alone (x) without corresponding output or label information (y). The goal is to discover patterns, structures, or features within the data that can be used for tasks like clustering or dimensionality reduction.

Evidence: [Evidence 1], [Evidence 2]",fd1df2d06283;c5e2f2de52b8;380523a60066;64e580f297af;16de32f3cae8,"Lecture 8(2).pdf, page 57, chunk fd1df2d06283;Lecture 8(2).pdf, page 32, chunk c5e2f2de52b8;Lecture 8(2).pdf, page 61, chunk 380523a60066;Lecture2-2026-COMP5541(1).pdf, page 4, chunk 64e580f297af;Lecture 8(2).pdf, page 1, chunk 16de32f3cae8",ollama,qwen2.5:3b,7.360712499998044,2,2112,332,"route={""in_scope"": ""yes"", ""question_type"": ""concept"", ""lecture_topic"": ""Lecture 8 unsupervised learning"", ""search_query"": ""Lecture 8 unsupervised learning What is unsupervised learning according to the course structure?""}",1.0,1.0,1,,,auto-score; manually sanity-check before final submission
E053,concept,L8,What is unsupervised learning according to the course structure?,"Unsupervised learning uses data without labels to learn hidden structure, such as dimensionality reduction or clustering.",Lecture 8 unsupervised learning,no labels;hidden structure;dimensionality reduction;clustering,no,answer,A2_full_without_verifier,"Unsupervised learning according to the course structure is a type of machine learning where data x without external labels y is used to learn underlying hidden structures of the data. Examples include tasks such as dimensionality reduction, clustering, and representation learning.

Key Course Terms:
- Unsupervised Learning

Mechanism/Caveat:
- In unsupervised learning, models are trained on input data alone (x) without corresponding output or label information (y). The goal is to discover patterns, structures, or features within the data that can be used for tasks like clustering or dimensionality reduction.

Evidence: [Evidence 1], [Evidence 2]",fd1df2d06283;c5e2f2de52b8;380523a60066;64e580f297af;16de32f3cae8,"Lecture 8(2).pdf, page 57, chunk fd1df2d06283;Lecture 8(2).pdf, page 32, chunk c5e2f2de52b8;Lecture 8(2).pdf, page 61, chunk 380523a60066;Lecture2-2026-COMP5541(1).pdf, page 4, chunk 64e580f297af;Lecture 8(2).pdf, page 1, chunk 16de32f3cae8",ollama,qwen2.5:3b,4.385951582997222,2,1060,216,"route={""in_scope"": ""yes"", ""question_type"": ""definition"", ""lecture_topic"": ""L4 - Introduction to Machine Learning and Unsupervised Learning"", ""search_query"": ""Lecture 8 unsupervised learning What is unsupervised learning according to the course structure?""}",1.0,1.0,1,,,auto-score; manually sanity-check before final submission
E053,concept,L8,What is unsupervised learning according to the course structure?,"Unsupervised learning uses data without labels to learn hidden structure, such as dimensionality reduction or clustering.",Lecture 8 unsupervised learning,no labels;hidden structure;dimensionality reduction;clustering,no,answer,A3_full_topk2,"According to the course structure, unsupervised learning is a type of machine learning where the model learns from data without labeled responses. The key mechanism for unsupervised learning involves algorithms like Hebbian learning and K-means clustering that operate on input data alone.

Evidence: [Evidence 1], [Evidence 2]",fd1df2d06283;c5e2f2de52b8,"Lecture 8(2).pdf, page 57, chunk fd1df2d06283;Lecture 8(2).pdf, page 32, chunk c5e2f2de52b8",ollama,qwen2.5:3b,5.054443833003461,3,1294,222,"route={""in_scope"": ""yes"", ""question_type"": ""definition"", ""lecture_topic"": ""L4 - Introduction to Machine Learning and Unsupervised Learning"", ""search_query"": ""Lecture 8 unsupervised learning What is unsupervised learning according to the course structure?""}",0.0,1.0,1,,,auto-score; manually sanity-check before final submission
E053,concept,L8,What is unsupervised learning according to the course structure?,"Unsupervised learning uses data without labels to learn hidden structure, such as dimensionality reduction or clustering.",Lecture 8 unsupervised learning,no labels;hidden structure;dimensionality reduction;clustering,no,answer,A4_full_without_calculation_guard,"Unsupervised learning according to the course structure is a type of machine learning where data x without external labels y is used to learn underlying hidden structures of the data. Examples include tasks such as dimensionality reduction, clustering, and representation learning.

Key Course Terms:
- Unsupervised Learning

Mechanism/Caveat:
- In unsupervised learning, models are trained on input data alone (x) without corresponding output or label information (y). The goal is to discover patterns, structures, or features within the data that can be used for tasks like clustering or dimensionality reduction.

Evidence: [Evidence 1], [Evidence 2]",fd1df2d06283;c5e2f2de52b8;380523a60066;64e580f297af;16de32f3cae8,"Lecture 8(2).pdf, page 57, chunk fd1df2d06283;Lecture 8(2).pdf, page 32, chunk c5e2f2de52b8;Lecture 8(2).pdf, page 61, chunk 380523a60066;Lecture2-2026-COMP5541(1).pdf, page 4, chunk 64e580f297af;Lecture 8(2).pdf, page 1, chunk 16de32f3cae8",ollama,qwen2.5:3b,8.428213207997032,3,2280,385,"route={""in_scope"": ""yes"", ""question_type"": ""definition"", ""lecture_topic"": ""L4 - Introduction to Machine Learning and Unsupervised Learning"", ""search_query"": ""Lecture 8 unsupervised learning What is unsupervised learning according to the course structure?""}",1.0,1.0,1,,,auto-score; manually sanity-check before final submission
E054,concept,L8,What is the goal of dimensionality reduction?,It learns a lower-dimensional representation that preserves useful structure in the data.,Lecture 8 unsupervised learning,lower-dimensional representation;preserve structure,no,answer,V0_baseline_single_call,The goal of dimensionality reduction is to reduce the number of random variables under consideration by obtaining a set of principal variables. This process aims to simplify data analysis and machine learning models while retaining important information. (COMP5541: 2.3),,,ollama,qwen2.5:3b,2.236536167001759,1,90,67,,0.0,0.5,0,,,auto-score; manually sanity-check before final submission
E054,concept,L8,What is the goal of dimensionality reduction?,It learns a lower-dimensional representation that preserves useful structure in the data.,Lecture 8 unsupervised learning,lower-dimensional representation;preserve structure,no,answer,V1_retrieval_only,"The goal of dimensionality reduction is to learn underlying hidden structures of the data, which can be used for representation learning and clustering tasks. This process aims at reducing the number of variables or features under consideration by transforming them into a lower-dimensional space.

Key Course Terms:
- Dimensionality Reduction

Mechanism:
- Learning compressed hidden representations through autoencoder architectures
- Encoder: Transforms input data to a bottleneck layer
- Decoder: Reconstructs the original data from the bottleneck representation
- Loss function: Typically involves reconstruction loss, guiding the model to minimize errors in reconstructing the input data

Caveat:
- The reduction aims at capturing essential features of the data without losing critical information for tasks like clustering and learning underlying structures.

Evidence: [Evidence 1], [Evidence 2]",c5e2f2de52b8;c5fc01a2e0ae;19d8704cd660;5706868d0daf;64e580f297af,"Lecture 8(2).pdf, page 32, chunk c5e2f2de52b8;Lecture 9 .pdf, page 2, chunk c5fc01a2e0ae;Lecture 8(2).pdf, page 49, chunk 19d8704cd660;Lecture 8(2).pdf, page 48, chunk 5706868d0daf;Lecture2-2026-COMP5541(1).pdf, page 4, chunk 64e580f297af",ollama,qwen2.5:3b,3.631502625001304,1,638,225,,0.5,1.0,1,,,auto-score; manually sanity-check before final submission
E054,concept,L8,What is the goal of dimensionality reduction?,It learns a lower-dimensional representation that preserves useful structure in the data.,Lecture 8 unsupervised learning,lower-dimensional representation;preserve structure,no,answer,V2_router_rewrite_retrieval,"The goal of dimensionality reduction is to learn underlying hidden structures of the data, which can be used for representation learning and clustering tasks. This process aims at reducing the number of variables or features under consideration by transforming them into a lower-dimensional space.

Key Course Terms:
- Dimensionality Reduction

Mechanism:
- Learning compressed hidden representations through autoencoder architectures
- Encoder: Transforms input data to a bottleneck layer
- Decoder: Reconstructs the original data from the bottleneck representation
- Loss function: Typically involves reconstruction loss, guiding the model to minimize errors in reconstructing the input data

Caveat:
- The reduction aims at capturing essential features of the data without losing critical information for tasks like clustering and learning underlying structures.

Evidence: [Evidence 1], [Evidence 2]",c5e2f2de52b8;c5fc01a2e0ae;19d8704cd660;5706868d0daf;64e580f297af,"Lecture 8(2).pdf, page 32, chunk c5e2f2de52b8;Lecture 9 .pdf, page 2, chunk c5fc01a2e0ae;Lecture 8(2).pdf, page 49, chunk 19d8704cd660;Lecture 8(2).pdf, page 48, chunk 5706868d0daf;Lecture2-2026-COMP5541(1).pdf, page 4, chunk 64e580f297af",ollama,qwen2.5:3b,4.314948623999953,2,792,270,"route={'in_scope': 'yes', 'question_type': 'concept', 'lecture_topic': 'Dimensionality Reduction Techniques', 'search_query': 'COMP5541 Lectures 2-9 What is the goal of dimensionality reduction?'}",0.5,1.0,1,,,auto-score; manually sanity-check before final submission
E054,concept,L8,What is the goal of dimensionality reduction?,It learns a lower-dimensional representation that preserves useful structure in the data.,Lecture 8 unsupervised learning,lower-dimensional representation;preserve structure,no,answer,V3_retrieval_verifier,"The goal of dimensionality reduction is to learn underlying hidden structures of the data, which can be used for representation learning and clustering tasks. This process aims at reducing the number of variables or features under consideration by transforming them into a lower-dimensional space.

Key Course Terms:
- Dimensionality Reduction

Mechanism:
- Learning compressed hidden representations through autoencoder architectures
- Encoder: Transforms input data to a bottleneck layer
- Decoder: Reconstructs the original data from the bottleneck representation
- Loss function: Typically involves reconstruction loss, guiding the model to minimize errors in reconstructing the input data

Caveat:
- The reduction aims at capturing essential features of the data without losing critical information for tasks like clustering and learning underlying structures.

Evidence: [Evidence 1], [Evidence 2]",c5e2f2de52b8;c5fc01a2e0ae;19d8704cd660;5706868d0daf;64e580f297af,"Lecture 8(2).pdf, page 32, chunk c5e2f2de52b8;Lecture 9 .pdf, page 2, chunk c5fc01a2e0ae;Lecture 8(2).pdf, page 49, chunk 19d8704cd660;Lecture 8(2).pdf, page 48, chunk 5706868d0daf;Lecture2-2026-COMP5541(1).pdf, page 4, chunk 64e580f297af",ollama,qwen2.5:3b,5.825236167002004,2,1639,282,draft_then_verifier_rejected_overcorrection,0.5,1.0,1,,,auto-score; manually sanity-check before final submission
E054,concept,L8,What is the goal of dimensionality reduction?,It learns a lower-dimensional representation that preserves useful structure in the data.,Lecture 8 unsupervised learning,lower-dimensional representation;preserve structure,no,answer,V4_full_router_retrieval_verifier,"The goal of dimensionality reduction is to learn underlying hidden structures of the data, which can be used for representation learning and clustering tasks. This process aims at reducing the number of variables or features under consideration by transforming them into a lower-dimensional space.

Key Course Terms:
- Dimensionality Reduction

Mechanism:
- Learning compressed hidden representations through autoencoder architectures
- Encoder: Transforms input data to a bottleneck layer
- Decoder: Reconstructs the original data from the bottleneck representation
- Loss function: Typically involves reconstruction loss, guiding the model to minimize errors in reconstructing the input data

Caveat:
- The reduction aims at capturing essential features of the data without losing critical information for tasks like clustering and learning underlying structures.

Evidence: [Evidence 1], [Evidence 2]",c5e2f2de52b8;c5fc01a2e0ae;19d8704cd660;5706868d0daf;64e580f297af,"Lecture 8(2).pdf, page 32, chunk c5e2f2de52b8;Lecture 9 .pdf, page 2, chunk c5fc01a2e0ae;Lecture 8(2).pdf, page 49, chunk 19d8704cd660;Lecture 8(2).pdf, page 48, chunk 5706868d0daf;Lecture2-2026-COMP5541(1).pdf, page 4, chunk 64e580f297af",ollama,qwen2.5:3b,6.474270582002646,3,1796,327,"route={""in_scope"": ""yes"", ""question_type"": ""concept"", ""lecture_topic"": ""Dimensionality Reduction Techniques"", ""search_query"": ""COMP5541 Lectures 2-9 What is the goal of dimensionality reduction?""}",0.5,1.0,1,,,auto-score; manually sanity-check before final submission
E054,concept,L8,What is the goal of dimensionality reduction?,It learns a lower-dimensional representation that preserves useful structure in the data.,Lecture 8 unsupervised learning,lower-dimensional representation;preserve structure,no,answer,A1_full_without_router,"The goal of dimensionality reduction is to learn underlying hidden structures of the data, which can be used for representation learning and clustering tasks. This process aims at reducing the number of variables or features under consideration by transforming them into a lower-dimensional space.

Key Course Terms:
- Dimensionality Reduction

Mechanism:
- Learning compressed hidden representations through autoencoder architectures
- Encoder: Transforms input data to a bottleneck layer
- Decoder: Reconstructs the original data from the bottleneck representation
- Loss function: Typically involves reconstruction loss, guiding the model to minimize errors in reconstructing the input data

Caveat:
- The reduction aims at capturing essential features of the data without losing critical information for tasks like clustering and learning underlying structures.

Evidence: [Evidence 1], [Evidence 2]",c5e2f2de52b8;c5fc01a2e0ae;19d8704cd660;5706868d0daf;64e580f297af,"Lecture 8(2).pdf, page 32, chunk c5e2f2de52b8;Lecture 9 .pdf, page 2, chunk c5fc01a2e0ae;Lecture 8(2).pdf, page 49, chunk 19d8704cd660;Lecture 8(2).pdf, page 48, chunk 5706868d0daf;Lecture2-2026-COMP5541(1).pdf, page 4, chunk 64e580f297af",ollama,qwen2.5:3b,5.531179290999717,2,1639,282,"route={""in_scope"": ""yes"", ""question_type"": ""concept"", ""lecture_topic"": ""COMP5541 Lectures 2-9"", ""search_query"": ""COMP5541 Lectures 2-9 What is the goal of dimensionality reduction?""}",0.5,1.0,1,,,auto-score; manually sanity-check before final submission
E054,concept,L8,What is the goal of dimensionality reduction?,It learns a lower-dimensional representation that preserves useful structure in the data.,Lecture 8 unsupervised learning,lower-dimensional representation;preserve structure,no,answer,A2_full_without_verifier,"The goal of dimensionality reduction is to learn underlying hidden structures of the data, which can be used for representation learning and clustering tasks. This process aims at reducing the number of variables or features under consideration by transforming them into a lower-dimensional space.

Key Course Terms:
- Dimensionality Reduction

Mechanism:
- Learning compressed hidden representations through autoencoder architectures
- Encoder: Transforms input data to a bottleneck layer
- Decoder: Reconstructs the original data from the bottleneck representation
- Loss function: Typically involves reconstruction loss, guiding the model to minimize errors in reconstructing the input data

Caveat:
- The reduction aims at capturing essential features of the data without losing critical information for tasks like clustering and learning underlying structures.

Evidence: [Evidence 1], [Evidence 2]",c5e2f2de52b8;c5fc01a2e0ae;19d8704cd660;5706868d0daf;64e580f297af,"Lecture 8(2).pdf, page 32, chunk c5e2f2de52b8;Lecture 9 .pdf, page 2, chunk c5fc01a2e0ae;Lecture 8(2).pdf, page 49, chunk 19d8704cd660;Lecture 8(2).pdf, page 48, chunk 5706868d0daf;Lecture2-2026-COMP5541(1).pdf, page 4, chunk 64e580f297af",ollama,qwen2.5:3b,4.314948623999953,2,792,270,"route={""in_scope"": ""yes"", ""question_type"": ""concept"", ""lecture_topic"": ""Dimensionality Reduction Techniques"", ""search_query"": ""COMP5541 Lectures 2-9 What is the goal of dimensionality reduction?""}",0.5,1.0,1,,,auto-score; manually sanity-check before final submission
E054,concept,L8,What is the goal of dimensionality reduction?,It learns a lower-dimensional representation that preserves useful structure in the data.,Lecture 8 unsupervised learning,lower-dimensional representation;preserve structure,no,answer,A3_full_topk2,"The goal of dimensionality reduction is to learn an underlying hidden structure of the data and reduce its complexity. This involves creating a compressed hidden representation of the data.

Key Course Terms:
- Unsupervised Learning

Mechanism:
Dimensionality reduction aims to transform high-dimensional data into lower dimensions while preserving as much relevant information as possible. Techniques like autoencoders, K-means clustering, and generative models are used for this purpose.

Evidence: [Evidence 1], [Evidence 2]",c5e2f2de52b8;c5fc01a2e0ae,"Lecture 8(2).pdf, page 32, chunk c5e2f2de52b8;Lecture 9 .pdf, page 2, chunk c5fc01a2e0ae",ollama,qwen2.5:3b,5.785795124997094,3,1244,314,"route={""in_scope"": ""yes"", ""question_type"": ""concept"", ""lecture_topic"": ""Dimensionality Reduction Techniques"", ""search_query"": ""COMP5541 Lectures 2-9 What is the goal of dimensionality reduction?""}",0.5,1.0,1,,,auto-score; manually sanity-check before final submission
E054,concept,L8,What is the goal of dimensionality reduction?,It learns a lower-dimensional representation that preserves useful structure in the data.,Lecture 8 unsupervised learning,lower-dimensional representation;preserve structure,no,answer,A4_full_without_calculation_guard,"The goal of dimensionality reduction is to learn underlying hidden structures of the data, which can be used for representation learning and clustering tasks. This process aims at reducing the number of variables or features under consideration by transforming them into a lower-dimensional space.

Key Course Terms:
- Dimensionality Reduction

Mechanism:
- Learning compressed hidden representations through autoencoder architectures
- Encoder: Transforms input data to a bottleneck layer
- Decoder: Reconstructs the original data from the bottleneck representation
- Loss function: Typically involves reconstruction loss, guiding the model to minimize errors in reconstructing the input data

Caveat:
- The reduction aims at capturing essential features of the data without losing critical information for tasks like clustering and learning underlying structures.

Evidence: [Evidence 1], [Evidence 2]",c5e2f2de52b8;c5fc01a2e0ae;19d8704cd660;5706868d0daf;64e580f297af,"Lecture 8(2).pdf, page 32, chunk c5e2f2de52b8;Lecture 9 .pdf, page 2, chunk c5fc01a2e0ae;Lecture 8(2).pdf, page 49, chunk 19d8704cd660;Lecture 8(2).pdf, page 48, chunk 5706868d0daf;Lecture2-2026-COMP5541(1).pdf, page 4, chunk 64e580f297af",ollama,qwen2.5:3b,6.474270582002646,3,1796,327,"route={""in_scope"": ""yes"", ""question_type"": ""concept"", ""lecture_topic"": ""Dimensionality Reduction Techniques"", ""search_query"": ""COMP5541 Lectures 2-9 What is the goal of dimensionality reduction?""}",0.5,1.0,1,,,auto-score; manually sanity-check before final submission
E055,concept,L9,What is the task of a generative model?,A generative model learns a model distribution that approximates the data distribution and samples new data from it.,Lecture 9 generative models,model distribution;data distribution;sample new data,no,answer,V0_baseline_single_call,"The task of a generative model is to learn the probability distribution that generated the data. This allows it to generate new samples that are similar to the training data, effectively modeling the underlying structure or generating synthetic data. (COMP5541-E02)",,,ollama,qwen2.5:3b,0.9463589160004632,1,89,66,,1.0,0.5,0,,,auto-score; manually sanity-check before final submission
E055,concept,L9,What is the task of a generative model?,A generative model learns a model distribution that approximates the data distribution and samples new data from it.,Lecture 9 generative models,model distribution;data distribution;sample new data,no,answer,V1_retrieval_only,"The task of a generative model is to create a new probability distribution that can generate new data similar to the training data.

Key Course Terms:
- Generative Models

Mechanism:
Generative models explicitly define and learn the model pmodel(x) without directly defining it. They are used for creating new samples from a given dataset, such as in Mixture Models or Adversarial Networks/PixelCNN Networks.

Formula/Caveat:
The generative process is defined by the probability distribution P(x), which represents how likely certain data points x are to occur according to the model. This allows the model to generate new instances of x that resemble those seen during training, assuming the learned model accurately captures the underlying data distribution.",545ab0187a83;f1927a6e4afa;a21e4792e1de;abd494d8391b;95cbe66b07f8,"Lecture 9 .pdf, page 47, chunk 545ab0187a83;Lecture 9 .pdf, page 20, chunk f1927a6e4afa;Lecture 9 .pdf, page 5, chunk a21e4792e1de;Lecture 9 .pdf, page 80, chunk abd494d8391b;T5_Image_Classification_with_CNNs(1).pdf, page 7, chunk 95cbe66b07f8",ollama,qwen2.5:3b,3.858227666998573,1,894,190,,1.0,0.5,1,,,auto-score; manually sanity-check before final submission
E055,concept,L9,What is the task of a generative model?,A generative model learns a model distribution that approximates the data distribution and samples new data from it.,Lecture 9 generative models,model distribution;data distribution;sample new data,no,answer,V2_router_rewrite_retrieval,"The task of a generative model is to generate new samples from the same data distribution given training data.

Key Course Terms:
- Generative Models

Mechanism:
1. Learn pmodel(x), which approximates pdata(x)
2. Sample new x from pmodel(x)

Formula/Caveat:
Training data ~ pdata(x) 

Evidence: 4, 5",f1927a6e4afa;bbfe6e72d6ae;a21e4792e1de;6b0774d98c52;545ab0187a83,"Lecture 9 .pdf, page 20, chunk f1927a6e4afa;Lecture 9 .pdf, page 1, chunk bbfe6e72d6ae;Lecture 9 .pdf, page 5, chunk a21e4792e1de;Lecture 9 .pdf, page 4, chunk 6b0774d98c52;Lecture 9 .pdf, page 47, chunk 545ab0187a83",ollama,qwen2.5:3b,3.074940375001461,2,770,122,"route={'in_scope': 'yes', 'question_type': 'concept', 'lecture_topic': 'Generative Models and their Purpose in Machine Learning', 'search_query': 'Lecture 9 generative models What is the task of a generative model?'}",1.0,1.0,1,,,auto-score; manually sanity-check before final submission
E055,concept,L9,What is the task of a generative model?,A generative model learns a model distribution that approximates the data distribution and samples new data from it.,Lecture 9 generative models,model distribution;data distribution;sample new data,no,answer,V3_retrieval_verifier,"The task of a generative model is to create a new probability distribution that can generate new data similar to the training data.

Key Course Terms:
- Generative Models

Mechanism:
Generative models explicitly define and learn the model pmodel(x) without directly defining it. They are used for creating new samples from a given dataset, such as in Mixture Models or Adversarial Networks/PixelCNN Networks.

Formula/Caveat:
The generative process is defined by the probability distribution P(x), which represents how likely certain data points x are to occur according to the model. This allows the model to generate new instances of x that resemble those seen during training, assuming the learned model accurately captures the underlying data distribution.",545ab0187a83;f1927a6e4afa;a21e4792e1de;abd494d8391b;95cbe66b07f8,"Lecture 9 .pdf, page 47, chunk 545ab0187a83;Lecture 9 .pdf, page 20, chunk f1927a6e4afa;Lecture 9 .pdf, page 5, chunk a21e4792e1de;Lecture 9 .pdf, page 80, chunk abd494d8391b;T5_Image_Classification_with_CNNs(1).pdf, page 7, chunk 95cbe66b07f8",ollama,qwen2.5:3b,8.499872374995903,2,2116,392,draft_then_verifier_rejected_overcorrection,1.0,0.5,1,,,auto-score; manually sanity-check before final submission
E055,concept,L9,What is the task of a generative model?,A generative model learns a model distribution that approximates the data distribution and samples new data from it.,Lecture 9 generative models,model distribution;data distribution;sample new data,no,answer,V4_full_router_retrieval_verifier,"The task of a generative model is to generate new samples from the same data distribution given training data.

Key Course Terms:
- Generative Models

Mechanism:
1. Learn pmodel(x), which approximates pdata(x)
2. Sample new x from pmodel(x)

Formula/Caveat:
Training data ~ pdata(x) 

Evidence: 4, 5",f1927a6e4afa;bbfe6e72d6ae;a21e4792e1de;6b0774d98c52;545ab0187a83,"Lecture 9 .pdf, page 20, chunk f1927a6e4afa;Lecture 9 .pdf, page 1, chunk bbfe6e72d6ae;Lecture 9 .pdf, page 5, chunk a21e4792e1de;Lecture 9 .pdf, page 4, chunk 6b0774d98c52;Lecture 9 .pdf, page 47, chunk 545ab0187a83",ollama,qwen2.5:3b,5.095861333997164,3,1607,162,"route={""in_scope"": ""yes"", ""question_type"": ""concept"", ""lecture_topic"": ""Generative Models and their Purpose in Machine Learning"", ""search_query"": ""Lecture 9 generative models What is the task of a generative model?""}",1.0,1.0,1,,,auto-score; manually sanity-check before final submission
E055,concept,L9,What is the task of a generative model?,A generative model learns a model distribution that approximates the data distribution and samples new data from it.,Lecture 9 generative models,model distribution;data distribution;sample new data,no,answer,A1_full_without_router,"The task of a generative model is to generate new samples from the same data distribution given training data.

Key Course Terms:
- Generative Models

Mechanism:
1. Learn pmodel(x), which approximates pdata(x)
2. Sample new x from pmodel(x)

Formula/Caveat:
Training data ~ pdata(x) 

Evidence: 4, 5",f1927a6e4afa;bbfe6e72d6ae;a21e4792e1de;6b0774d98c52;545ab0187a83,"Lecture 9 .pdf, page 20, chunk f1927a6e4afa;Lecture 9 .pdf, page 1, chunk bbfe6e72d6ae;Lecture 9 .pdf, page 5, chunk a21e4792e1de;Lecture 9 .pdf, page 4, chunk 6b0774d98c52;Lecture 9 .pdf, page 47, chunk 545ab0187a83",ollama,qwen2.5:3b,4.096443541995541,2,1447,114,"route={""in_scope"": ""yes"", ""question_type"": ""concept"", ""lecture_topic"": ""Lecture 9 generative models"", ""search_query"": ""Lecture 9 generative models What is the task of a generative model?""}",1.0,1.0,1,,,auto-score; manually sanity-check before final submission
E055,concept,L9,What is the task of a generative model?,A generative model learns a model distribution that approximates the data distribution and samples new data from it.,Lecture 9 generative models,model distribution;data distribution;sample new data,no,answer,A2_full_without_verifier,"The task of a generative model is to generate new samples from the same data distribution given training data.

Key Course Terms:
- Generative Models

Mechanism:
1. Learn pmodel(x), which approximates pdata(x)
2. Sample new x from pmodel(x)

Formula/Caveat:
Training data ~ pdata(x) 

Evidence: 4, 5",f1927a6e4afa;bbfe6e72d6ae;a21e4792e1de;6b0774d98c52;545ab0187a83,"Lecture 9 .pdf, page 20, chunk f1927a6e4afa;Lecture 9 .pdf, page 1, chunk bbfe6e72d6ae;Lecture 9 .pdf, page 5, chunk a21e4792e1de;Lecture 9 .pdf, page 4, chunk 6b0774d98c52;Lecture 9 .pdf, page 47, chunk 545ab0187a83",ollama,qwen2.5:3b,3.074940375001461,2,770,122,"route={""in_scope"": ""yes"", ""question_type"": ""concept"", ""lecture_topic"": ""Generative Models and their Purpose in Machine Learning"", ""search_query"": ""Lecture 9 generative models What is the task of a generative model?""}",1.0,1.0,1,,,auto-score; manually sanity-check before final submission
E055,concept,L9,What is the task of a generative model?,A generative model learns a model distribution that approximates the data distribution and samples new data from it.,Lecture 9 generative models,model distribution;data distribution;sample new data,no,answer,A3_full_topk2,"The task of a generative model is to explicitly define and learn the probability density distribution, pmodel(x), without directly defining it. This involves solving for pmodel(x) through methods such as Gaussian Mixture Models or Adversarial Networks/PixelCNN Networks.

Key Course Terms:
- Generative Models
- Explicitly Define
- Learn Model
- Probability Distribution

Evidence: [Evidence 1], [Evidence 2]",f1927a6e4afa;bbfe6e72d6ae,"Lecture 9 .pdf, page 20, chunk f1927a6e4afa;Lecture 9 .pdf, page 1, chunk bbfe6e72d6ae",ollama,qwen2.5:3b,4.976420749997487,3,1125,231,"route={""in_scope"": ""yes"", ""question_type"": ""concept"", ""lecture_topic"": ""Generative Models and their Purpose in Machine Learning"", ""search_query"": ""Lecture 9 generative models What is the task of a generative model?""}",0.0,1.0,1,,,auto-score; manually sanity-check before final submission
E055,concept,L9,What is the task of a generative model?,A generative model learns a model distribution that approximates the data distribution and samples new data from it.,Lecture 9 generative models,model distribution;data distribution;sample new data,no,answer,A4_full_without_calculation_guard,"The task of a generative model is to generate new samples from the same data distribution given training data.

Key Course Terms:
- Generative Models

Mechanism:
1. Learn pmodel(x), which approximates pdata(x)
2. Sample new x from pmodel(x)

Formula/Caveat:
Training data ~ pdata(x) 

Evidence: 4, 5",f1927a6e4afa;bbfe6e72d6ae;a21e4792e1de;6b0774d98c52;545ab0187a83,"Lecture 9 .pdf, page 20, chunk f1927a6e4afa;Lecture 9 .pdf, page 1, chunk bbfe6e72d6ae;Lecture 9 .pdf, page 5, chunk a21e4792e1de;Lecture 9 .pdf, page 4, chunk 6b0774d98c52;Lecture 9 .pdf, page 47, chunk 545ab0187a83",ollama,qwen2.5:3b,5.095861333997164,3,1607,162,"route={""in_scope"": ""yes"", ""question_type"": ""concept"", ""lecture_topic"": ""Generative Models and their Purpose in Machine Learning"", ""search_query"": ""Lecture 9 generative models What is the task of a generative model?""}",1.0,1.0,1,,,auto-score; manually sanity-check before final submission
E056,comparison,L9,What is the difference between explicit-density and implicit-density generative models?,"Explicit-density models define and optimize a probability model, while implicit-density models learn to generate samples without explicitly defining the density.",Lecture 9 generative models taxonomy,explicit density;probability model;implicit density;without explicitly defining,no,answer,V0_baseline_single_call,"Explicit-density generative models explicitly define a probability density for each data point in their model space. In contrast, implicit-density generative models do not directly specify these probabilities but instead use a likelihood function that can be evaluated to compute the probability of a given data point.

For explicit-density models, such as Naive Bayes or Gaussian Mixture Models (GMM), the density is clear: each data point's probability is calculated based on its features and predefined distributions. For implicit-density models like Variational Autoencoders (VAE) or Generative Adversarial Networks (GANs), the model parameters are optimized to maximize the likelihood of observed data, but these probabilities are not explicitly computed; instead, they are inferred through a latent space representation.

In summary, explicit-density models have an explicit probability distribution for each data point, while implicit-density models use a likelihood function that is evaluated over the data points.",,,ollama,qwen2.5:3b,2.941363582998747,1,101,255,,1.0,0.5,0,,,auto-score; manually sanity-check before final submission
E056,comparison,L9,What is the difference between explicit-density and implicit-density generative models?,"Explicit-density models define and optimize a probability model, while implicit-density models learn to generate samples without explicitly defining the density.",Lecture 9 generative models taxonomy,explicit density;probability model;implicit density;without explicitly defining,no,answer,V1_retrieval_only,"The difference between explicit-density and implicit-density generative models lies in how they define their density functions. Explicit-density models directly specify a density function for the data distribution, while implicit-density models do not explicitly define this function but rather learn it through optimization.

Key Course Terms:
- Generative Models

Mechanism:
Explicit-density models solve for pmodel(x) without explicitly defining it, whereas implicit-density models use an optimization process to infer the model's parameters.

Formula/Caveat:
For explicit-density models: 
\[ \text{pmodel}(x) = f(\theta) \]
where \(f\) is a function parameterized by \(\theta\).

For implicit-density models:
The exact density function is not explicitly defined, but it can be inferred through optimization processes such as the two-player game described in Evidence 3.

Evidence: [Evidence 1], [Evidence 2], [Evidence 4], [Evidence 5]",f1927a6e4afa;a21e4792e1de;d4607e65ad03;c5e2f2de52b8;fc2c01e29732,"Lecture 9 .pdf, page 20, chunk f1927a6e4afa;Lecture 9 .pdf, page 5, chunk a21e4792e1de;Lecture 9 .pdf, page 43, chunk d4607e65ad03;Lecture 8(2).pdf, page 32, chunk c5e2f2de52b8;Lecture 9 .pdf, page 6, chunk fc2c01e29732",ollama,qwen2.5:3b,4.160556166003516,1,674,234,,1.0,1.0,1,,,auto-score; manually sanity-check before final submission
E056,comparison,L9,What is the difference between explicit-density and implicit-density generative models?,"Explicit-density models define and optimize a probability model, while implicit-density models learn to generate samples without explicitly defining the density.",Lecture 9 generative models taxonomy,explicit density;probability model;implicit density;without explicitly defining,no,answer,V2_router_rewrite_retrieval,"The difference between explicit-density and implicit-density generative models lies in how they define their density function.

Explicit-density models explicitly define a probability density for generating the data directly from the model parameters. This means that the likelihood of observing the data can be computed using an explicit formula derived from these parameters. For example, Gaussian Mixture Models are an explicit-density model where pmodel(x) is defined by the mixture components and their respective weights.

Implicit-density models, on the other hand, do not explicitly define a probability density for generating the data. Instead, they learn this function implicitly through optimization processes such as adversarial training (e.g., Generative Adversarial Networks). The likelihood of observing the data p(x) is inferred from the model's learned parameters without an explicit formula. For instance, PixelCNN networks are implicit-density models where the density function is learned during training.

Key Course Terms:
- Explicit Density
- Implicit Density

Evidence: [Evidence 1], [Evidence 2]",f1927a6e4afa;a21e4792e1de;bbfe6e72d6ae;d4607e65ad03;c5e2f2de52b8,"Lecture 9 .pdf, page 20, chunk f1927a6e4afa;Lecture 9 .pdf, page 5, chunk a21e4792e1de;Lecture 9 .pdf, page 1, chunk bbfe6e72d6ae;Lecture 9 .pdf, page 43, chunk d4607e65ad03;Lecture 8(2).pdf, page 32, chunk c5e2f2de52b8",ollama,qwen2.5:3b,5.005488167000294,2,828,326,"route={'in_scope': 'yes', 'question_type': 'comparison', 'lecture_topic': 'Generative Models and Their Variants', 'search_query': 'Lecture 9 generative models What is the difference between explicit-density and implicit-density generative models?'}",1.0,1.0,1,,,auto-score; manually sanity-check before final submission
E056,comparison,L9,What is the difference between explicit-density and implicit-density generative models?,"Explicit-density models define and optimize a probability model, while implicit-density models learn to generate samples without explicitly defining the density.",Lecture 9 generative models taxonomy,explicit density;probability model;implicit density;without explicitly defining,no,answer,V3_retrieval_verifier,"The difference between explicit-density and implicit-density generative models lies in how they define their density functions. Explicit-density models directly specify a density function for the data distribution, while implicit-density models do not explicitly define this function but rather learn it through optimization.

Key Course Terms:
- Generative Models

Mechanism:
Explicit-density models solve for pmodel(x) without explicitly defining it, whereas implicit-density models use an optimization process to infer the model's parameters.

Formula/Caveat:
For explicit-density models: 
\[ \text{pmodel}(x) = f(\theta) \]
where \(f\) is a function parameterized by \(\theta\).

For implicit-density models:
The exact density function is not explicitly defined, but it can be inferred through optimization processes such as the two-player game described in Evidence 3.

Evidence: [Evidence 1], [Evidence 2], [Evidence 4], [Evidence 5]",f1927a6e4afa;a21e4792e1de;d4607e65ad03;c5e2f2de52b8;fc2c01e29732,"Lecture 9 .pdf, page 20, chunk f1927a6e4afa;Lecture 9 .pdf, page 5, chunk a21e4792e1de;Lecture 9 .pdf, page 43, chunk d4607e65ad03;Lecture 8(2).pdf, page 32, chunk c5e2f2de52b8;Lecture 9 .pdf, page 6, chunk fc2c01e29732",ollama,qwen2.5:3b,8.929687331998139,2,1734,475,draft_then_verifier_rejected_overcorrection,1.0,1.0,1,,,auto-score; manually sanity-check before final submission
E056,comparison,L9,What is the difference between explicit-density and implicit-density generative models?,"Explicit-density models define and optimize a probability model, while implicit-density models learn to generate samples without explicitly defining the density.",Lecture 9 generative models taxonomy,explicit density;probability model;implicit density;without explicitly defining,no,answer,V4_full_router_retrieval_verifier,"The difference between explicit-density and implicit-density generative models lies in how they define their density function.

Explicit-density models explicitly define a probability density for generating the data directly from the model parameters. This means that the likelihood of observing the data can be computed using an explicit formula derived from these parameters. For example, Gaussian Mixture Models are an explicit-density model where pmodel(x) is defined by the mixture components and their respective weights.

Implicit-density models, on the other hand, do not explicitly define a probability density for generating the data. Instead, they learn this function implicitly through optimization processes such as adversarial training (e.g., Generative Adversarial Networks). The likelihood of observing the data p(x) is inferred from the model's learned parameters without an explicit formula. For instance, PixelCNN networks are implicit-density models where the density function is learned during training.

Key Course Terms:
- Explicit Density
- Implicit Density

Evidence: [Evidence 1], [Evidence 2]",f1927a6e4afa;a21e4792e1de;bbfe6e72d6ae;d4607e65ad03;c5e2f2de52b8,"Lecture 9 .pdf, page 20, chunk f1927a6e4afa;Lecture 9 .pdf, page 5, chunk a21e4792e1de;Lecture 9 .pdf, page 1, chunk bbfe6e72d6ae;Lecture 9 .pdf, page 43, chunk d4607e65ad03;Lecture 8(2).pdf, page 32, chunk c5e2f2de52b8",ollama,qwen2.5:3b,7.171134376003465,3,1924,382,"route={""in_scope"": ""yes"", ""question_type"": ""comparison"", ""lecture_topic"": ""Generative Models and Their Variants"", ""search_query"": ""Lecture 9 generative models What is the difference between explicit-density and implicit-density generative models?""}",1.0,1.0,1,,,auto-score; manually sanity-check before final submission
E056,comparison,L9,What is the difference between explicit-density and implicit-density generative models?,"Explicit-density models define and optimize a probability model, while implicit-density models learn to generate samples without explicitly defining the density.",Lecture 9 generative models taxonomy,explicit density;probability model;implicit density;without explicitly defining,no,answer,A1_full_without_router,"The difference between explicit-density and implicit-density generative models lies in how they define their density function.

Explicit-density models explicitly define a probability density for generating the data directly from the model parameters. This means that the likelihood of observing the data can be computed using an explicit formula derived from these parameters. For example, Gaussian Mixture Models are an explicit-density model where pmodel(x) is defined by the mixture components and their respective weights.

Implicit-density models, on the other hand, do not explicitly define a probability density for generating the data. Instead, they learn this function implicitly through optimization processes such as adversarial training (e.g., Generative Adversarial Networks). The likelihood of observing the data p(x) is inferred from the model's learned parameters without an explicit formula. For instance, PixelCNN networks are implicit-density models where the density function is learned during training.

Key Course Terms:
- Explicit Density
- Implicit Density

Evidence: [Evidence 1], [Evidence 2]",f1927a6e4afa;a21e4792e1de;bbfe6e72d6ae;d4607e65ad03;c5e2f2de52b8,"Lecture 9 .pdf, page 20, chunk f1927a6e4afa;Lecture 9 .pdf, page 5, chunk a21e4792e1de;Lecture 9 .pdf, page 1, chunk bbfe6e72d6ae;Lecture 9 .pdf, page 43, chunk d4607e65ad03;Lecture 8(2).pdf, page 32, chunk c5e2f2de52b8",ollama,qwen2.5:3b,6.177829959000519,2,1757,335,"route={""in_scope"": ""yes"", ""question_type"": ""comparison"", ""lecture_topic"": ""Lecture 9 generative models"", ""search_query"": ""Lecture 9 generative models What is the difference between explicit-density and implicit-density generative models?""}",1.0,1.0,1,,,auto-score; manually sanity-check before final submission
E056,comparison,L9,What is the difference between explicit-density and implicit-density generative models?,"Explicit-density models define and optimize a probability model, while implicit-density models learn to generate samples without explicitly defining the density.",Lecture 9 generative models taxonomy,explicit density;probability model;implicit density;without explicitly defining,no,answer,A2_full_without_verifier,"The difference between explicit-density and implicit-density generative models lies in how they define their density function.

Explicit-density models explicitly define a probability density for generating the data directly from the model parameters. This means that the likelihood of observing the data can be computed using an explicit formula derived from these parameters. For example, Gaussian Mixture Models are an explicit-density model where pmodel(x) is defined by the mixture components and their respective weights.

Implicit-density models, on the other hand, do not explicitly define a probability density for generating the data. Instead, they learn this function implicitly through optimization processes such as adversarial training (e.g., Generative Adversarial Networks). The likelihood of observing the data p(x) is inferred from the model's learned parameters without an explicit formula. For instance, PixelCNN networks are implicit-density models where the density function is learned during training.

Key Course Terms:
- Explicit Density
- Implicit Density

Evidence: [Evidence 1], [Evidence 2]",f1927a6e4afa;a21e4792e1de;bbfe6e72d6ae;d4607e65ad03;c5e2f2de52b8,"Lecture 9 .pdf, page 20, chunk f1927a6e4afa;Lecture 9 .pdf, page 5, chunk a21e4792e1de;Lecture 9 .pdf, page 1, chunk bbfe6e72d6ae;Lecture 9 .pdf, page 43, chunk d4607e65ad03;Lecture 8(2).pdf, page 32, chunk c5e2f2de52b8",ollama,qwen2.5:3b,5.005488167000294,2,828,326,"route={""in_scope"": ""yes"", ""question_type"": ""comparison"", ""lecture_topic"": ""Generative Models and Their Variants"", ""search_query"": ""Lecture 9 generative models What is the difference between explicit-density and implicit-density generative models?""}",1.0,1.0,1,,,auto-score; manually sanity-check before final submission
E056,comparison,L9,What is the difference between explicit-density and implicit-density generative models?,"Explicit-density models define and optimize a probability model, while implicit-density models learn to generate samples without explicitly defining the density.",Lecture 9 generative models taxonomy,explicit density;probability model;implicit density;without explicitly defining,no,answer,A3_full_topk2,"The difference between explicit-density and implicit-density generative models lies in how the probability distribution \( p_{\text{model}}(x) \) is defined and learned.

**Explicit-Density Models:** These models explicitly define the probability distribution \( p_{\text{model}}(x) \). They directly specify a function that describes the likelihood of observing data \( x \).

**Implicit-Density Models:** In contrast, implicit-density models do not explicitly define the probability distribution. Instead, they learn a model that can generate samples from the desired distribution without having to know or compute the exact form of \( p_{\text{model}}(x) \). This is often achieved by learning a function that maps inputs to latent variables and then using these latent variables to sample directly.

**Key Course Terms:**
- Explicit
- Implicit

**Caveat:**
Implicit-density models are more flexible but can be harder to interpret compared to explicit-density models. They also require careful design of the model architecture to ensure they can learn useful representations from data.

Evidence:
[Evidence 1]
[Evidence 2]",f1927a6e4afa;a21e4792e1de,"Lecture 9 .pdf, page 20, chunk f1927a6e4afa;Lecture 9 .pdf, page 5, chunk a21e4792e1de",ollama,qwen2.5:3b,7.275162042002194,3,1388,403,"route={""in_scope"": ""yes"", ""question_type"": ""comparison"", ""lecture_topic"": ""Generative Models and Their Variants"", ""search_query"": ""Lecture 9 generative models What is the difference between explicit-density and implicit-density generative models?""}",1.0,1.0,1,,,auto-score; manually sanity-check before final submission
E056,comparison,L9,What is the difference between explicit-density and implicit-density generative models?,"Explicit-density models define and optimize a probability model, while implicit-density models learn to generate samples without explicitly defining the density.",Lecture 9 generative models taxonomy,explicit density;probability model;implicit density;without explicitly defining,no,answer,A4_full_without_calculation_guard,"The difference between explicit-density and implicit-density generative models lies in how they define their density function.

Explicit-density models explicitly define a probability density for generating the data directly from the model parameters. This means that the likelihood of observing the data can be computed using an explicit formula derived from these parameters. For example, Gaussian Mixture Models are an explicit-density model where pmodel(x) is defined by the mixture components and their respective weights.

Implicit-density models, on the other hand, do not explicitly define a probability density for generating the data. Instead, they learn this function implicitly through optimization processes such as adversarial training (e.g., Generative Adversarial Networks). The likelihood of observing the data p(x) is inferred from the model's learned parameters without an explicit formula. For instance, PixelCNN networks are implicit-density models where the density function is learned during training.

Key Course Terms:
- Explicit Density
- Implicit Density

Evidence: [Evidence 1], [Evidence 2]",f1927a6e4afa;a21e4792e1de;bbfe6e72d6ae;d4607e65ad03;c5e2f2de52b8,"Lecture 9 .pdf, page 20, chunk f1927a6e4afa;Lecture 9 .pdf, page 5, chunk a21e4792e1de;Lecture 9 .pdf, page 1, chunk bbfe6e72d6ae;Lecture 9 .pdf, page 43, chunk d4607e65ad03;Lecture 8(2).pdf, page 32, chunk c5e2f2de52b8",ollama,qwen2.5:3b,7.171134376003465,3,1924,382,"route={""in_scope"": ""yes"", ""question_type"": ""comparison"", ""lecture_topic"": ""Generative Models and Their Variants"", ""search_query"": ""Lecture 9 generative models What is the difference between explicit-density and implicit-density generative models?""}",1.0,1.0,1,,,auto-score; manually sanity-check before final submission
E057,concept,L9,What is autoregressive modeling in PixelCNN or PixelRNN?,It decomposes the joint likelihood into a product of conditional probabilities and generates each pixel conditioned on previous pixels.,Lecture 9 PixelRNN PixelCNN,joint likelihood;conditional probabilities;previous pixels,no,answer,V0_baseline_single_call,"In PixelCNN or PixelRNN models, autoregressive modeling refers to the approach where each pixel's value is predicted based on the values of all previous pixels. This method ensures that the model considers the entire input sequence when predicting a single output pixel, thereby capturing dependencies across different parts of the image.",,,ollama,qwen2.5:3b,1.107471291001275,1,93,84,,0.0,0.5,0,,,auto-score; manually sanity-check before final submission
E057,concept,L9,What is autoregressive modeling in PixelCNN or PixelRNN?,It decomposes the joint likelihood into a product of conditional probabilities and generates each pixel conditioned on previous pixels.,Lecture 9 PixelRNN PixelCNN,joint likelihood;conditional probabilities;previous pixels,no,answer,V1_retrieval_only,"Autoregressive modeling in PixelCNN or PixelRNN is a technique where each pixel value depends on the values of previous pixels. This approach decomposes the likelihood of an image into conditional probabilities, maximizing the likelihood of training data.

Key Course Terms:
- Autoregressive modeling

Mechanism:
- Each pixel's value is conditioned on its preceding ones
- In PixelCNN and PixelRNN, this dependency is modeled using a CNN or LSTM over context regions (masked convolution in PixelCNN, Diagonal LSTM in PixelRNN)

Formula/Caveat:
- Not explicitly provided in the given evidence

Evidence: [1] [2] [3] [4] [5]",248063a0caa9;34bdfad50c51;1f7c2cd95028;4c35a4818d76;2802ddbddc29,"Lecture 9 .pdf, page 7, chunk 248063a0caa9;Lecture 9 .pdf, page 12, chunk 34bdfad50c51;Lecture 9 .pdf, page 9, chunk 1f7c2cd95028;Lecture 9 .pdf, page 11, chunk 4c35a4818d76;Lecture 9 .pdf, page 22, chunk 2802ddbddc29",ollama,qwen2.5:3b,3.5069988329996704,1,650,155,,0.5,1.0,1,,,auto-score; manually sanity-check before final submission
E057,concept,L9,What is autoregressive modeling in PixelCNN or PixelRNN?,It decomposes the joint likelihood into a product of conditional probabilities and generates each pixel conditioned on previous pixels.,Lecture 9 PixelRNN PixelCNN,joint likelihood;conditional probabilities;previous pixels,no,answer,V2_router_rewrite_retrieval,"Autoregressive modeling is a technique used in PixelCNN or PixelRNN for generating pixel-wise conditional distributions, allowing the model to predict each pixel value based on the values of previous pixels.

Key Course Terms:
- Autoregressive Modeling

Mechanism:
In autoregressive models, the output at any given time step depends only on the outputs (or inputs) at the previous time steps. This is a fundamental concept in sequence modeling and is used to build deep generative models like PixelCNN or PixelRNN.

Formula/Caveat:
Not applicable for this question as it deals with conceptual understanding rather than mathematical formulas or specific computational details.

Evidence: [Evidence 1], [Evidence 5]",711cef234474;d7abff08399e;72cef7bac7f1;0917bea2f017;9ae959333cce,"Lecture 5.pdf, page 1, chunk 711cef234474;Lecture 5.pdf, page 63, chunk d7abff08399e;Lecture 5.pdf, page 90, chunk 72cef7bac7f1;Lecture 5.pdf, page 82, chunk 0917bea2f017;Lecture 6(2).pdf, page 3, chunk 9ae959333cce",ollama,qwen2.5:3b,3.943366541996511,2,662,226,"route={'in_scope': 'yes', 'question_type': 'definition', 'lecture_topic': 'Recurrent Neural Networks and their Variants', 'search_query': 'Lecture 5 convolutional neural network What is autoregressive modeling in PixelCNN or PixelRNN?'}",0.0,1.0,0,,,auto-score; manually sanity-check before final submission
E057,concept,L9,What is autoregressive modeling in PixelCNN or PixelRNN?,It decomposes the joint likelihood into a product of conditional probabilities and generates each pixel conditioned on previous pixels.,Lecture 9 PixelRNN PixelCNN,joint likelihood;conditional probabilities;previous pixels,no,answer,V3_retrieval_verifier,"Autoregressive modeling in PixelCNN or PixelRNN is a technique where each pixel value depends on the values of previous pixels. This approach decomposes the likelihood of an image into conditional probabilities, maximizing the likelihood of training data.

Key Course Terms:
- Autoregressive modeling

Mechanism:
- Each pixel's value is conditioned on its preceding ones
- In PixelCNN and PixelRNN, this dependency is modeled using a CNN or LSTM over context regions (masked convolution in PixelCNN, Diagonal LSTM in PixelRNN)

Formula/Caveat:
- Not explicitly provided in the given evidence

Evidence: [1] [2] [3] [4] [5]",248063a0caa9;34bdfad50c51;1f7c2cd95028;4c35a4818d76;2802ddbddc29,"Lecture 9 .pdf, page 7, chunk 248063a0caa9;Lecture 9 .pdf, page 12, chunk 34bdfad50c51;Lecture 9 .pdf, page 9, chunk 1f7c2cd95028;Lecture 9 .pdf, page 11, chunk 4c35a4818d76;Lecture 9 .pdf, page 22, chunk 2802ddbddc29",ollama,qwen2.5:3b,8.141672124998877,2,1604,369,draft_then_verifier_rejected_overcorrection,0.5,1.0,1,,,auto-score; manually sanity-check before final submission
E057,concept,L9,What is autoregressive modeling in PixelCNN or PixelRNN?,It decomposes the joint likelihood into a product of conditional probabilities and generates each pixel conditioned on previous pixels.,Lecture 9 PixelRNN PixelCNN,joint likelihood;conditional probabilities;previous pixels,no,answer,V4_full_router_retrieval_verifier,"Autoregressive modeling is a technique used in PixelCNN or PixelRNN for generating pixel-wise conditional distributions, allowing the model to predict each pixel value based on the values of previous pixels.

Key Course Terms:
- Autoregressive Modeling

Mechanism:
In autoregressive models, the output at any given time step depends only on the outputs (or inputs) at the previous time steps. This is a fundamental concept in sequence modeling and is used to build deep generative models like PixelCNN or PixelRNN.

Formula/Caveat:
Not applicable for this question as it deals with conceptual understanding rather than mathematical formulas or specific computational details.

Evidence: [Evidence 1], [Evidence 5]",711cef234474;d7abff08399e;72cef7bac7f1;0917bea2f017;9ae959333cce,"Lecture 5.pdf, page 1, chunk 711cef234474;Lecture 5.pdf, page 63, chunk d7abff08399e;Lecture 5.pdf, page 90, chunk 72cef7bac7f1;Lecture 5.pdf, page 82, chunk 0917bea2f017;Lecture 6(2).pdf, page 3, chunk 9ae959333cce",ollama,qwen2.5:3b,5.876788250996469,3,1496,277,"route={""in_scope"": ""yes"", ""question_type"": ""definition"", ""lecture_topic"": ""Recurrent Neural Networks and their Variants"", ""search_query"": ""Lecture 5 convolutional neural network What is autoregressive modeling in PixelCNN or PixelRNN?""}",0.0,1.0,0,,,auto-score; manually sanity-check before final submission
E057,concept,L9,What is autoregressive modeling in PixelCNN or PixelRNN?,It decomposes the joint likelihood into a product of conditional probabilities and generates each pixel conditioned on previous pixels.,Lecture 9 PixelRNN PixelCNN,joint likelihood;conditional probabilities;previous pixels,no,answer,A1_full_without_router,"Autoregressive modeling is a technique used in PixelCNN or PixelRNN for generating pixel-wise conditional distributions, allowing the model to predict each pixel value based on the values of previous pixels.

Key Course Terms:
- Autoregressive Modeling

Mechanism:
In autoregressive models, the output at any given time step depends only on the outputs (or inputs) at the previous time steps. This is a fundamental concept in sequence modeling and is used to build deep generative models like PixelCNN or PixelRNN.

Formula/Caveat:
Not applicable for this question as it deals with conceptual understanding rather than mathematical formulas or specific computational details.

Evidence: [Evidence 1], [Evidence 5]",711cef234474;d7abff08399e;72cef7bac7f1;0917bea2f017;9ae959333cce,"Lecture 5.pdf, page 1, chunk 711cef234474;Lecture 5.pdf, page 63, chunk d7abff08399e;Lecture 5.pdf, page 90, chunk 72cef7bac7f1;Lecture 5.pdf, page 82, chunk 0917bea2f017;Lecture 6(2).pdf, page 3, chunk 9ae959333cce",ollama,qwen2.5:3b,6.526590041990858,2,1337,362,"route={""in_scope"": ""yes"", ""question_type"": ""concept"", ""lecture_topic"": ""Lecture 5 convolutional neural network"", ""search_query"": ""Lecture 5 convolutional neural network What is autoregressive modeling in PixelCNN or PixelRNN?""}",0.0,1.0,0,,,auto-score; manually sanity-check before final submission
E057,concept,L9,What is autoregressive modeling in PixelCNN or PixelRNN?,It decomposes the joint likelihood into a product of conditional probabilities and generates each pixel conditioned on previous pixels.,Lecture 9 PixelRNN PixelCNN,joint likelihood;conditional probabilities;previous pixels,no,answer,A2_full_without_verifier,"Autoregressive modeling is a technique used in PixelCNN or PixelRNN for generating pixel-wise conditional distributions, allowing the model to predict each pixel value based on the values of previous pixels.

Key Course Terms:
- Autoregressive Modeling

Mechanism:
In autoregressive models, the output at any given time step depends only on the outputs (or inputs) at the previous time steps. This is a fundamental concept in sequence modeling and is used to build deep generative models like PixelCNN or PixelRNN.

Formula/Caveat:
Not applicable for this question as it deals with conceptual understanding rather than mathematical formulas or specific computational details.

Evidence: [Evidence 1], [Evidence 5]",711cef234474;d7abff08399e;72cef7bac7f1;0917bea2f017;9ae959333cce,"Lecture 5.pdf, page 1, chunk 711cef234474;Lecture 5.pdf, page 63, chunk d7abff08399e;Lecture 5.pdf, page 90, chunk 72cef7bac7f1;Lecture 5.pdf, page 82, chunk 0917bea2f017;Lecture 6(2).pdf, page 3, chunk 9ae959333cce",ollama,qwen2.5:3b,3.943366541996511,2,662,226,"route={""in_scope"": ""yes"", ""question_type"": ""definition"", ""lecture_topic"": ""Recurrent Neural Networks and their Variants"", ""search_query"": ""Lecture 5 convolutional neural network What is autoregressive modeling in PixelCNN or PixelRNN?""}",0.0,1.0,0,,,auto-score; manually sanity-check before final submission
E057,concept,L9,What is autoregressive modeling in PixelCNN or PixelRNN?,It decomposes the joint likelihood into a product of conditional probabilities and generates each pixel conditioned on previous pixels.,Lecture 9 PixelRNN PixelCNN,joint likelihood;conditional probabilities;previous pixels,no,answer,A3_full_topk2,"Autoregressive modeling in PixelCNN or PixelRNN is a technique used for generating pixel-wise conditional distributions, allowing the model to predict each pixel value based on previous pixels.

Key Course Terms:
- Autoregressive Modeling

Mechanism:
In autoregressive models, the output at any given time step depends only on the outputs of its predecessors. In the context of PixelCNN or PixelRNN, this means that for a sequence of images, the model predicts each pixel value based on predictions made by previous layers.

Formula/Caveat:
Not applicable in this case as it is more about the mechanism rather than a specific formula or caveat.

Evidence: [Evidence 1], [Evidence 2]",711cef234474;d7abff08399e,"Lecture 5.pdf, page 1, chunk 711cef234474;Lecture 5.pdf, page 63, chunk d7abff08399e",ollama,qwen2.5:3b,5.82242370899985,3,1176,306,"route={""in_scope"": ""yes"", ""question_type"": ""definition"", ""lecture_topic"": ""Recurrent Neural Networks and their Variants"", ""search_query"": ""Lecture 5 convolutional neural network What is autoregressive modeling in PixelCNN or PixelRNN?""}",0.0,1.0,0,,,auto-score; manually sanity-check before final submission
E057,concept,L9,What is autoregressive modeling in PixelCNN or PixelRNN?,It decomposes the joint likelihood into a product of conditional probabilities and generates each pixel conditioned on previous pixels.,Lecture 9 PixelRNN PixelCNN,joint likelihood;conditional probabilities;previous pixels,no,answer,A4_full_without_calculation_guard,"Autoregressive modeling is a technique used in PixelCNN or PixelRNN for generating pixel-wise conditional distributions, allowing the model to predict each pixel value based on the values of previous pixels.

Key Course Terms:
- Autoregressive Modeling

Mechanism:
In autoregressive models, the output at any given time step depends only on the outputs (or inputs) at the previous time steps. This is a fundamental concept in sequence modeling and is used to build deep generative models like PixelCNN or PixelRNN.

Formula/Caveat:
Not applicable for this question as it deals with conceptual understanding rather than mathematical formulas or specific computational details.

Evidence: [Evidence 1], [Evidence 5]",711cef234474;d7abff08399e;72cef7bac7f1;0917bea2f017;9ae959333cce,"Lecture 5.pdf, page 1, chunk 711cef234474;Lecture 5.pdf, page 63, chunk d7abff08399e;Lecture 5.pdf, page 90, chunk 72cef7bac7f1;Lecture 5.pdf, page 82, chunk 0917bea2f017;Lecture 6(2).pdf, page 3, chunk 9ae959333cce",ollama,qwen2.5:3b,5.876788250996469,3,1496,277,"route={""in_scope"": ""yes"", ""question_type"": ""definition"", ""lecture_topic"": ""Recurrent Neural Networks and their Variants"", ""search_query"": ""Lecture 5 convolutional neural network What is autoregressive modeling in PixelCNN or PixelRNN?""}",0.0,1.0,0,,,auto-score; manually sanity-check before final submission
E058,comparison,L9,Why can PixelRNN generation be slow?,"PixelRNN generates pixels sequentially, so both training or inference can be slow compared with more parallel methods.",Lecture 9 PixelRNN,sequentially;slow;generation,no,answer,V0_baseline_single_call,not enough information in the provided course materials,,,ollama,qwen2.5:3b,0.2691687090009509,1,88,13,,0.0,1.0,0,,,auto-score; manually sanity-check before final submission
E058,comparison,L9,Why can PixelRNN generation be slow?,"PixelRNN generates pixels sequentially, so both training or inference can be slow compared with more parallel methods.",Lecture 9 PixelRNN,sequentially;slow;generation,no,answer,V1_retrieval_only,"Direct Answer: PixelRNN generation can be slow due to its dependency on previous pixels modeled using a Diagonal LSTM, which results in sequential generation being slow both during training and inference.

Key Course Terms:
Diagonal LSTM, Sequential processing

Mechanism/Caveat:
The PixelRNN generates image pixels starting from the corner (e.g., top-left), moving one step at a time. This sequential dependency on previous pixels leads to slow generation times. Additionally, the use of a Diagonal LSTM for modeling pixel dependencies results in slower inference and training processes.

Evidence: [Evidence 1], [Evidence 2]",4c35a4818d76;d4607e65ad03;bba7aaa1d89c;1f7c2cd95028;1c969f2f41ee,"Lecture 9 .pdf, page 11, chunk 4c35a4818d76;Lecture 9 .pdf, page 43, chunk d4607e65ad03;Lecture 7(1).pdf, page 76, chunk bba7aaa1d89c;Lecture 9 .pdf, page 9, chunk 1f7c2cd95028;Lecture 9 .pdf, page 10, chunk 1c969f2f41ee",ollama,qwen2.5:3b,2.9591792909996,1,540,156,,0.5,1.0,1,,,auto-score; manually sanity-check before final submission
E058,comparison,L9,Why can PixelRNN generation be slow?,"PixelRNN generates pixels sequentially, so both training or inference can be slow compared with more parallel methods.",Lecture 9 PixelRNN,sequentially;slow;generation,no,answer,V2_router_rewrite_retrieval,"PixelRNN generation can be slow due to its dependency on previous pixels, as stated in Evidence [Evidence 2].

Key Course Terms: PixelRNN, Diagonal LSTM, Recurrent Neural Network (RNN), Long Short-Term Memory (LSTM)

Explanation:
The mechanism behind the slowness of PixelRNN is attributed to its use of a Diagonal LSTM model. This model inherently depends on previous pixels for generating new ones, which introduces sequential dependencies that are computationally expensive and slow during both training and inference phases.

Evidence: [Evidence 1], [Evidence 2]",9bafece4e6fe;4c35a4818d76;d51e1f8f461c;3cb9ec28687f;99d421eb3c97,"Lecture 9 .pdf, page 8, chunk 9bafece4e6fe;Lecture 9 .pdf, page 11, chunk 4c35a4818d76;Lecture 7(1).pdf, page 7, chunk d51e1f8f461c;Lecture 7(1).pdf, page 5, chunk 3cb9ec28687f;Lecture 7(1).pdf, page 43, chunk 99d421eb3c97",ollama,qwen2.5:3b,4.010170750007092,2,682,217,"route={'in_scope': 'yes', 'question_type': 'calculation', 'lecture_topic': 'training_time_and_performance', 'search_query': 'Lecture 7 recurrent neural network Why can PixelRNN generation be slow?'}",0.5,1.0,1,,,auto-score; manually sanity-check before final submission
E058,comparison,L9,Why can PixelRNN generation be slow?,"PixelRNN generates pixels sequentially, so both training or inference can be slow compared with more parallel methods.",Lecture 9 PixelRNN,sequentially;slow;generation,no,answer,V3_retrieval_verifier,"Direct Answer: PixelRNN generation can be slow due to its dependency on previous pixels modeled using a Diagonal LSTM, which results in sequential generation being slow both during training and inference.

Key Course Terms:
Diagonal LSTM, Sequential processing

Mechanism/Caveat:
The PixelRNN generates image pixels starting from the corner (e.g., top-left), moving one step at a time. This sequential dependency on previous pixels leads to slow generation times. Additionally, the use of a Diagonal LSTM for modeling pixel dependencies results in slower inference and training processes.

Evidence: [Evidence 1], [Evidence 2]",4c35a4818d76;d4607e65ad03;bba7aaa1d89c;1f7c2cd95028;1c969f2f41ee,"Lecture 9 .pdf, page 11, chunk 4c35a4818d76;Lecture 9 .pdf, page 43, chunk d4607e65ad03;Lecture 7(1).pdf, page 76, chunk bba7aaa1d89c;Lecture 9 .pdf, page 9, chunk 1f7c2cd95028;Lecture 9 .pdf, page 10, chunk 1c969f2f41ee",ollama,qwen2.5:3b,6.327663207994192,2,1379,315,draft_then_verifier_rejected_overcorrection,0.5,1.0,1,,,auto-score; manually sanity-check before final submission
E058,comparison,L9,Why can PixelRNN generation be slow?,"PixelRNN generates pixels sequentially, so both training or inference can be slow compared with more parallel methods.",Lecture 9 PixelRNN,sequentially;slow;generation,no,answer,V4_full_router_retrieval_verifier,"PixelRNN generation can be slow due to its dependency on previous pixels, as stated in Evidence [Evidence 2].

Key Course Terms: PixelRNN, Diagonal LSTM, Recurrent Neural Network (RNN), Long Short-Term Memory (LSTM)

Explanation:
The mechanism behind the slowness of PixelRNN is attributed to its use of a Diagonal LSTM model. This model inherently depends on previous pixels for generating new ones, which introduces sequential dependencies that are computationally expensive and slow during both training and inference phases.

Evidence: [Evidence 1], [Evidence 2]",9bafece4e6fe;4c35a4818d76;d51e1f8f461c;3cb9ec28687f;99d421eb3c97,"Lecture 9 .pdf, page 8, chunk 9bafece4e6fe;Lecture 9 .pdf, page 11, chunk 4c35a4818d76;Lecture 7(1).pdf, page 7, chunk d51e1f8f461c;Lecture 7(1).pdf, page 5, chunk 3cb9ec28687f;Lecture 7(1).pdf, page 43, chunk 99d421eb3c97",ollama,qwen2.5:3b,6.546315583007527,3,1495,318,"route={""in_scope"": ""yes"", ""question_type"": ""calculation"", ""lecture_topic"": ""training_time_and_performance"", ""search_query"": ""Lecture 7 recurrent neural network Why can PixelRNN generation be slow?""}",0.5,1.0,1,,,auto-score; manually sanity-check before final submission
E058,comparison,L9,Why can PixelRNN generation be slow?,"PixelRNN generates pixels sequentially, so both training or inference can be slow compared with more parallel methods.",Lecture 9 PixelRNN,sequentially;slow;generation,no,answer,A1_full_without_router,"PixelRNN generation can be slow due to its dependency on previous pixels, as stated in Evidence [Evidence 2].

Key Course Terms: PixelRNN, Diagonal LSTM, Recurrent Neural Network (RNN), Long Short-Term Memory (LSTM)

Explanation:
The mechanism behind the slowness of PixelRNN is attributed to its use of a Diagonal LSTM model. This model inherently depends on previous pixels for generating new ones, which introduces sequential dependencies that are computationally expensive and slow during both training and inference phases.

Evidence: [Evidence 1], [Evidence 2]",9bafece4e6fe;4c35a4818d76;d51e1f8f461c;3cb9ec28687f;99d421eb3c97,"Lecture 9 .pdf, page 8, chunk 9bafece4e6fe;Lecture 9 .pdf, page 11, chunk 4c35a4818d76;Lecture 7(1).pdf, page 7, chunk d51e1f8f461c;Lecture 7(1).pdf, page 5, chunk 3cb9ec28687f;Lecture 7(1).pdf, page 43, chunk 99d421eb3c97",ollama,qwen2.5:3b,5.481935333002184,2,1344,254,"route={""in_scope"": ""yes"", ""question_type"": ""comparison"", ""lecture_topic"": ""Lecture 7 recurrent neural network"", ""search_query"": ""Lecture 7 recurrent neural network Why can PixelRNN generation be slow?""}",0.5,1.0,1,,,auto-score; manually sanity-check before final submission
E058,comparison,L9,Why can PixelRNN generation be slow?,"PixelRNN generates pixels sequentially, so both training or inference can be slow compared with more parallel methods.",Lecture 9 PixelRNN,sequentially;slow;generation,no,answer,A2_full_without_verifier,"PixelRNN generation can be slow due to its dependency on previous pixels, as stated in Evidence [Evidence 2].

Key Course Terms: PixelRNN, Diagonal LSTM, Recurrent Neural Network (RNN), Long Short-Term Memory (LSTM)

Explanation:
The mechanism behind the slowness of PixelRNN is attributed to its use of a Diagonal LSTM model. This model inherently depends on previous pixels for generating new ones, which introduces sequential dependencies that are computationally expensive and slow during both training and inference phases.

Evidence: [Evidence 1], [Evidence 2]",9bafece4e6fe;4c35a4818d76;d51e1f8f461c;3cb9ec28687f;99d421eb3c97,"Lecture 9 .pdf, page 8, chunk 9bafece4e6fe;Lecture 9 .pdf, page 11, chunk 4c35a4818d76;Lecture 7(1).pdf, page 7, chunk d51e1f8f461c;Lecture 7(1).pdf, page 5, chunk 3cb9ec28687f;Lecture 7(1).pdf, page 43, chunk 99d421eb3c97",ollama,qwen2.5:3b,4.010170750007092,2,682,217,"route={""in_scope"": ""yes"", ""question_type"": ""calculation"", ""lecture_topic"": ""training_time_and_performance"", ""search_query"": ""Lecture 7 recurrent neural network Why can PixelRNN generation be slow?""}",0.5,1.0,1,,,auto-score; manually sanity-check before final submission
E058,comparison,L9,Why can PixelRNN generation be slow?,"PixelRNN generates pixels sequentially, so both training or inference can be slow compared with more parallel methods.",Lecture 9 PixelRNN,sequentially;slow;generation,no,answer,A3_full_topk2,"Direct Answer: PixelRNN generation can be slow due to its dependency on previous pixels, which requires the model to process each pixel sequentially.

Key Terms:
Diagonal LSTM

Mechanism/Cause:
Sequential processing of pixels by Diagonal LSTM leads to slow generation times in both training and inference.

Evidence:
[Evidence 1], [Evidence 2]",9bafece4e6fe;4c35a4818d76,"Lecture 9 .pdf, page 8, chunk 9bafece4e6fe;Lecture 9 .pdf, page 11, chunk 4c35a4818d76",ollama,qwen2.5:3b,5.037950040998112,3,1070,246,"route={""in_scope"": ""yes"", ""question_type"": ""calculation"", ""lecture_topic"": ""training_time_and_performance"", ""search_query"": ""Lecture 7 recurrent neural network Why can PixelRNN generation be slow?""}",1.0,1.0,1,,,auto-score; manually sanity-check before final submission
E058,comparison,L9,Why can PixelRNN generation be slow?,"PixelRNN generates pixels sequentially, so both training or inference can be slow compared with more parallel methods.",Lecture 9 PixelRNN,sequentially;slow;generation,no,answer,A4_full_without_calculation_guard,"PixelRNN generation can be slow due to its dependency on previous pixels, as stated in Evidence [Evidence 2].

Key Course Terms: PixelRNN, Diagonal LSTM, Recurrent Neural Network (RNN), Long Short-Term Memory (LSTM)

Explanation:
The mechanism behind the slowness of PixelRNN is attributed to its use of a Diagonal LSTM model. This model inherently depends on previous pixels for generating new ones, which introduces sequential dependencies that are computationally expensive and slow during both training and inference phases.

Evidence: [Evidence 1], [Evidence 2]",9bafece4e6fe;4c35a4818d76;d51e1f8f461c;3cb9ec28687f;99d421eb3c97,"Lecture 9 .pdf, page 8, chunk 9bafece4e6fe;Lecture 9 .pdf, page 11, chunk 4c35a4818d76;Lecture 7(1).pdf, page 7, chunk d51e1f8f461c;Lecture 7(1).pdf, page 5, chunk 3cb9ec28687f;Lecture 7(1).pdf, page 43, chunk 99d421eb3c97",ollama,qwen2.5:3b,6.546315583007527,3,1495,318,"route={""in_scope"": ""yes"", ""question_type"": ""calculation"", ""lecture_topic"": ""training_time_and_performance"", ""search_query"": ""Lecture 7 recurrent neural network Why can PixelRNN generation be slow?""}",0.5,1.0,1,,,auto-score; manually sanity-check before final submission
E059,unanswerable,L2-L9,What exact questions will appear in the final exam?,The available materials do not provide the exact final exam questions.,Course materials scope,not enough information;exact final exam,no,refuse,V0_baseline_single_call,Not enough information in the provided course materials.,,,ollama,qwen2.5:3b,0.8461255830006849,1,92,14,,1.0,1.0,0,,1,auto-score; manually sanity-check before final submission
E059,unanswerable,L2-L9,What exact questions will appear in the final exam?,The available materials do not provide the exact final exam questions.,Course materials scope,not enough information;exact final exam,no,refuse,V1_retrieval_only,"Answer:
The exact mathematical formulation that describes the relationship between wine price and age will not appear in the final exam.

Key terms: Machine Learning, Linear Regression

Evidence: 
[Evidence 3], [Evidence 4]",dd79492c0634;4912c313171b;c21058527fdf;553b153b0af9;48d0dafb390b,"T3-Machine Learning Development_Q.pdf, page 24, chunk dd79492c0634;T3-Machine Learning Development_Q.pdf, page 23, chunk 4912c313171b;Lecture2-2026-COMP5541(1).pdf, page 65, chunk c21058527fdf;Lecture 8(2).pdf, page 2, chunk 553b153b0af9;Lecture 6(2).pdf, page 2, chunk 48d0dafb390b",ollama,qwen2.5:3b,2.697028249996947,1,1058,55,,0.0,1.0,0,,0,auto-score; manually sanity-check before final submission
E059,unanswerable,L2-L9,What exact questions will appear in the final exam?,The available materials do not provide the exact final exam questions.,Course materials scope,not enough information;exact final exam,no,refuse,V2_router_rewrite_retrieval,"Exact questions that will appear in the final exam are: True or False questions, Multiple-choice questions, and Problem-solving questions covering material from Lectures 4 and 5.

Key course terms:
- True or False questions
- Multiple-choice questions
- Problem-solving questions
- Lectures 4 and 5

Evidence:
[Evidence 3]
[Evidence 4]",dd79492c0634;4912c313171b;48d0dafb390b;c21058527fdf;553b153b0af9,"T3-Machine Learning Development_Q.pdf, page 24, chunk dd79492c0634;T3-Machine Learning Development_Q.pdf, page 23, chunk 4912c313171b;Lecture 6(2).pdf, page 2, chunk 48d0dafb390b;Lecture2-2026-COMP5541(1).pdf, page 65, chunk c21058527fdf;Lecture 8(2).pdf, page 2, chunk 553b153b0af9",ollama,qwen2.5:3b,3.815686083999026,2,1214,115,"route={'in_scope': 'no', 'question_type': 'unanswerable', 'lecture_topic': '', 'search_query': 'COMP5541 Lectures 2-9 What exact questions will appear in the final exam?'}",0.0,1.0,0,,0,auto-score; manually sanity-check before final submission
E059,unanswerable,L2-L9,What exact questions will appear in the final exam?,The available materials do not provide the exact final exam questions.,Course materials scope,not enough information;exact final exam,no,refuse,V3_retrieval_verifier,"Answer:
The exact mathematical formulation that describes the relationship between wine price and age will not appear in the final exam.

Key terms: Machine Learning, Linear Regression

Evidence: 
[Evidence 3], [Evidence 4]",dd79492c0634;4912c313171b;c21058527fdf;553b153b0af9;48d0dafb390b,"T3-Machine Learning Development_Q.pdf, page 24, chunk dd79492c0634;T3-Machine Learning Development_Q.pdf, page 23, chunk 4912c313171b;Lecture2-2026-COMP5541(1).pdf, page 65, chunk c21058527fdf;Lecture 8(2).pdf, page 2, chunk 553b153b0af9;Lecture 6(2).pdf, page 2, chunk 48d0dafb390b",ollama,qwen2.5:3b,5.590773957992496,2,2310,103,draft_then_verifier_rejected_overcorrection,0.0,1.0,0,,0,auto-score; manually sanity-check before final submission
E059,unanswerable,L2-L9,What exact questions will appear in the final exam?,The available materials do not provide the exact final exam questions.,Course materials scope,not enough information;exact final exam,no,refuse,V4_full_router_retrieval_verifier,not enough information in the provided course materials,,,ollama,qwen2.5:3b,1.214192750998336,2,317,45,"route={""in_scope"": ""no"", ""question_type"": ""unanswerable"", ""lecture_topic"": """", ""search_query"": ""COMP5541 Lectures 2-9 What exact questions will appear in the final exam?""}",1.0,1.0,0,,1,auto-score; manually sanity-check before final submission
E059,unanswerable,L2-L9,What exact questions will appear in the final exam?,The available materials do not provide the exact final exam questions.,Course materials scope,not enough information;exact final exam,no,refuse,A1_full_without_router,"Exact questions that will appear in the final exam are: True or False questions, Multiple-choice questions, and Problem-solving questions covering material from Lectures 4 and 5.

Key course terms:
- True or False questions
- Multiple-choice questions
- Problem-solving questions
- Lectures 4 and 5

Evidence:
[Evidence 3]
[Evidence 4]",dd79492c0634;4912c313171b;48d0dafb390b;c21058527fdf;553b153b0af9,"T3-Machine Learning Development_Q.pdf, page 24, chunk dd79492c0634;T3-Machine Learning Development_Q.pdf, page 23, chunk 4912c313171b;Lecture 6(2).pdf, page 2, chunk 48d0dafb390b;Lecture2-2026-COMP5541(1).pdf, page 65, chunk c21058527fdf;Lecture 8(2).pdf, page 2, chunk 553b153b0af9",ollama,qwen2.5:3b,5.8475879580000765,2,2338,135,"route={""in_scope"": ""yes"", ""question_type"": ""concept"", ""lecture_topic"": ""COMP5541 Lectures 2-9"", ""search_query"": ""COMP5541 Lectures 2-9 What exact questions will appear in the final exam?""}",0.0,1.0,0,,0,auto-score; manually sanity-check before final submission
E059,unanswerable,L2-L9,What exact questions will appear in the final exam?,The available materials do not provide the exact final exam questions.,Course materials scope,not enough information;exact final exam,no,refuse,A2_full_without_verifier,not enough information in the provided course materials,,,ollama,qwen2.5:3b,1.214192750998336,2,317,45,"route={""in_scope"": ""no"", ""question_type"": ""unanswerable"", ""lecture_topic"": """", ""search_query"": ""COMP5541 Lectures 2-9 What exact questions will appear in the final exam?""}",1.0,1.0,0,,1,auto-score; manually sanity-check before final submission
E059,unanswerable,L2-L9,What exact questions will appear in the final exam?,The available materials do not provide the exact final exam questions.,Course materials scope,not enough information;exact final exam,no,refuse,A3_full_topk2,not enough information in the provided course materials,,,ollama,qwen2.5:3b,1.214192750998336,2,317,45,"route={""in_scope"": ""no"", ""question_type"": ""unanswerable"", ""lecture_topic"": """", ""search_query"": ""COMP5541 Lectures 2-9 What exact questions will appear in the final exam?""}",1.0,1.0,0,,1,auto-score; manually sanity-check before final submission
E059,unanswerable,L2-L9,What exact questions will appear in the final exam?,The available materials do not provide the exact final exam questions.,Course materials scope,not enough information;exact final exam,no,refuse,A4_full_without_calculation_guard,not enough information in the provided course materials,,,ollama,qwen2.5:3b,1.214192750998336,2,317,45,"route={""in_scope"": ""no"", ""question_type"": ""unanswerable"", ""lecture_topic"": """", ""search_query"": ""COMP5541 Lectures 2-9 What exact questions will appear in the final exam?""}",1.0,1.0,0,,1,auto-score; manually sanity-check before final submission
E060,unanswerable,L2-L9,What private comments did the instructor make about grading after class?,"The available course materials do not contain private after-class comments, so the system should refuse to invent them.",Course materials scope,not enough information;private comments,no,refuse,V0_baseline_single_call,Not enough information in the provided course materials.,,,ollama,qwen2.5:3b,0.2919762499986973,1,97,14,,1.0,1.0,0,,1,auto-score; manually sanity-check before final submission
E060,unanswerable,L2-L9,What private comments did the instructor make about grading after class?,"The available course materials do not contain private after-class comments, so the system should refuse to invent them.",Course materials scope,not enough information;private comments,no,refuse,V1_retrieval_only,"not enough information in the provided course materials

Evidence:
[Evidence 1]
[Evidence 2]",1183eb715506;82d134ae4505;380523a60066;32eeef62bdbb;75a107ea4b8a,"T3-Machine Learning Development_Q.pdf, page 16, chunk 1183eb715506;T3-Machine Learning Development_Q.pdf, page 11, chunk 82d134ae4505;Lecture 8(2).pdf, page 61, chunk 380523a60066;Lecture3-2026.pdf, page 21, chunk 32eeef62bdbb;Lecture 4.pdf, page 47, chunk 75a107ea4b8a",ollama,qwen2.5:3b,2.081648667000991,1,1099,23,,1.0,1.0,0,,1,auto-score; manually sanity-check before final submission
E060,unanswerable,L2-L9,What private comments did the instructor make about grading after class?,"The available course materials do not contain private after-class comments, so the system should refuse to invent them.",Course materials scope,not enough information;private comments,no,refuse,V2_router_rewrite_retrieval,"not enough information in the provided course materials

Evidence:
[Evidence 1]
[Evidence 2]",1183eb715506;82d134ae4505;48d0dafb390b;3f5e6c0832e7;bbfe6e72d6ae,"T3-Machine Learning Development_Q.pdf, page 16, chunk 1183eb715506;T3-Machine Learning Development_Q.pdf, page 11, chunk 82d134ae4505;Lecture 6(2).pdf, page 2, chunk 48d0dafb390b;T4-pytorch.pdf, page 1, chunk 3f5e6c0832e7;Lecture 9 .pdf, page 1, chunk bbfe6e72d6ae",ollama,qwen2.5:3b,2.3006722499994794,2,1078,50,"route={'in_scope': 'no', 'question_type': 'unanswerable', 'lecture_topic': '', 'search_query': 'COMP5541 Lectures 2-9 What private comments did the instructor make about grading after class?'}",1.0,1.0,0,,1,auto-score; manually sanity-check before final submission
E060,unanswerable,L2-L9,What private comments did the instructor make about grading after class?,"The available course materials do not contain private after-class comments, so the system should refuse to invent them.",Course materials scope,not enough information;private comments,no,refuse,V3_retrieval_verifier,"not enough information in the provided course materials

Evidence: [Evidence 1], [Evidence 2]",1183eb715506;82d134ae4505;380523a60066;32eeef62bdbb;75a107ea4b8a,"T3-Machine Learning Development_Q.pdf, page 16, chunk 1183eb715506;T3-Machine Learning Development_Q.pdf, page 11, chunk 82d134ae4505;Lecture 8(2).pdf, page 61, chunk 380523a60066;Lecture3-2026.pdf, page 21, chunk 32eeef62bdbb;Lecture 4.pdf, page 47, chunk 75a107ea4b8a",ollama,qwen2.5:3b,4.402875042003871,2,2365,46,draft_then_verifier,1.0,1.0,0,,1,auto-score; manually sanity-check before final submission
E060,unanswerable,L2-L9,What private comments did the instructor make about grading after class?,"The available course materials do not contain private after-class comments, so the system should refuse to invent them.",Course materials scope,not enough information;private comments,no,refuse,V4_full_router_retrieval_verifier,not enough information in the provided course materials,,,ollama,qwen2.5:3b,1.0747382090012252,2,327,40,"route={""in_scope"": ""no"", ""question_type"": ""unanswerable"", ""lecture_topic"": """", ""search_query"": ""COMP5541 Lectures 2-9 What private comments did the instructor make about grading after class?""}",1.0,1.0,0,,1,auto-score; manually sanity-check before final submission
E060,unanswerable,L2-L9,What private comments did the instructor make about grading after class?,"The available course materials do not contain private after-class comments, so the system should refuse to invent them.",Course materials scope,not enough information;private comments,no,refuse,A1_full_without_router,"not enough information in the provided course materials

Evidence: [Evidence 1], [Evidence 2]",1183eb715506;82d134ae4505;48d0dafb390b;3f5e6c0832e7;bbfe6e72d6ae,"T3-Machine Learning Development_Q.pdf, page 16, chunk 1183eb715506;T3-Machine Learning Development_Q.pdf, page 11, chunk 82d134ae4505;Lecture 6(2).pdf, page 2, chunk 48d0dafb390b;T4-pytorch.pdf, page 1, chunk 3f5e6c0832e7;Lecture 9 .pdf, page 1, chunk bbfe6e72d6ae",ollama,qwen2.5:3b,3.459593416999269,2,2001,46,"route={""in_scope"": ""yes"", ""question_type"": ""concept"", ""lecture_topic"": ""COMP5541 Lectures 2-9"", ""search_query"": ""COMP5541 Lectures 2-9 What private comments did the instructor make about grading after class?""}",1.0,1.0,0,,1,auto-score; manually sanity-check before final submission
E060,unanswerable,L2-L9,What private comments did the instructor make about grading after class?,"The available course materials do not contain private after-class comments, so the system should refuse to invent them.",Course materials scope,not enough information;private comments,no,refuse,A2_full_without_verifier,not enough information in the provided course materials,,,ollama,qwen2.5:3b,1.0747382090012252,2,327,40,"route={""in_scope"": ""no"", ""question_type"": ""unanswerable"", ""lecture_topic"": """", ""search_query"": ""COMP5541 Lectures 2-9 What private comments did the instructor make about grading after class?""}",1.0,1.0,0,,1,auto-score; manually sanity-check before final submission
E060,unanswerable,L2-L9,What private comments did the instructor make about grading after class?,"The available course materials do not contain private after-class comments, so the system should refuse to invent them.",Course materials scope,not enough information;private comments,no,refuse,A3_full_topk2,not enough information in the provided course materials,,,ollama,qwen2.5:3b,1.0747382090012252,2,327,40,"route={""in_scope"": ""no"", ""question_type"": ""unanswerable"", ""lecture_topic"": """", ""search_query"": ""COMP5541 Lectures 2-9 What private comments did the instructor make about grading after class?""}",1.0,1.0,0,,1,auto-score; manually sanity-check before final submission
E060,unanswerable,L2-L9,What private comments did the instructor make about grading after class?,"The available course materials do not contain private after-class comments, so the system should refuse to invent them.",Course materials scope,not enough information;private comments,no,refuse,A4_full_without_calculation_guard,not enough information in the provided course materials,,,ollama,qwen2.5:3b,1.0747382090012252,2,327,40,"route={""in_scope"": ""no"", ""question_type"": ""unanswerable"", ""lecture_topic"": """", ""search_query"": ""COMP5541 Lectures 2-9 What private comments did the instructor make about grading after class?""}",1.0,1.0,0,,1,auto-score; manually sanity-check before final submission
